trial_id,gust_intensity,trial_index_within_gust_level,efficiency,voxels_covered,final_step_coverage_rate,mean_coverage_rate_across_steps,std_coverage_rate_across_steps
1,0,0,0.24022222222222223,5405,0.24022222222222223,0.3044674023951676,0.08745990953519127
2,0,1,0.23013333333333333,5178,0.23013333333333333,0.2850389468813113,0.08007258078516573
3,0,2,0.24297777777777776,5467,0.24297777777777776,0.3066746640647516,0.08741858693697929
4,0,3,0.23528888888888888,5294,0.23528888888888888,0.2985126123679757,0.08537544814550162
5,0,4,0.23257777777777777,5233,0.23257777777777777,0.2939101754677897,0.08277624344150927
6,0,5,0.23093333333333332,5196,0.23093333333333332,0.2981621073637955,0.08500657447827074
7,0,6,0.21875555555555556,4922,0.21875555555555556,0.2779029868628305,0.07910204423579116
8,0,7,0.22657777777777777,5098,0.22657777777777777,0.2885238022751083,0.08273245898404938
9,0,8,0.2336,5256,0.2336,0.29560666580737,0.0856025013890426
10,0,9,0.2412,5427,0.2412,0.3020425320776601,0.08439837115249854
11,0,10,0.23595555555555556,5309,0.23595555555555556,0.30051118958493667,0.08514988203989443
12,0,11,0.23533333333333334,5295,0.23533333333333334,0.2940625759647093,0.08406234217386122
13,0,12,0.23066666666666666,5190,0.23066666666666666,0.2886211623535207,0.08234256455703236
14,0,13,0.23182222222222224,5216,0.23182222222222224,0.2950902137352275,0.08272753852501746
15,0,14,0.24008888888888888,5402,0.24008888888888888,0.30809843640603657,0.08825541322512481
16,0,15,0.2290222222222222,5153,0.2290222222222222,0.2821191972061437,0.07783140772619343
17,0,16,0.23137777777777777,5206,0.23137777777777777,0.28476558240538047,0.07919895843980373
18,0,17,0.23453333333333334,5277,0.23453333333333334,0.2963846284751521,0.0834114224508705
19,0,18,0.22804444444444444,5131,0.22804444444444444,0.2898338804334388,0.08184456033540667
20,0,19,0.24862222222222222,5594,0.24862222222222222,0.31539372055819254,0.09291635123796807
21,0,20,0.2499111111111111,5623,0.2499111111111111,0.31212450137572156,0.08817313914309102
22,0,21,0.22862222222222223,5144,0.22862222222222223,0.28050594198916107,0.07612753528941081
23,0,22,0.234,5265,0.234,0.2970726880691633,0.08702008466056622
24,0,23,0.2267111111111111,5101,0.2267111111111111,0.2901993987069431,0.08116840197184097
25,0,24,0.2427111111111111,5461,0.2427111111111111,0.29945172738752096,0.08390582105658972
26,0,25,0.2336,5256,0.2336,0.29189095007947474,0.08203520683446591
27,0,26,0.23555555555555555,5300,0.23555555555555555,0.2984703440577546,0.08429753635466941
28,0,27,0.22813333333333333,5133,0.22813333333333333,0.2920871927947714,0.08578196611488038
29,0,28,0.22906666666666667,5154,0.22906666666666667,0.28150781117301266,0.07621832107660483
30,0,29,0.23506666666666667,5289,0.23506666666666667,0.29852650799319635,0.08537793499714619
31,0,30,0.23853333333333335,5367,0.23853333333333335,0.3060635628905908,0.08892661044374009
32,0,31,0.23902222222222222,5378,0.23902222222222222,0.30507648399933807,0.08806802974134098
33,0,32,0.2252,5067,0.2252,0.28728844899386924,0.08340901939330679
34,0,33,0.25062222222222225,5639,0.25062222222222225,0.3137995510801885,0.08777368178110787
35,0,34,0.23026666666666668,5181,0.23026666666666668,0.29715359781821166,0.08577017369289631
36,0,35,0.23937777777777777,5386,0.23937777777777777,0.306474020512106,0.0882522907869456
37,0,36,0.24093333333333333,5421,0.24093333333333333,0.3019614037983836,0.0844622365772589
38,0,37,0.23666666666666666,5325,0.23666666666666666,0.2955223009862847,0.0825869831770435
39,0,38,0.23604444444444445,5311,0.23604444444444445,0.296478196011954,0.08483378582178511
40,0,39,0.2320888888888889,5222,0.2320888888888889,0.29144530212215963,0.08210915492539045
41,0,40,0.2273777777777778,5116,0.2273777777777778,0.2805282168937923,0.07660409818878046
42,0,41,0.23502222222222222,5288,0.23502222222222222,0.2941268883448562,0.0812823895762018
43,0,42,0.2255111111111111,5074,0.2255111111111111,0.28530411838599096,0.08256491800929337
44,0,43,0.2408,5418,0.2408,0.30861184966055516,0.08783723673822506
45,0,44,0.23404444444444444,5266,0.23404444444444444,0.29360778593115394,0.08259383448526876
46,0,45,0.22626666666666667,5091,0.22626666666666667,0.288665893944138,0.08274615579411611
47,0,46,0.2348,5283,0.2348,0.29946871891244115,0.0885111162073799
48,0,47,0.2308888888888889,5195,0.2308888888888889,0.29026983195374945,0.07992235592901518
49,0,48,0.23333333333333334,5250,0.23333333333333334,0.2924710480755462,0.07795592878155615
50,0,49,0.24031111111111111,5407,0.24031111111111111,0.30234721308417783,0.08504506568950466
51,0,50,0.23804444444444445,5356,0.23804444444444445,0.30091257823456924,0.08679095194275209
52,0,51,0.23702222222222222,5333,0.23702222222222222,0.2950243710570057,0.08410035330508153
53,0,52,0.24004444444444445,5401,0.24004444444444445,0.30184559834443425,0.08637956182984419
54,0,53,0.2457777777777778,5530,0.2457777777777778,0.31841473912359824,0.09288415435394427
55,0,54,0.23657777777777778,5323,0.23657777777777778,0.29447729671112116,0.08443982809344786
56,0,55,0.24004444444444445,5401,0.24004444444444445,0.30440551645127234,0.08736490864052346
57,0,56,0.2404888888888889,5411,0.2404888888888889,0.3005025470944626,0.08292378467192599
58,0,57,0.2288888888888889,5150,0.2288888888888889,0.28870330174724584,0.08162539375910721
59,0,58,0.24355555555555555,5480,0.24355555555555555,0.3056378608726657,0.08775194201082781
60,0,59,0.2364,5319,0.2364,0.2980645699458678,0.08632279443274951
61,0,60,0.23164444444444443,5212,0.23164444444444443,0.2962819893207372,0.08737567570998823
62,0,61,0.23928888888888888,5384,0.23928888888888888,0.29955367446812514,0.08405159177170228
63,0,62,0.23515555555555556,5291,0.23515555555555556,0.29670644287121123,0.08587257996646781
64,0,63,0.2404,5409,0.2404,0.3018182916321736,0.08740333861672551
65,0,64,0.23284444444444444,5239,0.23284444444444444,0.28225284889057245,0.07568377465356725
66,0,65,0.23355555555555554,5255,0.23355555555555554,0.293013308593614,0.08053310383636673
67,0,66,0.23808888888888888,5357,0.23808888888888888,0.2987932475583684,0.08499928709336876
68,0,67,0.2320888888888889,5222,0.2320888888888889,0.28986218985858964,0.08096855936837645
69,0,68,0.24284444444444445,5464,0.24284444444444445,0.307127212011303,0.08900131209624623
70,0,69,0.2436,5481,0.2436,0.3060958538137598,0.08627607552364365
71,0,70,0.24844444444444444,5590,0.24844444444444444,0.3165183500010952,0.09115153951677504
72,0,71,0.23902222222222222,5378,0.23902222222222222,0.2983803923250781,0.08277108320266667
73,0,72,0.23662222222222223,5324,0.23662222222222223,0.2904891569044131,0.07845989261234276
74,0,73,0.2344,5274,0.2344,0.29662645819325767,0.0833640993389673
75,0,74,0.2468,5553,0.2468,0.30766888290730576,0.08698372749129679
76,0,75,0.23955555555555555,5390,0.23955555555555555,0.3028669087018154,0.08630704680525128
77,0,76,0.23746666666666666,5343,0.23746666666666666,0.2997094368106341,0.08406511486334715
78,0,77,0.23835555555555554,5363,0.23835555555555554,0.30770941346324787,0.08906999682179702
79,0,78,0.23324444444444445,5248,0.23324444444444445,0.29327776730247523,0.08168015582557216
80,0,79,0.23755555555555555,5345,0.23755555555555555,0.29064736700146615,0.07998091370639648
81,0,80,0.23715555555555556,5336,0.23715555555555556,0.2938970789239482,0.08204812218676755
82,0,81,0.2283111111111111,5137,0.2283111111111111,0.2813102040842101,0.07674775158810901
83,0,82,0.24506666666666665,5514,0.24506666666666665,0.31737673674773687,0.09508642170213177
84,0,83,0.23071111111111112,5191,0.23071111111111112,0.2969299679886843,0.08660613688044828
85,0,84,0.22857777777777777,5143,0.22857777777777777,0.28609458844560326,0.08182681726536024
86,0,85,0.2404888888888889,5411,0.2404888888888889,0.2989121374488114,0.08454072688959406
87,0,86,0.2328888888888889,5240,0.2328888888888889,0.2986012518024822,0.08764570042291626
88,0,87,0.23293333333333333,5241,0.23293333333333333,0.2906817131161057,0.08210113130942173
89,0,88,0.24128888888888889,5429,0.24128888888888889,0.30131236508091075,0.08266072690198033
90,0,89,0.24124444444444446,5428,0.24124444444444446,0.30654010755764705,0.08925024144727872
91,0,90,0.24044444444444443,5410,0.24044444444444443,0.3020218381150923,0.08746144154327244
92,0,91,0.23435555555555557,5273,0.23435555555555557,0.299049887584853,0.08624679178671957
93,0,92,0.22484444444444446,5059,0.22484444444444446,0.28486037467900727,0.08086155114058541
94,0,93,0.23808888888888888,5357,0.23808888888888888,0.29835219516121064,0.08453887645748888
95,0,94,0.238,5355,0.238,0.3000774708499836,0.0863359235884758
96,0,95,0.23822222222222222,5360,0.23822222222222222,0.3038761737129258,0.08782351942503377
97,0,96,0.2295111111111111,5164,0.2295111111111111,0.2897307961693141,0.08112794428779584
98,0,97,0.23653333333333335,5322,0.23653333333333335,0.2991968279772035,0.08543581365649168
99,0,98,0.23657777777777778,5323,0.23657777777777778,0.30127290818807256,0.08265660947367823
100,0,99,0.2364888888888889,5321,0.2364888888888889,0.2968544531805142,0.08333396870382402
101,0,100,0.23737777777777777,5341,0.23737777777777777,0.29762356966402026,0.08165491388080501
102,0,101,0.23266666666666666,5235,0.23266666666666666,0.29940127831700747,0.0865327045507051
103,0,102,0.24373333333333333,5484,0.24373333333333333,0.314510586501909,0.09280463615195973
104,0,103,0.23164444444444443,5212,0.23164444444444443,0.2786862930065,0.07462949167700136
105,0,104,0.22226666666666667,5001,0.22226666666666667,0.28194826128013156,0.07768653220901658
106,0,105,0.2233777777777778,5026,0.2233777777777778,0.2870200687332535,0.0826650283811238
107,0,106,0.24306666666666665,5469,0.24306666666666665,0.31271095429984164,0.08965497636482767
108,0,107,0.22457777777777777,5053,0.22457777777777777,0.29297560732920125,0.08460216919331694
109,0,108,0.24297777777777776,5467,0.24297777777777776,0.31155327195919996,0.09131845501233544
110,0,109,0.2439111111111111,5488,0.2439111111111111,0.3097961679644086,0.088006921887928
111,0,110,0.23915555555555557,5381,0.23915555555555557,0.3008418293235632,0.08441600571071105
112,0,111,0.23435555555555557,5273,0.23435555555555557,0.29521974550693564,0.08329340595737918
113,0,112,0.24008888888888888,5402,0.24008888888888888,0.3017628973066826,0.08551358057492965
114,0,113,0.23253333333333334,5232,0.23253333333333334,0.28634494519012,0.07853574157498777
115,0,114,0.2336888888888889,5258,0.2336888888888889,0.2892740982702204,0.07904291813038049
116,0,115,0.24164444444444444,5437,0.24164444444444444,0.3109075083320666,0.09296464676951222
117,0,116,0.22555555555555556,5075,0.22555555555555556,0.28323112818356755,0.08000844173499085
118,0,117,0.23124444444444445,5203,0.23124444444444445,0.2950320016049722,0.08567616094258236
119,0,118,0.24004444444444445,5401,0.24004444444444445,0.30404885820745664,0.08632847813528056
120,0,119,0.2512,5652,0.2512,0.32124180730150204,0.0939088066040409
121,0,120,0.23044444444444445,5185,0.23044444444444445,0.2966850425471096,0.08530760948979445
122,0,121,0.23804444444444445,5356,0.23804444444444445,0.3045386911161673,0.08784831219239553
123,0,122,0.24213333333333334,5448,0.24213333333333334,0.3104137155674558,0.088810637289931
124,0,123,0.23355555555555554,5255,0.23355555555555554,0.2952886379292021,0.08275817457116977
125,0,124,0.2236,5031,0.2236,0.2829765349758826,0.08220891642178425
126,0,125,0.24413333333333334,5493,0.24413333333333334,0.30313947666313773,0.08339562373471271
127,0,126,0.2392,5382,0.2392,0.30216108922663,0.08481562765598279
128,0,127,0.23795555555555556,5354,0.23795555555555556,0.2991645486331747,0.08534416142477216
129,0,128,0.23693333333333333,5331,0.23693333333333333,0.2971759866494148,0.08428270792996224
130,0,129,0.23795555555555556,5354,0.23795555555555556,0.3078469289635462,0.08881805795145599
131,0,130,0.23364444444444443,5257,0.23364444444444443,0.2906035184384831,0.08068803641948095
132,0,131,0.2416888888888889,5438,0.2416888888888889,0.2998660671064204,0.08258137754380228
133,0,132,0.22613333333333333,5088,0.22613333333333333,0.2912981316987964,0.08221086613695774
134,0,133,0.24208888888888888,5447,0.24208888888888888,0.310054110907203,0.09140876719180892
135,0,134,0.23995555555555556,5399,0.23995555555555556,0.29610690932418987,0.08403837004316617
136,0,135,0.24697777777777777,5557,0.24697777777777777,0.3117873041970354,0.08828151175483934
137,0,136,0.23751111111111112,5344,0.23751111111111112,0.29128350305923517,0.07709227257898772
138,0,137,0.24106666666666668,5424,0.24106666666666668,0.30175200593919216,0.08504840616876991
139,0,138,0.24431111111111112,5497,0.24431111111111112,0.30470645655869516,0.0842258489125498
140,0,139,0.22093333333333334,4971,0.22093333333333334,0.28077433117541895,0.08110530833759727
141,0,140,0.24453333333333332,5502,0.24453333333333332,0.3108861439212452,0.09018766366113928
142,0,141,0.23537777777777777,5296,0.23537777777777777,0.2930854874141733,0.08011237554414126
143,0,142,0.24911111111111112,5605,0.24911111111111112,0.32064531451519285,0.09257929265082088
144,0,143,0.23937777777777777,5386,0.23937777777777777,0.2999249053389587,0.08386288257885326
145,0,144,0.23493333333333333,5286,0.23493333333333333,0.3028419817765874,0.087541984573966
146,0,145,0.23466666666666666,5280,0.23466666666666666,0.3013876200544544,0.08613402041731281
147,0,146,0.23271111111111112,5236,0.23271111111111112,0.29457579458809285,0.08347373930796964
148,0,147,0.23964444444444444,5392,0.23964444444444444,0.3018476622366491,0.08420660056358263
149,0,148,0.23155555555555554,5210,0.23155555555555554,0.29034525202968486,0.08254201953343458
150,0,149,0.234,5265,0.234,0.29073261098647396,0.08130741679399107
151,0,150,0.2444,5499,0.2444,0.31330643979907613,0.0906820105635554
152,0,151,0.23142222222222222,5207,0.23142222222222222,0.2847055079857808,0.07839694759327026
153,0,152,0.2339111111111111,5263,0.2339111111111111,0.2982151947361792,0.08843639164294065
154,0,153,0.23106666666666667,5199,0.23106666666666667,0.29298471164559325,0.08489539180066157
155,0,154,0.23644444444444446,5320,0.23644444444444446,0.299372751340856,0.08516511649230038
156,0,155,0.22355555555555556,5030,0.22355555555555556,0.27216727061914214,0.07295774260633991
157,0,156,0.2255111111111111,5074,0.2255111111111111,0.28340575910747834,0.07964346053682708
158,0,157,0.23533333333333334,5295,0.23533333333333334,0.2936467078953955,0.08315450109828797
159,0,158,0.23986666666666667,5397,0.23986666666666667,0.3103950296763575,0.08892856064281271
160,0,159,0.23115555555555556,5201,0.23115555555555556,0.2851886514556478,0.07878476720648364
161,0,160,0.24235555555555555,5453,0.24235555555555555,0.30819892148710554,0.0883346971657517
162,0,161,0.2416888888888889,5438,0.2416888888888889,0.3071570893876318,0.08876206694437153
163,0,162,0.22711111111111112,5110,0.22711111111111112,0.27354210798422934,0.07254098968794324
164,0,163,0.22786666666666666,5127,0.22786666666666666,0.3006985334074294,0.09106783579630932
165,0,164,0.22884444444444443,5149,0.22884444444444443,0.2937479023745632,0.08421482049543805
166,0,165,0.2447111111111111,5506,0.2447111111111111,0.3092769060995917,0.09141499490945795
167,0,166,0.2332,5247,0.2332,0.3022064377112307,0.08729615351100897
168,0,167,0.2409777777777778,5422,0.2409777777777778,0.3085733585133536,0.09098887289793216
169,0,168,0.2321777777777778,5224,0.2321777777777778,0.29205231867645315,0.08344692229626278
170,0,169,0.24395555555555556,5489,0.24395555555555556,0.3094958102280977,0.08814764094702368
171,0,170,0.24128888888888889,5429,0.24128888888888889,0.3012021023451042,0.0864242107959352
172,0,171,0.23373333333333332,5259,0.23373333333333332,0.29759477582564653,0.08457510571087185
173,0,172,0.2292,5157,0.2292,0.2892264616811804,0.08194026860462045
174,0,173,0.23328888888888888,5249,0.23328888888888888,0.299123439470351,0.08730743936125107
175,0,174,0.2368,5328,0.2368,0.30058890489840295,0.08679670709495567
176,0,175,0.23137777777777777,5206,0.23137777777777777,0.29888219872701655,0.08648917937752508
177,0,176,0.2352,5292,0.2352,0.2983962593439206,0.08530931938321838
178,0,177,0.23035555555555556,5183,0.23035555555555556,0.29238893483413647,0.08443448385971258
179,0,178,0.23702222222222222,5333,0.23702222222222222,0.2962285698923102,0.08300125245769108
180,0,179,0.23502222222222222,5288,0.23502222222222222,0.30115983924582274,0.08877135260516245
181,0,180,0.2283111111111111,5137,0.2283111111111111,0.2835983699401075,0.07656584725000255
182,0,181,0.22973333333333334,5169,0.22973333333333334,0.2937752370045723,0.08228142998032165
183,0,182,0.24408888888888888,5492,0.24408888888888888,0.30096517738784695,0.08667492308083057
184,0,183,0.2428,5463,0.2428,0.3021257717034875,0.08451204659027246
185,0,184,0.23306666666666667,5244,0.23306666666666667,0.28611307929891844,0.08107063366905834
186,0,185,0.23955555555555555,5390,0.23955555555555555,0.30404172079892666,0.08694359286757648
187,0,186,0.24093333333333333,5421,0.24093333333333333,0.3016419596828343,0.08675924098037181
188,0,187,0.24964444444444445,5617,0.24964444444444445,0.31224969723061735,0.08790999428067318
189,0,188,0.24164444444444444,5437,0.24164444444444444,0.3056147142853063,0.09008073055994
190,0,189,0.2272,5112,0.2272,0.2904170760200366,0.0813162209961301
191,0,190,0.2212,4977,0.2212,0.2797124792446766,0.07828958612994205
192,0,191,0.23448888888888889,5276,0.23448888888888889,0.29520597979133006,0.08484008974255088
193,0,192,0.2288888888888889,5150,0.2288888888888889,0.28663099034148887,0.07771579860133788
194,0,193,0.23617777777777776,5314,0.23617777777777776,0.29508538443855914,0.08141888939248447
195,0,194,0.24444444444444444,5500,0.24444444444444444,0.30709074354990956,0.08648828620987974
196,0,195,0.23404444444444444,5266,0.23404444444444444,0.2991571997552623,0.08824500186264489
197,0,196,0.23751111111111112,5344,0.23751111111111112,0.2984489487900609,0.08463842080638906
198,0,197,0.23595555555555556,5309,0.23595555555555556,0.29793707495219773,0.08585859182677116
199,0,198,0.23662222222222223,5324,0.23662222222222223,0.2920337872825644,0.08012085467280632
200,0,199,0.2321777777777778,5224,0.2321777777777778,0.2922547786133434,0.08332545407994689
201,0,200,0.23204444444444444,5221,0.23204444444444444,0.2958867785310097,0.08411659096455985
202,0,201,0.23857777777777778,5368,0.23857777777777778,0.30567459071937475,0.0874316357619805
203,0,202,0.23271111111111112,5236,0.23271111111111112,0.290143653855343,0.0817159015006337
204,0,203,0.22733333333333333,5115,0.22733333333333333,0.2818500711592342,0.07586451470548522
205,0,204,0.22684444444444443,5104,0.22684444444444443,0.28810302612322514,0.08135576260271492
206,0,205,0.2399111111111111,5398,0.2399111111111111,0.30273033957023876,0.0856407780973196
207,0,206,0.23448888888888889,5276,0.23448888888888889,0.295028911708542,0.0832021214650016
208,0,207,0.23733333333333334,5340,0.23733333333333334,0.29350069554084834,0.07884050735965809
209,0,208,0.23693333333333333,5331,0.23693333333333333,0.2965819373026001,0.08298596738156186
210,0,209,0.24204444444444445,5446,0.24204444444444445,0.3087758741399615,0.08806454760772954
211,0,210,0.24044444444444443,5410,0.24044444444444443,0.29960546654823567,0.08409492794216061
212,0,211,0.23377777777777778,5260,0.23377777777777778,0.29797484605915786,0.08472787648757778
213,0,212,0.2222222222222222,5000,0.2222222222222222,0.2850547924542683,0.08397587564229725
214,0,213,0.23457777777777777,5278,0.23457777777777777,0.29049622084616367,0.08145719366666036
215,0,214,0.24013333333333334,5403,0.24013333333333334,0.30309947299879497,0.08657309615046278
216,0,215,0.2428,5463,0.2428,0.30662061706988814,0.08785837447948139
217,0,216,0.23666666666666666,5325,0.23666666666666666,0.29328206759248315,0.08072837630560373
218,0,217,0.22844444444444445,5140,0.22844444444444445,0.2865249314328445,0.08059301125088102
219,0,218,0.23671111111111112,5326,0.23671111111111112,0.2954816308182646,0.08423321736721347
220,0,219,0.23453333333333334,5277,0.23453333333333334,0.2961526141913867,0.08295141298853877
221,0,220,0.23955555555555555,5390,0.23955555555555555,0.30176055593961226,0.0870474095935802
222,0,221,0.2364,5319,0.2364,0.2928985862368155,0.08113019069458288
223,0,222,0.23662222222222223,5324,0.23662222222222223,0.2927577202572666,0.08462905810699685
224,0,223,0.238,5355,0.238,0.3071982867150119,0.08841712016889156
225,0,224,0.23426666666666668,5271,0.23426666666666668,0.2886084112746341,0.08152765129061713
226,0,225,0.23413333333333333,5268,0.23413333333333333,0.29688223940733255,0.08403208211013624
227,0,226,0.2384,5364,0.2384,0.3040885047872795,0.08841704559230537
228,0,227,0.23724444444444445,5338,0.23724444444444445,0.30554932833147574,0.09025237184887462
229,0,228,0.2459111111111111,5533,0.2459111111111111,0.30128460623079195,0.08357667971534163
230,0,229,0.24533333333333332,5520,0.24533333333333332,0.3039579626211314,0.08282830515504247
231,0,230,0.22853333333333334,5142,0.22853333333333334,0.29086061876594055,0.08297446266975236
232,0,231,0.23226666666666668,5226,0.23226666666666668,0.29444958899878276,0.0829340907277215
233,0,232,0.24146666666666666,5433,0.24146666666666666,0.3048959401420809,0.08722210419929635
234,0,233,0.2323111111111111,5227,0.2323111111111111,0.2931772161114203,0.0829641794692698
235,0,234,0.24226666666666666,5451,0.24226666666666666,0.30442577171458235,0.08625759495835851
236,0,235,0.2388,5373,0.2388,0.2990710057907909,0.08559287501776958
237,0,236,0.242,5445,0.242,0.31213144602239057,0.08923766668516939
238,0,237,0.23671111111111112,5326,0.23671111111111112,0.30160031738506465,0.08622112198540356
239,0,238,0.24337777777777778,5476,0.24337777777777778,0.3108379041628254,0.09097460750975483
240,0,239,0.23808888888888888,5357,0.23808888888888888,0.30056769267009886,0.08488158143655515
241,0,240,0.23733333333333334,5340,0.23733333333333334,0.2979293399050807,0.08522504750842068
242,0,241,0.2320888888888889,5222,0.2320888888888889,0.29786673568044697,0.08737918363936979
243,0,242,0.23262222222222223,5234,0.23262222222222223,0.29564158514098493,0.08244172109781477
244,0,243,0.23724444444444445,5338,0.23724444444444445,0.3056552689062871,0.08879830653983098
245,0,244,0.23222222222222222,5225,0.23222222222222222,0.2989796084570001,0.08728437053707973
246,0,245,0.24244444444444443,5455,0.24244444444444443,0.30310091003587303,0.08626230052395477
247,0,246,0.23742222222222223,5342,0.23742222222222223,0.2992082174547672,0.08477756901968764
248,0,247,0.24128888888888889,5429,0.24128888888888889,0.3093426735807702,0.09056978874622336
249,0,248,0.23973333333333333,5394,0.23973333333333333,0.3033884459156902,0.08822972934067459
250,0,249,0.2340888888888889,5267,0.2340888888888889,0.2952969572572565,0.0844764060879268
251,0,250,0.23564444444444443,5302,0.23564444444444443,0.29303496910748245,0.08025087494300397
252,0,251,0.23324444444444445,5248,0.23324444444444445,0.29650716307653796,0.08373065894892472
253,0,252,0.24022222222222223,5405,0.24022222222222223,0.30088274994078207,0.08438224450142175
254,0,253,0.22844444444444445,5140,0.22844444444444445,0.2881738856009693,0.08111771086137953
255,0,254,0.2336,5256,0.2336,0.2910249157825562,0.08100560056872233
256,0,255,0.22897777777777778,5152,0.22897777777777778,0.28144113296154255,0.07726320738551479
257,0,256,0.23586666666666667,5307,0.23586666666666667,0.29784163242144446,0.08483826284182258
258,0,257,0.22573333333333334,5079,0.22573333333333334,0.2831067776506538,0.08017289940166535
259,0,258,0.24137777777777777,5431,0.24137777777777777,0.297701524496236,0.08197144610787545
260,0,259,0.23635555555555557,5318,0.23635555555555557,0.30618975560905654,0.08953064101720648
261,0,260,0.23693333333333333,5331,0.23693333333333333,0.29864808679189175,0.08294491341163536
262,0,261,0.2331111111111111,5245,0.2331111111111111,0.2929876138817278,0.0826549275925348
263,0,262,0.2389777777777778,5377,0.2389777777777778,0.29267419716811804,0.08068585171134557
264,0,263,0.23035555555555556,5183,0.23035555555555556,0.2853377795787884,0.07706578543974173
265,0,264,0.23453333333333334,5277,0.23453333333333334,0.2940540719891128,0.08251070213011251
266,0,265,0.2260888888888889,5087,0.2260888888888889,0.2886211177950669,0.084028222441387
267,0,266,0.23702222222222222,5333,0.23702222222222222,0.3029658224340348,0.08854986894735396
268,0,267,0.234,5265,0.234,0.3033094472663976,0.0868347428009563
269,0,268,0.2389777777777778,5377,0.2389777777777778,0.3003728665525825,0.08559283088090341
270,0,269,0.23484444444444444,5284,0.23484444444444444,0.30086228544884897,0.08623829355813589
271,0,270,0.22764444444444445,5122,0.22764444444444445,0.2868174754767253,0.08135035390945611
272,0,271,0.24146666666666666,5433,0.24146666666666666,0.3055963103557865,0.0852469404937058
273,0,272,0.23564444444444443,5302,0.23564444444444443,0.3008786372535642,0.08606373316174744
274,0,273,0.24355555555555555,5480,0.24355555555555555,0.3070804888019964,0.08790721910648291
275,0,274,0.2280888888888889,5132,0.2280888888888889,0.2858594557376569,0.08077470148663016
276,0,275,0.2312,5202,0.2312,0.2880926192975209,0.08013655691422517
277,0,276,0.2212,4977,0.2212,0.2775734265573899,0.08020620771240326
278,0,277,0.23608888888888888,5312,0.23608888888888888,0.2898654821007817,0.08021842550234735
279,0,278,0.23653333333333335,5322,0.23653333333333335,0.3032356688386715,0.08690378745653467
280,0,279,0.23475555555555555,5282,0.23475555555555555,0.29451575859242324,0.08314466111800278
281,0,280,0.24551111111111112,5524,0.24551111111111112,0.3115514384599314,0.08861580064863477
282,0,281,0.22955555555555557,5165,0.22955555555555557,0.2908666780652002,0.08411222426003842
283,0,282,0.23795555555555556,5354,0.23795555555555556,0.2978614516635436,0.08374968529125174
284,0,283,0.2396888888888889,5393,0.2396888888888889,0.2981030541714817,0.0849355049816796
285,0,284,0.22213333333333332,4998,0.22213333333333332,0.2741402177253038,0.07409524535029047
286,0,285,0.23244444444444445,5230,0.23244444444444445,0.2930391401173502,0.08129556947519706
287,0,286,0.22946666666666668,5163,0.22946666666666668,0.299828693169247,0.08829544683060213
288,0,287,0.24884444444444445,5599,0.24884444444444445,0.31797757342957994,0.0916795781382154
289,0,288,0.2427111111111111,5461,0.2427111111111111,0.3008636224319383,0.08409661864993877
290,0,289,0.23253333333333334,5232,0.23253333333333334,0.2951351421639244,0.08508713825730244
291,0,290,0.23817777777777777,5359,0.23817777777777777,0.3052297853058592,0.09164099783594705
292,0,291,0.24217777777777777,5449,0.24217777777777777,0.3036911972084619,0.08416937522229813
293,0,292,0.23364444444444443,5257,0.23364444444444443,0.2968603997135393,0.0845276002749723
294,0,293,0.24017777777777777,5404,0.24017777777777777,0.2912676605523193,0.08150528619830721
295,0,294,0.23097777777777778,5197,0.23097777777777778,0.2795808712069307,0.07553502117652638
296,0,295,0.23742222222222223,5342,0.23742222222222223,0.29919144953810434,0.0859047086813523
297,0,296,0.23857777777777778,5368,0.23857777777777778,0.2909370327529394,0.07858734784048342
298,0,297,0.2476,5571,0.2476,0.31925386854037546,0.094731223868373
299,0,298,0.24622222222222223,5540,0.24622222222222223,0.31651187158482147,0.09344181501320419
300,0,299,0.23795555555555556,5354,0.23795555555555556,0.30007239819837345,0.0843724121408144
301,0,300,0.22644444444444445,5095,0.22644444444444445,0.28887652508873923,0.08303147601775912
302,0,301,0.23813333333333334,5358,0.23813333333333334,0.3001517631908307,0.08391451238454281
303,0,302,0.24226666666666666,5451,0.24226666666666666,0.29490341711995965,0.08157926690520927
304,0,303,0.24128888888888889,5429,0.24128888888888889,0.30410972200516484,0.0851419936807121
305,0,304,0.23951111111111112,5389,0.23951111111111112,0.29567196087726283,0.082733155426152
306,0,305,0.2388,5373,0.2388,0.30714200736250175,0.08903408487732575
307,0,306,0.23462222222222223,5279,0.23462222222222223,0.30029167656329503,0.0866359319821963
308,0,307,0.23048888888888888,5186,0.23048888888888888,0.2940476312738567,0.08398412740953481
309,0,308,0.2369777777777778,5332,0.2369777777777778,0.29587041381695783,0.0818677691961523
310,0,309,0.24466666666666667,5505,0.24466666666666667,0.30400654971021707,0.0868304765558897
311,0,310,0.23742222222222223,5342,0.23742222222222223,0.29663281421215976,0.08261050723559808
312,0,311,0.23986666666666667,5397,0.23986666666666667,0.30300157483600865,0.08646514442003121
313,0,312,0.2472,5562,0.2472,0.312272889081081,0.09074832140295355
314,0,313,0.24177777777777779,5440,0.24177777777777779,0.31175325581869345,0.08913986863258488
315,0,314,0.23484444444444444,5284,0.23484444444444444,0.28676840578888824,0.07623902795671356
316,0,315,0.23546666666666666,5298,0.23546666666666666,0.3036369492298648,0.08724903102087816
317,0,316,0.24182222222222222,5441,0.24182222222222222,0.3125040754349867,0.0920310514842724
318,0,317,0.23097777777777778,5197,0.23097777777777778,0.28719634720992343,0.07803667560368377
319,0,318,0.2341777777777778,5269,0.2341777777777778,0.2978098929838528,0.08524775403476086
320,0,319,0.2368,5328,0.2368,0.28555940372094646,0.07863600201935123
321,0,320,0.23186666666666667,5217,0.23186666666666667,0.2976373865587122,0.08871916628171791
322,0,321,0.2392,5382,0.2392,0.29748090426525137,0.08460675890273889
323,0,322,0.23608888888888888,5312,0.23608888888888888,0.29610766377565323,0.08411490191124804
324,0,323,0.23751111111111112,5344,0.23751111111111112,0.29902842561997184,0.08492765025263686
325,0,324,0.23364444444444443,5257,0.23364444444444443,0.30288677757861315,0.08914220521943285
326,0,325,0.22795555555555555,5129,0.22795555555555555,0.28429000641697477,0.08038100787691649
327,0,326,0.23853333333333335,5367,0.23853333333333335,0.2979861086361123,0.0861810667896089
328,0,327,0.24404444444444445,5491,0.24404444444444445,0.3062383640937321,0.08743558011843203
329,0,328,0.2310222222222222,5198,0.2310222222222222,0.2947007643806427,0.0864003307848063
330,0,329,0.22924444444444445,5158,0.22924444444444445,0.2963679405464339,0.08915818875885038
331,0,330,0.23693333333333333,5331,0.23693333333333333,0.290786221587272,0.07803443797089354
332,0,331,0.2335111111111111,5254,0.2335111111111111,0.29266730764146104,0.08387007128646005
333,0,332,0.2276,5121,0.2276,0.29629374375742706,0.08717806515599211
334,0,333,0.24551111111111112,5524,0.24551111111111112,0.30624457289232704,0.08701880345150706
335,0,334,0.23355555555555554,5255,0.23355555555555554,0.298587161515296,0.08539610174666099
336,0,335,0.2352,5292,0.2352,0.29537844463457336,0.08418474136090547
337,0,336,0.24444444444444444,5500,0.24444444444444444,0.31267286264077665,0.09064711052834534
338,0,337,0.2444,5499,0.2444,0.31726257688757925,0.09166072163498559
339,0,338,0.23524444444444445,5293,0.23524444444444445,0.288884137609676,0.07869204317568311
340,0,339,0.2456888888888889,5528,0.2456888888888889,0.30743335228243096,0.0857428987588128
341,0,340,0.24106666666666668,5424,0.24106666666666668,0.3032857656623772,0.08529414755201441
342,0,341,0.2404,5409,0.2404,0.29859184103167863,0.08479697322844673
343,0,342,0.23902222222222222,5378,0.23902222222222222,0.3062045526745037,0.0887440230566274
344,0,343,0.24444444444444444,5500,0.24444444444444444,0.3117334037808906,0.09185020245248608
345,0,344,0.22066666666666668,4965,0.22066666666666668,0.2854439923605346,0.08314039622557287
346,0,345,0.24151111111111112,5434,0.24151111111111112,0.3028724826377158,0.08469981289888895
347,0,346,0.24017777777777777,5404,0.24017777777777777,0.29893553300265213,0.08292024154554904
348,0,347,0.2484,5589,0.2484,0.3124839336151005,0.09335658439911557
349,0,348,0.22666666666666666,5100,0.22666666666666666,0.2861384830339449,0.07960476202466756
350,0,349,0.2409777777777778,5422,0.2409777777777778,0.3037379206192687,0.0861400268209518
351,0,350,0.22871111111111112,5146,0.22871111111111112,0.2924049182508907,0.08416527569187623
352,0,351,0.2364888888888889,5321,0.2364888888888889,0.2984479595985447,0.08362788112231397
353,0,352,0.23657777777777778,5323,0.23657777777777778,0.2903784608290063,0.08219239708342867
354,0,353,0.23226666666666668,5226,0.23226666666666668,0.2974716455123495,0.08621271661433928
355,0,354,0.23257777777777777,5233,0.23257777777777777,0.29262590379714654,0.08336336247789883
356,0,355,0.2371111111111111,5335,0.2371111111111111,0.2963773688521217,0.08423000408973752
357,0,356,0.2324,5229,0.2324,0.28919272737845425,0.07987866711100482
358,0,357,0.2456888888888889,5528,0.2456888888888889,0.3008520116811186,0.08359594267894224
359,0,358,0.23871111111111112,5371,0.23871111111111112,0.29383699453074463,0.08361760246216378
360,0,359,0.23146666666666665,5208,0.23146666666666665,0.29239717096191564,0.08215747248419969
361,0,360,0.23617777777777776,5314,0.23617777777777776,0.3003963339531036,0.08650326927363884
362,0,361,0.23346666666666666,5253,0.23346666666666666,0.2902467916301001,0.08218599651664907
363,0,362,0.23813333333333334,5358,0.23813333333333334,0.30043120262402734,0.08792344376659283
364,0,363,0.22582222222222223,5081,0.22582222222222223,0.2897531411677852,0.0846064179489094
365,0,364,0.2256,5076,0.2256,0.2806136269685359,0.07896988091923364
366,0,365,0.23564444444444443,5302,0.23564444444444443,0.29198893286371413,0.08099654999380473
367,0,366,0.24902222222222223,5603,0.24902222222222223,0.3153284096097013,0.09229612913394006
368,0,367,0.22995555555555555,5174,0.22995555555555555,0.29131744419913674,0.08087704812529388
369,0,368,0.2436,5481,0.2436,0.30882579089676104,0.08829285876031454
370,0,369,0.23977777777777778,5395,0.23977777777777778,0.30178053979105357,0.08822126812163635
371,0,370,0.2448,5508,0.2448,0.30868415961993567,0.09168942422444479
372,0,371,0.2383111111111111,5362,0.2383111111111111,0.30337541289475123,0.08854604030187652
373,0,372,0.22333333333333333,5025,0.22333333333333333,0.27937143388064983,0.07702889836364321
374,0,373,0.2364888888888889,5321,0.2364888888888889,0.29563334217316584,0.0853466282580301
375,0,374,0.23951111111111112,5389,0.23951111111111112,0.2997055026207981,0.08506166530254156
376,0,375,0.23146666666666665,5208,0.23146666666666665,0.2890021185869089,0.0803311418988039
377,0,376,0.2392,5382,0.2392,0.29941592448378357,0.08417256904333036
378,0,377,0.23946666666666666,5388,0.23946666666666666,0.30345050702252385,0.08548986226976756
379,0,378,0.23551111111111112,5299,0.23551111111111112,0.2977703561334979,0.0859965882692399
380,0,379,0.24035555555555554,5408,0.24035555555555554,0.2996029829865595,0.08248803118361836
381,0,380,0.2260888888888889,5087,0.2260888888888889,0.2889516501251274,0.08391304461158887
382,0,381,0.23853333333333335,5367,0.23853333333333335,0.29344435496932314,0.0787493557393562
383,0,382,0.24106666666666668,5424,0.24106666666666668,0.3000792881538653,0.08607634451476796
384,0,383,0.24222222222222223,5450,0.24222222222222223,0.3085186476386805,0.08909742454914722
385,0,384,0.23857777777777778,5368,0.23857777777777778,0.29631961332295825,0.08172177809898591
386,0,385,0.22986666666666666,5172,0.22986666666666666,0.29689965297092613,0.08786262454684345
387,0,386,0.23306666666666667,5244,0.23306666666666667,0.2978388864769187,0.08551390989055485
388,0,387,0.2408888888888889,5420,0.2408888888888889,0.29931693101093937,0.0838600441211699
389,0,388,0.2310222222222222,5198,0.2310222222222222,0.29274275710666126,0.08455620529836486
390,0,389,0.23337777777777777,5251,0.23337777777777777,0.2949020275716703,0.08541796974747656
391,0,390,0.22835555555555556,5138,0.22835555555555556,0.2964840053932671,0.08426037947734455
392,0,391,0.23915555555555557,5381,0.23915555555555557,0.30395473434690107,0.0867832936818349
393,0,392,0.23808888888888888,5357,0.23808888888888888,0.2984642592822211,0.08401084957563351
394,0,393,0.24253333333333332,5457,0.24253333333333332,0.30543994498207677,0.08576083792083489
395,0,394,0.24293333333333333,5466,0.24293333333333333,0.3146009931704863,0.09477110312915012
396,0,395,0.22822222222222222,5135,0.22822222222222222,0.29312434618878397,0.08405339467376265
397,0,396,0.2283111111111111,5137,0.2283111111111111,0.27930316699424534,0.07807152867567148
398,0,397,0.23502222222222222,5288,0.23502222222222222,0.2895505330158528,0.07777892022683036
399,0,398,0.2320888888888889,5222,0.2320888888888889,0.29254757042286855,0.08115072170067109
400,0,399,0.22986666666666666,5172,0.22986666666666666,0.28499063254656626,0.07710568362520147
401,0,400,0.23262222222222223,5234,0.23262222222222223,0.29257078826872374,0.08270588436011489
402,0,401,0.23533333333333334,5295,0.23533333333333334,0.2964756995111608,0.08394221277402109
403,0,402,0.23053333333333334,5187,0.23053333333333334,0.2868006114092802,0.0794683580995206
404,0,403,0.24631111111111112,5542,0.24631111111111112,0.31146821379024836,0.09080671794385145
405,0,404,0.24142222222222223,5432,0.24142222222222223,0.304602667565565,0.08760079546225494
406,0,405,0.2406222222222222,5414,0.2406222222222222,0.3018616126762956,0.08624322952058538
407,0,406,0.23115555555555556,5201,0.23115555555555556,0.2892080806831962,0.0815319039227787
408,0,407,0.23617777777777776,5314,0.23617777777777776,0.3043165249326125,0.08612582783258063
409,0,408,0.24026666666666666,5406,0.24026666666666666,0.3065935740486687,0.09067708647721363
410,0,409,0.23706666666666668,5334,0.23706666666666668,0.29446532500888556,0.0803659940092903
411,0,410,0.23573333333333332,5304,0.23573333333333332,0.3002510213347774,0.08492635319431617
412,0,411,0.2501333333333333,5628,0.2501333333333333,0.3152554841090672,0.08840927674666
413,0,412,0.24253333333333332,5457,0.24253333333333332,0.31180359741042896,0.09285616340310045
414,0,413,0.22866666666666666,5145,0.22866666666666666,0.2846017306066203,0.07910627335647295
415,0,414,0.24013333333333334,5403,0.24013333333333334,0.30782665669846776,0.09289291688277913
416,0,415,0.236,5310,0.236,0.3029802180072316,0.08800028786810445
417,0,416,0.238,5355,0.238,0.30041013546305334,0.08495189700318398
418,0,417,0.2378222222222222,5351,0.2378222222222222,0.3068534771802074,0.09120726299912078
419,0,418,0.23537777777777777,5296,0.23537777777777777,0.2947611076553505,0.08185531909924137
420,0,419,0.23275555555555555,5237,0.23275555555555555,0.3044566622105539,0.08901719964523555
421,0,420,0.24075555555555556,5417,0.24075555555555556,0.3073977502298581,0.0877673877335865
422,0,421,0.22795555555555555,5129,0.22795555555555555,0.28846745465413215,0.0821553122743636
423,0,422,0.23315555555555556,5246,0.23315555555555556,0.2901944902320687,0.08131256608509571
424,0,423,0.23346666666666666,5253,0.23346666666666666,0.29469704646793987,0.08518857702352943
425,0,424,0.23515555555555556,5291,0.23515555555555556,0.29673710382758617,0.08591065653251774
426,0,425,0.2369777777777778,5332,0.2369777777777778,0.3021259930385833,0.0854120415922793
427,0,426,0.2376888888888889,5348,0.2376888888888889,0.30161138747673955,0.08672590273559604
428,0,427,0.23862222222222224,5369,0.23862222222222224,0.29869178457409495,0.08552260929661899
429,0,428,0.22786666666666666,5127,0.22786666666666666,0.29615737340510606,0.08622522708730956
430,0,429,0.2328,5238,0.2328,0.29343093014737226,0.08255262989912379
431,0,430,0.24968888888888888,5618,0.24968888888888888,0.3164248687102666,0.09173665160570213
432,0,431,0.2356888888888889,5303,0.2356888888888889,0.29674913626110777,0.08479215702643482
433,0,432,0.23942222222222223,5387,0.23942222222222223,0.30630498383357463,0.08953949539812107
434,0,433,0.24373333333333333,5484,0.24373333333333333,0.3068000981951071,0.08669844254525567
435,0,434,0.22711111111111112,5110,0.22711111111111112,0.28213102975613974,0.08051473523325428
436,0,435,0.22906666666666667,5154,0.22906666666666667,0.2874482162749683,0.080572810547826
437,0,436,0.23386666666666667,5262,0.23386666666666667,0.28828065607694936,0.08147517318867524
438,0,437,0.2331111111111111,5245,0.2331111111111111,0.29223630530117634,0.08553070073241288
439,0,438,0.2392,5382,0.2392,0.30290616342536586,0.0846125690782445
440,0,439,0.22982222222222223,5171,0.22982222222222223,0.28264379496186326,0.0767331582465541
441,0,440,0.24355555555555555,5480,0.24355555555555555,0.30979218667605835,0.08946987748848903
442,0,441,0.23564444444444443,5302,0.23564444444444443,0.2932497851268444,0.08318780861646581
443,0,442,0.2340888888888889,5267,0.2340888888888889,0.292846285146083,0.0817638370890851
444,0,443,0.236,5310,0.236,0.29953424902582054,0.08738188752125639
445,0,444,0.23924444444444445,5383,0.23924444444444445,0.30370755282317013,0.0881847331017337
446,0,445,0.23084444444444444,5194,0.23084444444444444,0.2930777411013331,0.08335483381816629
447,0,446,0.24151111111111112,5434,0.24151111111111112,0.30554190486225197,0.08497945849197427
448,0,447,0.23462222222222223,5279,0.23462222222222223,0.3035128013502357,0.08795347637814947
449,0,448,0.24235555555555555,5453,0.24235555555555555,0.3029930188223963,0.08292441229164918
450,0,449,0.23893333333333333,5376,0.23893333333333333,0.296705285557455,0.08037358725179732
451,0,450,0.23053333333333334,5187,0.23053333333333334,0.290619300238331,0.08385033483569215
452,0,451,0.22644444444444445,5095,0.22644444444444445,0.28967955656674993,0.08663577666010941
453,0,452,0.23146666666666665,5208,0.23146666666666665,0.2969427201742953,0.08471277229514472
454,0,453,0.2324,5229,0.2324,0.2958618959983798,0.0847936366852868
455,0,454,0.2372,5337,0.2372,0.30093773799243734,0.08583008627173831
456,0,455,0.22871111111111112,5146,0.22871111111111112,0.29037977698193695,0.08369202539369625
457,0,456,0.2311111111111111,5200,0.2311111111111111,0.2915344983777206,0.08288638129556333
458,0,457,0.22648888888888888,5096,0.22648888888888888,0.29268989565803805,0.08712258261498418
459,0,458,0.23177777777777778,5215,0.23177777777777778,0.2991608346611057,0.0879124857409358
460,0,459,0.23613333333333333,5313,0.23613333333333333,0.29730393513272146,0.08549639914873522
461,0,460,0.23764444444444444,5347,0.23764444444444444,0.2961768597677388,0.08382493219763024
462,0,461,0.23746666666666666,5343,0.23746666666666666,0.2982241702610642,0.08468279990104746
463,0,462,0.2310222222222222,5198,0.2310222222222222,0.29276384443661785,0.08175195321116341
464,0,463,0.24484444444444445,5509,0.24484444444444445,0.3102432788218606,0.09068524991342913
465,0,464,0.22653333333333334,5097,0.22653333333333334,0.2871779629864751,0.0797761053024338
466,0,465,0.23564444444444443,5302,0.23564444444444443,0.29165720932242756,0.08366772981094936
467,0,466,0.23804444444444445,5356,0.23804444444444445,0.2973419817003546,0.08396917884634977
468,0,467,0.23595555555555556,5309,0.23595555555555556,0.2981481371429942,0.08443849000980808
469,0,468,0.22813333333333333,5133,0.22813333333333333,0.28976503199343817,0.08018784304263825
470,0,469,0.23457777777777777,5278,0.23457777777777777,0.29783826241934397,0.08528432610492956
471,0,470,0.23386666666666667,5262,0.23386666666666667,0.29358943900204365,0.08230154041294416
472,0,471,0.2310222222222222,5198,0.2310222222222222,0.2915559743024383,0.0812687768630988
473,0,472,0.22875555555555555,5147,0.22875555555555555,0.29053538606672125,0.08294477558630697
474,0,473,0.2224,5004,0.2224,0.28326422531439505,0.08213401169514731
475,0,474,0.23693333333333333,5331,0.23693333333333333,0.30372301980385813,0.08773166100937327
476,0,475,0.23404444444444444,5266,0.23404444444444444,0.29959693350326977,0.08404775455628434
477,0,476,0.22915555555555556,5156,0.22915555555555556,0.2822217626021858,0.07699352537338415
478,0,477,0.24733333333333332,5565,0.24733333333333332,0.30671868936863395,0.08707300042217175
479,0,478,0.22955555555555557,5165,0.22955555555555557,0.28757620809176304,0.08082868564736015
480,0,479,0.23693333333333333,5331,0.23693333333333333,0.3081266863279151,0.09165025826054884
481,0,480,0.23173333333333335,5214,0.23173333333333335,0.2934223621608343,0.08507935534934506
482,0,481,0.23048888888888888,5186,0.23048888888888888,0.28524362352667526,0.07881428101796237
483,0,482,0.22493333333333335,5061,0.22493333333333335,0.28511987896240537,0.08230747241082406
484,0,483,0.23186666666666667,5217,0.23186666666666667,0.2932869210836065,0.08499174370864085
485,0,484,0.2530222222222222,5693,0.2530222222222222,0.32940372908014975,0.10082373870894498
486,0,485,0.2508888888888889,5645,0.2508888888888889,0.31188114812042117,0.08748635236090463
487,0,486,0.22666666666666666,5100,0.22666666666666666,0.2818566462967376,0.07624639751773558
488,0,487,0.23853333333333335,5367,0.23853333333333335,0.3073571285458451,0.08935718263313712
489,0,488,0.2341777777777778,5269,0.2341777777777778,0.292870988829315,0.08040515145189962
490,0,489,0.23373333333333332,5259,0.23373333333333332,0.29078765271090085,0.08098196821593064
491,0,490,0.252,5670,0.252,0.32219707414382526,0.09531610518284228
492,0,491,0.2376,5346,0.2376,0.30846194517141634,0.08961926190048684
493,0,492,0.23804444444444445,5356,0.23804444444444445,0.2935385106182512,0.08134537561918814
494,0,493,0.2371111111111111,5335,0.2371111111111111,0.2981160818800047,0.0837388729717546
495,0,494,0.23471111111111112,5281,0.23471111111111112,0.2910397689784239,0.08061901510141598
496,0,495,0.23573333333333332,5304,0.23573333333333332,0.30036749900000975,0.08779416396473856
497,0,496,0.23453333333333334,5277,0.23453333333333334,0.30549552339811714,0.08986617931161527
498,0,497,0.23786666666666667,5352,0.23786666666666667,0.3043613057303358,0.0886830240099013
499,0,498,0.21915555555555555,4931,0.21915555555555555,0.26557783773350063,0.07087954834978868
500,0,499,0.23084444444444444,5194,0.23084444444444444,0.2997525698044399,0.08562636599916576
501,2,0,0.6278222222222222,14126,0.6278222222222222,0.7305060877968672,0.09477928547362685
502,2,1,0.6261777777777778,14089,0.6261777777777778,0.7330748375168914,0.09386351448325513
503,2,2,0.6145333333333334,13827,0.6145333333333334,0.7201767547772455,0.09283101229830908
504,2,3,0.6319555555555556,14219,0.6319555555555556,0.7267480620232478,0.09171212591580327
505,2,4,0.6223555555555556,14003,0.6223555555555556,0.7188925720632212,0.09261018607628875
506,2,5,0.6218666666666667,13992,0.6218666666666667,0.7251894532585869,0.09505239241126727
507,2,6,0.6159111111111111,13858,0.6159111111111111,0.71901832448541,0.09255248601242294
508,2,7,0.6097777777777778,13720,0.6097777777777778,0.7095265195172464,0.09352500440792391
509,2,8,0.6246222222222222,14054,0.6246222222222222,0.7208393195386894,0.09014033182766422
510,2,9,0.6283555555555556,14138,0.6283555555555556,0.7259030839517145,0.09145982636237807
511,2,10,0.6334222222222222,14252,0.6334222222222222,0.7271738317337412,0.08961623082374288
512,2,11,0.6293777777777778,14161,0.6293777777777778,0.730047772961699,0.09228152007468071
513,2,12,0.6197777777777778,13945,0.6197777777777778,0.7165830959419297,0.0896719404188848
514,2,13,0.6226222222222222,14009,0.6226222222222222,0.7138726421468298,0.08711229334005581
515,2,14,0.6293777777777778,14161,0.6293777777777778,0.7289122835829869,0.0866779823948582
516,2,15,0.6201333333333333,13953,0.6201333333333333,0.7290599834181398,0.09657027573686659
517,2,16,0.6222222222222222,14000,0.6222222222222222,0.7283996287547213,0.0939910764643559
518,2,17,0.6282666666666666,14136,0.6282666666666666,0.7280276449859451,0.09210977623514137
519,2,18,0.6144,13824,0.6144,0.7158682740586523,0.0935424724017347
520,2,19,0.6222222222222222,14000,0.6222222222222222,0.7165291879961739,0.09136617913010846
521,2,20,0.6238222222222222,14036,0.6238222222222222,0.721192663364076,0.09274454826157669
522,2,21,0.6174666666666667,13893,0.6174666666666667,0.7178258652823566,0.09025104705665953
523,2,22,0.6184,13914,0.6184,0.7220110599801756,0.08953901807721255
524,2,23,0.6190666666666667,13929,0.6190666666666667,0.7218526259173885,0.09202780498800604
525,2,24,0.6177777777777778,13900,0.6177777777777778,0.7210255168603754,0.0903763193069312
526,2,25,0.6177333333333334,13899,0.6177333333333334,0.7194417763440717,0.08935994669197
527,2,26,0.6244444444444445,14050,0.6244444444444445,0.7290339678240069,0.09351698849623877
528,2,27,0.6211111111111111,13975,0.6211111111111111,0.7162842658434875,0.09124383998316854
529,2,28,0.6174222222222222,13892,0.6174222222222222,0.7184275538060958,0.09194157864559954
530,2,29,0.6173777777777778,13891,0.6173777777777778,0.7248172421470356,0.09665180907403849
531,2,30,0.6212888888888889,13979,0.6212888888888889,0.7202569559985046,0.09132720667018422
532,2,31,0.6200444444444444,13951,0.6200444444444444,0.7247705131274406,0.09265622638771602
533,2,32,0.6182222222222222,13910,0.6182222222222222,0.7142252523618537,0.09187687425055666
534,2,33,0.6220888888888889,13997,0.6220888888888889,0.7229344659186729,0.09139929589164976
535,2,34,0.6198666666666667,13947,0.6198666666666667,0.719409367714394,0.0899286324353312
536,2,35,0.6201333333333333,13953,0.6201333333333333,0.7151995571765334,0.09205614478835268
537,2,36,0.6247111111111111,14056,0.6247111111111111,0.7168932522475088,0.0864448296168018
538,2,37,0.6155111111111111,13849,0.6155111111111111,0.7137432067318062,0.09387441175485423
539,2,38,0.6124444444444445,13780,0.6124444444444445,0.7142220935016486,0.09498187418925695
540,2,39,0.6226222222222222,14009,0.6226222222222222,0.7145285098294115,0.09014919023849012
541,2,40,0.6076888888888888,13673,0.6076888888888888,0.7147154707206641,0.09461647983547669
542,2,41,0.6194222222222222,13937,0.6194222222222222,0.7165581433328362,0.09274334959048813
543,2,42,0.6175555555555555,13895,0.6175555555555555,0.7111116743919244,0.09162210339314665
544,2,43,0.6268888888888889,14105,0.6268888888888889,0.7187275243417093,0.0914543540029765
545,2,44,0.6183111111111111,13912,0.6183111111111111,0.7215351120047843,0.09217936394269202
546,2,45,0.6296,14166,0.6296,0.7322773084522168,0.09317363109214973
547,2,46,0.6187555555555555,13922,0.6187555555555555,0.7198395956236069,0.09118134090804175
548,2,47,0.6165777777777778,13873,0.6165777777777778,0.7101265822491478,0.0889253969977733
549,2,48,0.6174666666666667,13893,0.6174666666666667,0.7114570968730243,0.09078092830693067
550,2,49,0.6302222222222222,14180,0.6302222222222222,0.7303186063589675,0.09051594208362279
551,2,50,0.6239111111111111,14038,0.6239111111111111,0.7131754264683364,0.08914755422326766
552,2,51,0.6267555555555555,14102,0.6267555555555555,0.7256891244184889,0.08894702665478967
553,2,52,0.6183111111111111,13912,0.6183111111111111,0.7244597723235209,0.093894406826453
554,2,53,0.6201333333333333,13953,0.6201333333333333,0.7185714102580315,0.09484791920169022
555,2,54,0.6215555555555555,13985,0.6215555555555555,0.7193617323492616,0.08856310124992076
556,2,55,0.6245777777777778,14053,0.6245777777777778,0.7197766404891404,0.09056281544565468
557,2,56,0.6276,14121,0.6276,0.7230822842307151,0.09114702580608229
558,2,57,0.6166222222222222,13874,0.6166222222222222,0.7143452599356948,0.09188231507502118
559,2,58,0.6241333333333333,14043,0.6241333333333333,0.7275668060135652,0.0914434055242752
560,2,59,0.6191111111111111,13930,0.6191111111111111,0.7122241859650952,0.0908478004634038
561,2,60,0.6103555555555555,13733,0.6103555555555555,0.7213127362115648,0.09367960161649203
562,2,61,0.6297333333333334,14169,0.6297333333333334,0.7237519502556405,0.08964736298642963
563,2,62,0.6166666666666667,13875,0.6166666666666667,0.7177348333306942,0.09185708235439526
564,2,63,0.6189777777777777,13927,0.6189777777777777,0.7199413058732957,0.09205242578247537
565,2,64,0.6165777777777778,13873,0.6165777777777778,0.7215062312571948,0.09070987263311718
566,2,65,0.6138222222222223,13811,0.6138222222222223,0.718038729961699,0.09269170562665642
567,2,66,0.6194666666666667,13938,0.6194666666666667,0.7163873254027086,0.09194659013604801
568,2,67,0.6198222222222223,13946,0.6198222222222223,0.7162921935264598,0.09240851527877907
569,2,68,0.6327111111111111,14236,0.6327111111111111,0.7264199931952571,0.09185494430438146
570,2,69,0.6230222222222223,14018,0.6230222222222223,0.7220137999217965,0.09453087397890622
571,2,70,0.6164888888888889,13871,0.6164888888888889,0.7146262557674312,0.0916425443096733
572,2,71,0.6310222222222223,14198,0.6310222222222223,0.7293481405545108,0.09139182739036225
573,2,72,0.6209777777777777,13972,0.6209777777777777,0.7221007924428322,0.09079482483792435
574,2,73,0.6334222222222222,14252,0.6334222222222222,0.7294366859017926,0.09051110160712722
575,2,74,0.6214666666666666,13983,0.6214666666666666,0.7174198823492683,0.09022338694063543
576,2,75,0.6151111111111112,13840,0.6151111111111112,0.7153822262011622,0.09423904743205823
577,2,76,0.6145777777777778,13828,0.6145777777777778,0.7167071242749868,0.09255400926568605
578,2,77,0.6171111111111112,13885,0.6171111111111112,0.7171435143853306,0.09341958063582276
579,2,78,0.6204444444444445,13960,0.6204444444444445,0.7192951118459272,0.09126209220981538
580,2,79,0.6136888888888888,13808,0.6136888888888888,0.7090440425483379,0.09036883804710101
581,2,80,0.6210222222222223,13973,0.6210222222222223,0.7103192593330004,0.08992201563084183
582,2,81,0.6292444444444445,14158,0.6292444444444445,0.7346343686228587,0.09435295220637745
583,2,82,0.6256,14076,0.6256,0.7250693745362834,0.0927697266568562
584,2,83,0.6185777777777778,13918,0.6185777777777778,0.7256516890196221,0.09343002403590457
585,2,84,0.6211555555555556,13976,0.6211555555555556,0.7169476113685909,0.09070002622238754
586,2,85,0.6133777777777778,13801,0.6133777777777778,0.7199614788465777,0.09574200745278882
587,2,86,0.6288444444444444,14149,0.6288444444444444,0.7276253824926546,0.09062752309695216
588,2,87,0.6321777777777777,14224,0.6321777777777777,0.7229624469899014,0.0892173718660687
589,2,88,0.6227111111111111,14011,0.6227111111111111,0.7188234561673149,0.09124645773987354
590,2,89,0.6296444444444445,14167,0.6296444444444445,0.7264321952181674,0.0922957317643696
591,2,90,0.6149333333333333,13836,0.6149333333333333,0.7140109190348214,0.0913790660410878
592,2,91,0.6285333333333334,14142,0.6285333333333334,0.7337169468738712,0.09114490309572076
593,2,92,0.6142666666666666,13821,0.6142666666666666,0.7133124110927213,0.08909257815934662
594,2,93,0.6234666666666666,14028,0.6234666666666666,0.7239865454490594,0.09452710701161851
595,2,94,0.6105777777777778,13738,0.6105777777777778,0.7103459277052385,0.09244430551072479
596,2,95,0.6223555555555556,14003,0.6223555555555556,0.7235327167435377,0.095389196135466
597,2,96,0.6148888888888889,13835,0.6148888888888889,0.7093471341946604,0.09089818181248115
598,2,97,0.6196,13941,0.6196,0.7155099813205203,0.0929571549566253
599,2,98,0.6117777777777778,13765,0.6117777777777778,0.7170451528964815,0.09381027553208715
600,2,99,0.6182222222222222,13910,0.6182222222222222,0.7178144530325987,0.09084163255134615
601,2,100,0.6143555555555555,13823,0.6143555555555555,0.7131581771646577,0.09209362293472405
602,2,101,0.6221333333333333,13998,0.6221333333333333,0.7186528423652249,0.09315142260154564
603,2,102,0.6105333333333334,13737,0.6105333333333334,0.7180737873767117,0.09286222507452993
604,2,103,0.6136,13806,0.6136,0.7156836775508235,0.0896328046651615
605,2,104,0.6239555555555556,14039,0.6239555555555556,0.7227971863434313,0.09029587294068875
606,2,105,0.6188888888888889,13925,0.6188888888888889,0.7159870392872201,0.09085779609748622
607,2,106,0.6137333333333334,13809,0.6137333333333334,0.7129301536533458,0.09130243211460969
608,2,107,0.6215555555555555,13985,0.6215555555555555,0.7204446676975556,0.09028405959790464
609,2,108,0.6131555555555556,13796,0.6131555555555556,0.7148908603281555,0.09147064756307956
610,2,109,0.6257777777777778,14080,0.6257777777777778,0.7196715472733723,0.09072370247974308
611,2,110,0.6234666666666666,14028,0.6234666666666666,0.7217385502919602,0.0921621336285416
612,2,111,0.6230222222222223,14018,0.6230222222222223,0.7159966070993304,0.0910321448697529
613,2,112,0.6262666666666666,14091,0.6262666666666666,0.7267886912627222,0.09370257379844618
614,2,113,0.6204444444444445,13960,0.6204444444444445,0.7167730928932727,0.09115209420946768
615,2,114,0.6268,14103,0.6268,0.7260353972446855,0.08930105370355894
616,2,115,0.6239111111111111,14038,0.6239111111111111,0.7229397278819049,0.09212737382503215
617,2,116,0.6152888888888889,13844,0.6152888888888889,0.7247906304453231,0.09427235956193751
618,2,117,0.6164444444444445,13870,0.6164444444444445,0.7175969424621088,0.09202647269745724
619,2,118,0.6148444444444444,13834,0.6148444444444444,0.7120933021023226,0.09183802807713506
620,2,119,0.6328888888888888,14240,0.6328888888888888,0.729460701087005,0.08894479035622581
621,2,120,0.6156888888888888,13853,0.6156888888888888,0.721173414290014,0.09513552720889602
622,2,121,0.6178666666666667,13902,0.6178666666666667,0.7195018606270008,0.09321893287175527
623,2,122,0.6281333333333333,14133,0.6281333333333333,0.7267991671843373,0.0898579498280794
624,2,123,0.6175111111111111,13894,0.6175111111111111,0.714338337938283,0.0893660929248716
625,2,124,0.6161333333333333,13863,0.6161333333333333,0.7197566550491342,0.09485302761189368
626,2,125,0.6184888888888889,13916,0.6184888888888889,0.7136245668368134,0.09010935378136521
627,2,126,0.6223111111111111,14002,0.6223111111111111,0.7233436980970029,0.09252964682671294
628,2,127,0.6113777777777778,13756,0.6113777777777778,0.7108482287258732,0.09327884277439696
629,2,128,0.6170666666666667,13884,0.6170666666666667,0.7142724295370751,0.0927760078321385
630,2,129,0.6204888888888889,13961,0.6204888888888889,0.7203858997218633,0.09232905566820379
631,2,130,0.6284,14139,0.6284,0.7252817025486735,0.09206580438430062
632,2,131,0.6293777777777778,14161,0.6293777777777778,0.7260034525845172,0.08863474403376173
633,2,132,0.6230222222222223,14018,0.6230222222222223,0.7217058917977885,0.0918555451067285
634,2,133,0.6224444444444445,14005,0.6224444444444445,0.7244737910482204,0.09233932379652275
635,2,134,0.6165333333333334,13872,0.6165333333333334,0.718491802328284,0.09255235609958365
636,2,135,0.6189777777777777,13927,0.6189777777777777,0.7183176296329522,0.09238664756845819
637,2,136,0.6141333333333333,13818,0.6141333333333333,0.7263865396692628,0.09520255440621163
638,2,137,0.6179111111111111,13903,0.6179111111111111,0.7143385290914696,0.09023403273175104
639,2,138,0.6319111111111111,14218,0.6319111111111111,0.7282968017074267,0.08813970997007924
640,2,139,0.6273333333333333,14115,0.6273333333333333,0.7301493314508867,0.0937050348320081
641,2,140,0.6236888888888888,14033,0.6236888888888888,0.7181580261900558,0.08926121899189236
642,2,141,0.6156,13851,0.6156,0.7160712572958888,0.09406177670171277
643,2,142,0.6251111111111111,14065,0.6251111111111111,0.7275761456493446,0.09162004785793963
644,2,143,0.6196444444444444,13942,0.6196444444444444,0.7216501122200119,0.09324680730040169
645,2,144,0.6114222222222222,13757,0.6114222222222222,0.7149015101370355,0.0934153271968275
646,2,145,0.6221777777777778,13999,0.6221777777777778,0.7209053382387464,0.09023459017862896
647,2,146,0.6164444444444445,13870,0.6164444444444445,0.7147919413927218,0.08944149430986718
648,2,147,0.6258666666666667,14082,0.6258666666666667,0.7254442897840843,0.09184950208650842
649,2,148,0.6204888888888889,13961,0.6204888888888889,0.7236732029437999,0.09557674312226161
650,2,149,0.6231555555555556,14021,0.6231555555555556,0.7210224513263142,0.09418033181918921
651,2,150,0.6078666666666667,13677,0.6078666666666667,0.7117673539884214,0.09136265585391122
652,2,151,0.6254222222222222,14072,0.6254222222222222,0.7221140852481399,0.09151455730580219
653,2,152,0.6199555555555556,13949,0.6199555555555556,0.7305890398058695,0.09751216709466129
654,2,153,0.6198666666666667,13947,0.6198666666666667,0.721844449139402,0.09462212476238431
655,2,154,0.6135111111111111,13804,0.6135111111111111,0.7142254707014059,0.09125706125644945
656,2,155,0.6160444444444444,13861,0.6160444444444444,0.72320997984396,0.09584115110174797
657,2,156,0.6205777777777778,13963,0.6205777777777778,0.7130779123409928,0.08713588568313636
658,2,157,0.6187555555555555,13922,0.6187555555555555,0.7247217441813909,0.09357660790557086
659,2,158,0.6263555555555556,14093,0.6263555555555556,0.7311648600367736,0.09274799383297622
660,2,159,0.6257333333333334,14079,0.6257333333333334,0.721424839655368,0.09106345206483474
661,2,160,0.6192,13932,0.6192,0.7253567051055388,0.09342536512350408
662,2,161,0.6222222222222222,14000,0.6222222222222222,0.7240185735538224,0.0915227455685404
663,2,162,0.6201777777777778,13954,0.6201777777777778,0.7207388692273485,0.09225688652071005
664,2,163,0.6356444444444445,14302,0.6356444444444445,0.7316270906735286,0.08852812621135227
665,2,164,0.6250222222222223,14063,0.6250222222222223,0.7257398389814002,0.09289043535088601
666,2,165,0.6146222222222222,13829,0.6146222222222222,0.724378239516238,0.09800366425264022
667,2,166,0.6184888888888889,13916,0.6184888888888889,0.7221399994350052,0.0935693330946631
668,2,167,0.6295111111111111,14164,0.6295111111111111,0.7260924397965609,0.09053725924464885
669,2,168,0.6121777777777778,13774,0.6121777777777778,0.7157429611377506,0.09208076375110365
670,2,169,0.6281777777777777,14134,0.6281777777777777,0.7261007381571204,0.09120503558423321
671,2,170,0.6212,13977,0.6212,0.7219542580769481,0.09165221757979683
672,2,171,0.6184444444444445,13915,0.6184444444444445,0.7135769127334888,0.08987757544389159
673,2,172,0.6192888888888889,13934,0.6192888888888889,0.7203523225061855,0.09344343762561451
674,2,173,0.6212,13977,0.6212,0.7262735362268301,0.09413490865953447
675,2,174,0.6155111111111111,13849,0.6155111111111111,0.7235903274519524,0.09364798393420616
676,2,175,0.6190222222222223,13928,0.6190222222222223,0.7188426077289864,0.09181634028417583
677,2,176,0.6119111111111111,13768,0.6119111111111111,0.721160913944348,0.09545484645242534
678,2,177,0.6169777777777777,13882,0.6169777777777777,0.7181604239910151,0.09323991283631058
679,2,178,0.6144444444444445,13825,0.6144444444444445,0.719600880789614,0.09183550161036039
680,2,179,0.6205777777777778,13963,0.6205777777777778,0.7201903024314146,0.09337128844529675
681,2,180,0.6167555555555555,13877,0.6167555555555555,0.7208997405164412,0.09282640851529425
682,2,181,0.6198222222222223,13946,0.6198222222222223,0.7099483327913996,0.08862653089539242
683,2,182,0.6250222222222223,14063,0.6250222222222223,0.725229018187772,0.08822505094021833
684,2,183,0.6214666666666666,13983,0.6214666666666666,0.7188650643756881,0.08901389658248196
685,2,184,0.6226666666666667,14010,0.6226666666666667,0.7248003598534276,0.09453467180308227
686,2,185,0.6233333333333333,14025,0.6233333333333333,0.7218689408494698,0.08787596198872234
687,2,186,0.6164,13869,0.6164,0.7134497836759915,0.09103421155674103
688,2,187,0.6249333333333333,14061,0.6249333333333333,0.724888687271482,0.0933060032578546
689,2,188,0.6310666666666667,14199,0.6310666666666667,0.7290321602095645,0.09418294109922946
690,2,189,0.6196888888888888,13943,0.6196888888888888,0.7218275636996486,0.09143226687339309
691,2,190,0.6213777777777778,13981,0.6213777777777778,0.7183448696985274,0.09115944821693339
692,2,191,0.6270666666666667,14109,0.6270666666666667,0.7229489665659748,0.08900943741584642
693,2,192,0.6273777777777778,14116,0.6273777777777778,0.7225221893005098,0.0935867430582323
694,2,193,0.6243111111111111,14047,0.6243111111111111,0.7227528744163404,0.08972670490099868
695,2,194,0.6083555555555555,13688,0.6083555555555555,0.7136946802534976,0.093250931001852
696,2,195,0.6181777777777778,13909,0.6181777777777778,0.721268621504726,0.0931750395092109
697,2,196,0.6192888888888889,13934,0.6192888888888889,0.7269974788889382,0.09567793385848737
698,2,197,0.6185777777777778,13918,0.6185777777777778,0.7151922165690523,0.09172200318770413
699,2,198,0.6224,14004,0.6224,0.7273247034530369,0.09351099911368957
700,2,199,0.6275111111111111,14119,0.6275111111111111,0.7284585036309655,0.09047147112242057
701,2,200,0.6163555555555555,13868,0.6163555555555555,0.7248427142948758,0.09483912914300342
702,2,201,0.6136888888888888,13808,0.6136888888888888,0.7146336776879825,0.09282194118543773
703,2,202,0.6204444444444445,13960,0.6204444444444445,0.7194823378088165,0.08992885128523412
704,2,203,0.6271555555555556,14111,0.6271555555555556,0.7230683847179015,0.09088579211689372
705,2,204,0.6187555555555555,13922,0.6187555555555555,0.7175634880010545,0.09412863456872544
706,2,205,0.6144444444444445,13825,0.6144444444444445,0.7133922389614251,0.09049589267623696
707,2,206,0.6256,14076,0.6256,0.7212121574991734,0.0918153223673062
708,2,207,0.618,13905,0.618,0.7183668818932114,0.09294651804864568
709,2,208,0.6239555555555556,14039,0.6239555555555556,0.7226415983197781,0.09328554541618395
710,2,209,0.6144444444444445,13825,0.6144444444444445,0.7220421708492419,0.09498156480935332
711,2,210,0.6111111111111112,13750,0.6111111111111112,0.7054772181434932,0.09163161239622028
712,2,211,0.6212888888888889,13979,0.6212888888888889,0.7191918472917432,0.09106178277984037
713,2,212,0.6294666666666666,14163,0.6294666666666666,0.7307833124196181,0.09297367010210368
714,2,213,0.6177333333333334,13899,0.6177333333333334,0.7183447573320323,0.09166517969312506
715,2,214,0.6209333333333333,13971,0.6209333333333333,0.7225323442048737,0.0937213781424527
716,2,215,0.6274666666666666,14118,0.6274666666666666,0.7302373803942325,0.09490739066718404
717,2,216,0.6206666666666667,13965,0.6206666666666667,0.7130439800479792,0.09083923867718495
718,2,217,0.6158222222222223,13856,0.6158222222222223,0.7134364832809881,0.08979804179585975
719,2,218,0.6168,13878,0.6168,0.7194025567351254,0.09170771830250388
720,2,219,0.6213777777777778,13981,0.6213777777777778,0.725750275736834,0.0925473855593198
721,2,220,0.6232888888888889,14024,0.6232888888888889,0.7260130918821651,0.09266907238426442
722,2,221,0.6216,13986,0.6216,0.7181734863162607,0.09030523083907085
723,2,222,0.6169777777777777,13882,0.6169777777777777,0.7179277655818282,0.0918075995566244
724,2,223,0.6166666666666667,13875,0.6166666666666667,0.7128655991070181,0.08665732595460911
725,2,224,0.6302222222222222,14180,0.6302222222222222,0.7287514106769468,0.09228451407739255
726,2,225,0.6174666666666667,13893,0.6174666666666667,0.7183776458525104,0.09155592388461052
727,2,226,0.6111555555555556,13751,0.6111555555555556,0.7209308693899756,0.0958513072857523
728,2,227,0.6242222222222222,14045,0.6242222222222222,0.7239642718695285,0.09148019821524792
729,2,228,0.6328,14238,0.6328,0.7203707659839786,0.08534094445603077
730,2,229,0.612,13770,0.612,0.7127597867751564,0.08947104157144188
731,2,230,0.6246222222222222,14054,0.6246222222222222,0.7259594375719423,0.09096195468242411
732,2,231,0.6195111111111111,13939,0.6195111111111111,0.7177750732634625,0.09271737946994636
733,2,232,0.6216444444444444,13987,0.6216444444444444,0.7212595718275714,0.09155373841325466
734,2,233,0.6169777777777777,13882,0.6169777777777777,0.7145154323978482,0.09398538980722483
735,2,234,0.6172444444444445,13888,0.6172444444444445,0.7222655061247284,0.09387544893227488
736,2,235,0.6275555555555555,14120,0.6275555555555555,0.7287881113053235,0.0924234280996301
737,2,236,0.6250666666666667,14064,0.6250666666666667,0.7254251443622023,0.09070434865281454
738,2,237,0.6224888888888889,14006,0.6224888888888889,0.7139866891204261,0.09078029399972772
739,2,238,0.6223111111111111,14002,0.6223111111111111,0.7209823981293287,0.09108978287701794
740,2,239,0.6208444444444444,13969,0.6208444444444444,0.7174645207809389,0.09001617433721765
741,2,240,0.6175111111111111,13894,0.6175111111111111,0.7196715182135229,0.09072399820697062
742,2,241,0.6172,13887,0.6172,0.714621643589435,0.0929985189965847
743,2,242,0.6168444444444444,13879,0.6168444444444444,0.7209307662805056,0.0913138234785514
744,2,243,0.6096,13716,0.6096,0.7147937572811308,0.09419462002413075
745,2,244,0.6155111111111111,13849,0.6155111111111111,0.7154380412249692,0.0898959737772305
746,2,245,0.6305777777777778,14188,0.6305777777777778,0.7333332372427914,0.08932055298776834
747,2,246,0.6195555555555555,13940,0.6195555555555555,0.7112358953215435,0.09216664115248052
748,2,247,0.6182666666666666,13911,0.6182666666666666,0.7175657768448647,0.09328811710712358
749,2,248,0.6199111111111111,13948,0.6199111111111111,0.7187062036616946,0.09220066342398578
750,2,249,0.6234222222222222,14027,0.6234222222222222,0.7241929125629721,0.09120894974562774
751,2,250,0.6128444444444444,13789,0.6128444444444444,0.717820305895858,0.09221637107253434
752,2,251,0.6138666666666667,13812,0.6138666666666667,0.7171889472345778,0.09303219735385661
753,2,252,0.6254222222222222,14072,0.6254222222222222,0.7285497366891838,0.09317232584828265
754,2,253,0.6136888888888888,13808,0.6136888888888888,0.7181614543412148,0.09580391972446929
755,2,254,0.614,13815,0.614,0.7149509582151409,0.09305316209706793
756,2,255,0.6108444444444444,13744,0.6108444444444444,0.71249000864982,0.09299045622418504
757,2,256,0.6245777777777778,14053,0.6245777777777778,0.716038341092818,0.08874169310855853
758,2,257,0.6193333333333333,13935,0.6193333333333333,0.7134825594237952,0.09284059105196728
759,2,258,0.6135555555555555,13805,0.6135555555555555,0.7097592438557399,0.08821752118066051
760,2,259,0.6195555555555555,13940,0.6195555555555555,0.7171428641420514,0.09208399882327375
761,2,260,0.6265333333333334,14097,0.6265333333333334,0.7257596578696308,0.09196433295329833
762,2,261,0.6141777777777778,13819,0.6141777777777778,0.7150844993041113,0.08963223727067854
763,2,262,0.6187555555555555,13922,0.6187555555555555,0.7141665422193956,0.0926490803916622
764,2,263,0.6100888888888889,13727,0.6100888888888889,0.7135067618760114,0.09576649814639963
765,2,264,0.6163555555555555,13868,0.6163555555555555,0.7203237565543295,0.09491013228527333
766,2,265,0.6246666666666667,14055,0.6246666666666667,0.7248106759581181,0.09425342928494748
767,2,266,0.6233777777777778,14026,0.6233777777777778,0.7306632720136534,0.09369421171725872
768,2,267,0.6160444444444444,13861,0.6160444444444444,0.7147213655753749,0.09495111794008033
769,2,268,0.6207555555555555,13967,0.6207555555555555,0.7155587424467825,0.09000464673924782
770,2,269,0.6257333333333334,14079,0.6257333333333334,0.7280508705607003,0.0899222144936566
771,2,270,0.6136444444444444,13807,0.6136444444444444,0.7124946507387145,0.09105508444276073
772,2,271,0.6261777777777778,14089,0.6261777777777778,0.7244827629258135,0.09071617809175697
773,2,272,0.6220888888888889,13997,0.6220888888888889,0.7156558676174787,0.08920021223151592
774,2,273,0.6237333333333334,14034,0.6237333333333334,0.7281840116769729,0.09129597187257137
775,2,274,0.6232888888888889,14024,0.6232888888888889,0.7206586741347352,0.09095429058014745
776,2,275,0.6266666666666667,14100,0.6266666666666667,0.7214185454211282,0.08734201838398448
777,2,276,0.6156888888888888,13853,0.6156888888888888,0.7194512998515649,0.0943834146669491
778,2,277,0.6119555555555556,13769,0.6119555555555556,0.7064539707847108,0.09051887972435135
779,2,278,0.6122666666666666,13776,0.6122666666666666,0.7071697777907707,0.08965500154397242
780,2,279,0.6129777777777777,13792,0.6129777777777777,0.7136196863678537,0.09610052090639273
781,2,280,0.6204888888888889,13961,0.6204888888888889,0.7175029053890408,0.0905600636069947
782,2,281,0.6159555555555556,13859,0.6159555555555556,0.7184364076137965,0.09303871447069416
783,2,282,0.6179555555555556,13904,0.6179555555555556,0.7199513181467533,0.09225590613032697
784,2,283,0.6151111111111112,13840,0.6151111111111112,0.7152860573060226,0.09307182605088452
785,2,284,0.6174222222222222,13892,0.6174222222222222,0.7191894747185014,0.09184216178606794
786,2,285,0.6204888888888889,13961,0.6204888888888889,0.7221822592326401,0.09424839659241713
787,2,286,0.6358222222222222,14306,0.6358222222222222,0.7351590832388147,0.09162780203294721
788,2,287,0.6295555555555555,14165,0.6295555555555555,0.7263093380309762,0.09017195805972625
789,2,288,0.6239111111111111,14038,0.6239111111111111,0.7277960150333384,0.09164348380700213
790,2,289,0.6277333333333334,14124,0.6277333333333334,0.7284719071044499,0.0917875303952881
791,2,290,0.6239555555555556,14039,0.6239555555555556,0.719717296521963,0.09061293834557142
792,2,291,0.6188444444444444,13924,0.6188444444444444,0.7163819141328693,0.08942296458444343
793,2,292,0.6312888888888889,14204,0.6312888888888889,0.7252521137483324,0.09533277069585765
794,2,293,0.6272444444444445,14113,0.6272444444444445,0.7204910360828976,0.09171768631104699
795,2,294,0.6076,13671,0.6076,0.7145852066490402,0.09413164070893114
796,2,295,0.6229333333333333,14016,0.6229333333333333,0.7199030756882727,0.09029388811857565
797,2,296,0.6154222222222222,13847,0.6154222222222222,0.7230416841980282,0.09299914444926906
798,2,297,0.6118666666666667,13767,0.6118666666666667,0.7131683609296726,0.09344471191079318
799,2,298,0.6252444444444445,14068,0.6252444444444445,0.7250604119980897,0.08564129245432502
800,2,299,0.6200888888888889,13952,0.6200888888888889,0.7184967000100774,0.08857591582418008
801,2,300,0.6240444444444444,14041,0.6240444444444444,0.7236462078073524,0.09321805631511576
802,2,301,0.6228888888888889,14015,0.6228888888888889,0.7226983139473795,0.09082911303153825
803,2,302,0.6214666666666666,13983,0.6214666666666666,0.7198293597386474,0.0931040287572728
804,2,303,0.6156444444444444,13852,0.6156444444444444,0.7137628704873368,0.09066056080180658
805,2,304,0.6324888888888889,14231,0.6324888888888889,0.7320773147982429,0.09153061027594905
806,2,305,0.6246666666666667,14055,0.6246666666666667,0.7259545379745935,0.09233451096804954
807,2,306,0.6239555555555556,14039,0.6239555555555556,0.7248801819509011,0.09162220137580208
808,2,307,0.6288888888888889,14150,0.6288888888888889,0.7274248942061498,0.09264637931635883
809,2,308,0.6244444444444445,14050,0.6244444444444445,0.7219480695504331,0.09156977795651423
810,2,309,0.6161333333333333,13863,0.6161333333333333,0.7200502736973775,0.09253594795245813
811,2,310,0.6272,14112,0.6272,0.721428937300258,0.0919743981740165
812,2,311,0.622,13995,0.622,0.7139113384372073,0.08832558338625897
813,2,312,0.6158666666666667,13857,0.6158666666666667,0.7184727301504168,0.09030589745140026
814,2,313,0.6144888888888889,13826,0.6144888888888889,0.7218221524434466,0.09506300832836016
815,2,314,0.6217333333333334,13989,0.6217333333333334,0.7230095484628867,0.09076459860732881
816,2,315,0.6203555555555555,13958,0.6203555555555555,0.722063983708276,0.09612273284134207
817,2,316,0.6138222222222223,13811,0.6138222222222223,0.7105372977636776,0.09134311810982962
818,2,317,0.6257777777777778,14080,0.6257777777777778,0.7225730437051107,0.0919863552348683
819,2,318,0.6173777777777778,13891,0.6173777777777778,0.7174037056983944,0.09254829467044091
820,2,319,0.6174222222222222,13892,0.6174222222222222,0.7197161056775504,0.09261627740136588
821,2,320,0.6224,14004,0.6224,0.7171364547970246,0.08822920173894883
822,2,321,0.6208888888888889,13970,0.6208888888888889,0.7176589647940538,0.08797491747341185
823,2,322,0.6216444444444444,13987,0.6216444444444444,0.7235751943703133,0.09090043181533786
824,2,323,0.6182222222222222,13910,0.6182222222222222,0.7194481418671289,0.09513059174263704
825,2,324,0.6291111111111111,14155,0.6291111111111111,0.7261017139836383,0.09048827201003957
826,2,325,0.6259555555555556,14084,0.6259555555555556,0.7284693393067889,0.09350448863741082
827,2,326,0.6228,14013,0.6228,0.7207408055650649,0.09362986849628134
828,2,327,0.6261777777777778,14089,0.6261777777777778,0.7221298334218396,0.09384878232906965
829,2,328,0.6239111111111111,14038,0.6239111111111111,0.723889886217156,0.09225955670873473
830,2,329,0.6226666666666667,14010,0.6226666666666667,0.7251012143685748,0.09398385133756129
831,2,330,0.6187555555555555,13922,0.6187555555555555,0.7244151874996444,0.09272433084049474
832,2,331,0.6127111111111111,13786,0.6127111111111111,0.7145097713251206,0.0904130441729058
833,2,332,0.6217777777777778,13990,0.6217777777777778,0.7224595360409254,0.09188202716163309
834,2,333,0.6248888888888889,14060,0.6248888888888889,0.7215819723431918,0.08895669156853864
835,2,334,0.6247111111111111,14056,0.6247111111111111,0.7151027020848896,0.0893774324002849
836,2,335,0.6161333333333333,13863,0.6161333333333333,0.7148527416083911,0.08941510984651206
837,2,336,0.6192888888888889,13934,0.6192888888888889,0.7224653928379342,0.09350267871986698
838,2,337,0.624,14040,0.624,0.7253889281471606,0.08869590052957696
839,2,338,0.6237777777777778,14035,0.6237777777777778,0.7265363436619136,0.09083618296156562
840,2,339,0.6148444444444444,13834,0.6148444444444444,0.7142336344806837,0.09434769879150283
841,2,340,0.6175111111111111,13894,0.6175111111111111,0.717501743787129,0.09320808634287742
842,2,341,0.6267111111111111,14101,0.6267111111111111,0.7270801860848396,0.09164555996339713
843,2,342,0.6152444444444445,13843,0.6152444444444445,0.7185901116023634,0.0888758132673623
844,2,343,0.6231111111111111,14020,0.6231111111111111,0.7203550585635835,0.0892621418847914
845,2,344,0.6174666666666667,13893,0.6174666666666667,0.7214776304813305,0.09369947424652852
846,2,345,0.6143111111111111,13822,0.6143111111111111,0.7210559890053825,0.09671733374549907
847,2,346,0.6228888888888889,14015,0.6228888888888889,0.7292228590361673,0.09317075128243414
848,2,347,0.6295555555555555,14165,0.6295555555555555,0.7275502540521899,0.09025548054248826
849,2,348,0.6238222222222222,14036,0.6238222222222222,0.730575331234423,0.09277665538289223
850,2,349,0.6235555555555555,14030,0.6235555555555555,0.7195625196230749,0.09251137134327674
851,2,350,0.6242222222222222,14045,0.6242222222222222,0.7225667817574307,0.09134097408124016
852,2,351,0.6221777777777778,13999,0.6221777777777778,0.7191528456219346,0.09070283207851826
853,2,352,0.6135555555555555,13805,0.6135555555555555,0.7160491326314021,0.0935935932400723
854,2,353,0.6278666666666667,14127,0.6278666666666667,0.7245746877396285,0.0887584925798282
855,2,354,0.6298222222222222,14171,0.6298222222222222,0.7312110094258475,0.09085024584456418
856,2,355,0.6233333333333333,14025,0.6233333333333333,0.7223315551967245,0.0961609356887619
857,2,356,0.6209777777777777,13972,0.6209777777777777,0.7230025786352773,0.09527288697045158
858,2,357,0.6199111111111111,13948,0.6199111111111111,0.7212033106021257,0.09209714065053787
859,2,358,0.6179555555555556,13904,0.6179555555555556,0.7137204143638115,0.0896555277773078
860,2,359,0.6193777777777778,13936,0.6193777777777778,0.7279049443707605,0.09449142211959466
861,2,360,0.6190222222222223,13928,0.6190222222222223,0.7138534198848732,0.08589372125513912
862,2,361,0.6138666666666667,13812,0.6138666666666667,0.7163100143840366,0.09182689525132867
863,2,362,0.6251555555555556,14066,0.6251555555555556,0.7270767898293558,0.09111454770622561
864,2,363,0.6213333333333333,13980,0.6213333333333333,0.7181756743646068,0.08883296462470378
865,2,364,0.6262666666666666,14091,0.6262666666666666,0.7247376328127489,0.09233268957491358
866,2,365,0.6219111111111111,13993,0.6219111111111111,0.7256838410892273,0.09595109999286189
867,2,366,0.6223111111111111,14002,0.6223111111111111,0.718412889326207,0.09119462202372086
868,2,367,0.6230222222222223,14018,0.6230222222222223,0.7213477285319189,0.09091276615307355
869,2,368,0.6212444444444445,13978,0.6212444444444445,0.719600763456174,0.09150056915254765
870,2,369,0.6270222222222223,14108,0.6270222222222223,0.7251749456382177,0.09192618686466059
871,2,370,0.6272444444444445,14113,0.6272444444444445,0.7282647393451193,0.0902986351050876
872,2,371,0.6228888888888889,14015,0.6228888888888889,0.7206619750376747,0.09366739215442645
873,2,372,0.6276444444444444,14122,0.6276444444444444,0.7213046487089696,0.0890686400734994
874,2,373,0.626,14085,0.626,0.7197680871569493,0.08853530079716443
875,2,374,0.6202666666666666,13956,0.6202666666666666,0.7191157702665928,0.09132858184661272
876,2,375,0.6272888888888889,14114,0.6272888888888889,0.7252587002279337,0.09037442613945716
877,2,376,0.6215555555555555,13985,0.6215555555555555,0.7209838514623628,0.09256464703632031
878,2,377,0.6179555555555556,13904,0.6179555555555556,0.7197371187564812,0.09116308892472269
879,2,378,0.6193777777777778,13936,0.6193777777777778,0.7224272444779145,0.09558191524946373
880,2,379,0.6068,13653,0.6068,0.7067498581108723,0.0922187007716394
881,2,380,0.6222666666666666,14001,0.6222666666666666,0.7219446044122791,0.0941706682774754
882,2,381,0.6188444444444444,13924,0.6188444444444444,0.720034345407337,0.09509346654761648
883,2,382,0.6231555555555556,14021,0.6231555555555556,0.7182873492118743,0.08993962183881077
884,2,383,0.6258222222222222,14081,0.6258222222222222,0.7198555484474112,0.08486150289675329
885,2,384,0.6235111111111111,14029,0.6235111111111111,0.7262787257433427,0.09060700094395685
886,2,385,0.6270222222222223,14108,0.6270222222222223,0.7272455338511901,0.09199172709365103
887,2,386,0.6173777777777778,13891,0.6173777777777778,0.724981728568671,0.09411022895531129
888,2,387,0.6239555555555556,14039,0.6239555555555556,0.7175210149494213,0.09198937083346935
889,2,388,0.6359111111111111,14308,0.6359111111111111,0.7327589894817506,0.09185214612273843
890,2,389,0.6214666666666666,13983,0.6214666666666666,0.7191417603072936,0.08989798476295809
891,2,390,0.6308444444444444,14194,0.6308444444444444,0.7185764043119427,0.08817856752202563
892,2,391,0.6127555555555556,13787,0.6127555555555556,0.7180667536296431,0.09287354204111065
893,2,392,0.6268888888888889,14105,0.6268888888888889,0.725753211056616,0.09072061177356917
894,2,393,0.6272444444444445,14113,0.6272444444444445,0.7210358473755595,0.09274544041282899
895,2,394,0.6184888888888889,13916,0.6184888888888889,0.7213269096063222,0.09466416279372711
896,2,395,0.6218222222222223,13991,0.6218222222222223,0.7196502252353834,0.09395765488469092
897,2,396,0.6232444444444445,14023,0.6232444444444445,0.7330000424168804,0.09545309182459505
898,2,397,0.6183555555555555,13913,0.6183555555555555,0.7212421285612077,0.09198211692712636
899,2,398,0.6203111111111111,13957,0.6203111111111111,0.7289931838737638,0.09402810804483074
900,2,399,0.6175555555555555,13895,0.6175555555555555,0.7134423058653031,0.09385383929443479
901,2,400,0.6080888888888889,13682,0.6080888888888889,0.7085377701273251,0.09273978813134313
902,2,401,0.6136888888888888,13808,0.6136888888888888,0.7097312847503905,0.09264031762963454
903,2,402,0.6198222222222223,13946,0.6198222222222223,0.723748682450321,0.0957593714252911
904,2,403,0.6215555555555555,13985,0.6215555555555555,0.7227978167250106,0.09054409422381995
905,2,404,0.6255555555555555,14075,0.6255555555555555,0.7248474933813439,0.09187884251061282
906,2,405,0.6311555555555556,14201,0.6311555555555556,0.7296433037316721,0.09132306128046151
907,2,406,0.6248,14058,0.6248,0.7245596681095875,0.09055305060065724
908,2,407,0.6188,13923,0.6188,0.7168728363164046,0.09264277151272741
909,2,408,0.6086666666666667,13695,0.6086666666666667,0.7094269601975807,0.0918358401270257
910,2,409,0.6162666666666666,13866,0.6162666666666666,0.7218070482986061,0.09409321062263193
911,2,410,0.6198666666666667,13947,0.6198666666666667,0.7276724207075304,0.09438781010915653
912,2,411,0.6242222222222222,14045,0.6242222222222222,0.7249844399024769,0.09352105986478998
913,2,412,0.6143555555555555,13823,0.6143555555555555,0.7098908291210936,0.0940350026645937
914,2,413,0.6133333333333333,13800,0.6133333333333333,0.716927728481886,0.09099216031928523
915,2,414,0.6193777777777778,13936,0.6193777777777778,0.7220302933524728,0.09258502180970905
916,2,415,0.6141333333333333,13818,0.6141333333333333,0.7181191213903412,0.09231130455406077
917,2,416,0.6128444444444444,13789,0.6128444444444444,0.7146732867876899,0.0925151349970168
918,2,417,0.6164,13869,0.6164,0.7155250629480551,0.09170818142655637
919,2,418,0.6248888888888889,14060,0.6248888888888889,0.7217849533929819,0.0919492596568279
920,2,419,0.6354222222222222,14297,0.6354222222222222,0.7330679675323173,0.09050618821617296
921,2,420,0.6233333333333333,14025,0.6233333333333333,0.7230785242674831,0.09140206699948819
922,2,421,0.6182666666666666,13911,0.6182666666666666,0.7173452037954121,0.09284136578978949
923,2,422,0.6252,14067,0.6252,0.7292184740444692,0.0922064074829418
924,2,423,0.6148,13833,0.6148,0.7171355464016473,0.09614215141064948
925,2,424,0.6099111111111111,13723,0.6099111111111111,0.7117217256816951,0.09176348713293558
926,2,425,0.6158222222222223,13856,0.6158222222222223,0.7192649841995782,0.09466449725429647
927,2,426,0.6128,13788,0.6128,0.7178433808768933,0.09357255784148305
928,2,427,0.618,13905,0.618,0.7205790053710719,0.09378922794837602
929,2,428,0.6182222222222222,13910,0.6182222222222222,0.7200092256686517,0.0899035958484307
930,2,429,0.6242666666666666,14046,0.6242666666666666,0.7231445923445734,0.09084861474371538
931,2,430,0.6167555555555555,13877,0.6167555555555555,0.7195172753503816,0.09088667332100102
932,2,431,0.6194666666666667,13938,0.6194666666666667,0.7230767379440941,0.09014279353463653
933,2,432,0.6147555555555556,13832,0.6147555555555556,0.7211030366852428,0.09079647173729745
934,2,433,0.6258222222222222,14081,0.6258222222222222,0.7231290721564051,0.08926444349160799
935,2,434,0.6089333333333333,13701,0.6089333333333333,0.7139257049845118,0.09536350545290427
936,2,435,0.6289777777777777,14152,0.6289777777777777,0.7280072339706857,0.09200475287574227
937,2,436,0.6263111111111112,14092,0.6263111111111112,0.72319579747663,0.0908545076548805
938,2,437,0.6216,13986,0.6216,0.7218211959944817,0.09221986657799702
939,2,438,0.6234222222222222,14027,0.6234222222222222,0.7171365033388734,0.09293719732272016
940,2,439,0.6244888888888889,14051,0.6244888888888889,0.7319541595507932,0.09296801551743195
941,2,440,0.6206666666666667,13965,0.6206666666666667,0.716170567713631,0.09123828122568473
942,2,441,0.6212,13977,0.6212,0.7146941007500072,0.09163917814485051
943,2,442,0.6232,14022,0.6232,0.7259250651981645,0.09264003611232946
944,2,443,0.6270222222222223,14108,0.6270222222222223,0.7237841344401005,0.0912840963514216
945,2,444,0.6268444444444444,14104,0.6268444444444444,0.7233163913462729,0.08980371335338931
946,2,445,0.6263111111111112,14092,0.6263111111111112,0.7270956419841359,0.09108476070828093
947,2,446,0.6187111111111111,13921,0.6187111111111111,0.7217533172555393,0.09414553276881643
948,2,447,0.6228,14013,0.6228,0.7239978182493053,0.0928579891102634
949,2,448,0.6211555555555556,13976,0.6211555555555556,0.7178874516897136,0.08743983113559826
950,2,449,0.6188444444444444,13924,0.6188444444444444,0.7186431144252258,0.09140800176203381
951,2,450,0.6289333333333333,14151,0.6289333333333333,0.7210666369621289,0.0889896606426563
952,2,451,0.6223111111111111,14002,0.6223111111111111,0.7251727602009176,0.09203844754500752
953,2,452,0.6230222222222223,14018,0.6230222222222223,0.7285897753044547,0.09217113528703481
954,2,453,0.6204888888888889,13961,0.6204888888888889,0.715769725459812,0.09319865973579372
955,2,454,0.6197777777777778,13945,0.6197777777777778,0.7185164879542459,0.09232311669796059
956,2,455,0.6141777777777778,13819,0.6141777777777778,0.7173114247701657,0.09489859291088013
957,2,456,0.6271111111111111,14110,0.6271111111111111,0.7250039923459675,0.09390359421510946
958,2,457,0.6223111111111111,14002,0.6223111111111111,0.7288357006565576,0.09152012082678947
959,2,458,0.6258666666666667,14082,0.6258666666666667,0.7271336688235044,0.09221919502521657
960,2,459,0.6188,13923,0.6188,0.7168063178504326,0.0896214769315101
961,2,460,0.6289777777777777,14152,0.6289777777777777,0.7284798867492003,0.09031448757940307
962,2,461,0.6168444444444444,13879,0.6168444444444444,0.7277363443335474,0.09545582696140768
963,2,462,0.6116888888888888,13763,0.6116888888888888,0.717418403458892,0.09548517989546296
964,2,463,0.6208888888888889,13970,0.6208888888888889,0.7214833033744588,0.09210224115732235
965,2,464,0.6225333333333334,14007,0.6225333333333334,0.7206504218539523,0.09098990144366392
966,2,465,0.6208,13968,0.6208,0.7269491788755466,0.09383465158109727
967,2,466,0.6170666666666667,13884,0.6170666666666667,0.7215161106226594,0.09376952280769972
968,2,467,0.6224444444444445,14005,0.6224444444444445,0.7229916683307107,0.09092469357488668
969,2,468,0.6277333333333334,14124,0.6277333333333334,0.7262074378646752,0.09227670226206137
970,2,469,0.6290666666666667,14154,0.6290666666666667,0.7257640351153989,0.0899204507864086
971,2,470,0.6147111111111111,13831,0.6147111111111111,0.7127665365667463,0.08818723534591166
972,2,471,0.6208444444444444,13969,0.6208444444444444,0.722267883940525,0.09261174281169514
973,2,472,0.6298666666666667,14172,0.6298666666666667,0.7242238565955592,0.09160458990349737
974,2,473,0.6222222222222222,14000,0.6222222222222222,0.7187689135314169,0.08968857230699309
975,2,474,0.6342666666666666,14271,0.6342666666666666,0.7288153358453546,0.09380873815468715
976,2,475,0.6183555555555555,13913,0.6183555555555555,0.7175237110654632,0.09018485296700952
977,2,476,0.6088,13698,0.6088,0.7116625920734937,0.09382470586556482
978,2,477,0.6245333333333334,14052,0.6245333333333334,0.7284900855191021,0.09182124961101269
979,2,478,0.6233333333333333,14025,0.6233333333333333,0.728357250167582,0.0942410500228364
980,2,479,0.6231111111111111,14020,0.6231111111111111,0.7178946523672772,0.09183256770175156
981,2,480,0.6286222222222222,14144,0.6286222222222222,0.7232070721950822,0.09026831237564857
982,2,481,0.6172444444444445,13888,0.6172444444444445,0.716415367644661,0.09312772960520306
983,2,482,0.6215111111111111,13984,0.6215111111111111,0.7169593231204154,0.0877714518238243
984,2,483,0.6256444444444444,14077,0.6256444444444444,0.7218885645483334,0.09196544967503423
985,2,484,0.6251555555555556,14066,0.6251555555555556,0.7187997387675217,0.0893099204001362
986,2,485,0.6133777777777778,13801,0.6133777777777778,0.7156102535695135,0.0926903094057091
987,2,486,0.6128,13788,0.6128,0.7171091708696411,0.09570867248300753
988,2,487,0.6103555555555555,13733,0.6103555555555555,0.7194220126087292,0.09106461302074459
989,2,488,0.6212888888888889,13979,0.6212888888888889,0.7254097201424524,0.09128689611122102
990,2,489,0.6233777777777778,14026,0.6233777777777778,0.7255296753542609,0.09265487248413591
991,2,490,0.6108888888888889,13745,0.6108888888888889,0.7195067071010004,0.09492621771929073
992,2,491,0.6287555555555555,14147,0.6287555555555555,0.7262895855068229,0.08932678851446339
993,2,492,0.6188444444444444,13924,0.6188444444444444,0.7217160859858958,0.08931106847643759
994,2,493,0.6239111111111111,14038,0.6239111111111111,0.7165079464548865,0.09199094099501304
995,2,494,0.6200444444444444,13951,0.6200444444444444,0.7236581875914131,0.09586107361102279
996,2,495,0.6223111111111111,14002,0.6223111111111111,0.721498850677065,0.09152711703606557
997,2,496,0.6179555555555556,13904,0.6179555555555556,0.7191327804595469,0.09186171169128077
998,2,497,0.6222666666666666,14001,0.6222666666666666,0.7236174023721499,0.09449428887606157
999,2,498,0.6223111111111111,14002,0.6223111111111111,0.7255329764406203,0.09556056702516685
1000,2,499,0.6216444444444444,13987,0.6216444444444444,0.7207983575584598,0.0914756669164493
1001,4,0,0.6670222222222222,15008,0.6670222222222222,0.7826613956040883,0.07462695998835493
1002,4,1,0.6667111111111111,15001,0.6667111111111111,0.7791937391081789,0.07658422106515565
1003,4,2,0.6623555555555556,14903,0.6623555555555556,0.7808770310553826,0.07816813352915497
1004,4,3,0.6697333333333333,15069,0.6697333333333333,0.7898526212355733,0.07760657011538115
1005,4,4,0.6630222222222222,14918,0.6630222222222222,0.7832044348421108,0.07815256019738198
1006,4,5,0.6704888888888889,15086,0.6704888888888889,0.7868942657813889,0.07543116176105394
1007,4,6,0.6663555555555556,14993,0.6663555555555556,0.7845907810145288,0.07774977642785552
1008,4,7,0.6626666666666666,14910,0.6626666666666666,0.7815926625985283,0.0781944467990874
1009,4,8,0.6625333333333333,14907,0.6625333333333333,0.7849353298746962,0.08104993586100996
1010,4,9,0.6687555555555555,15047,0.6687555555555555,0.7850954965984308,0.07625217599449868
1011,4,10,0.6675555555555556,15020,0.6675555555555556,0.7871133041118056,0.0797719548980011
1012,4,11,0.6694666666666667,15063,0.6694666666666667,0.7876770579743987,0.07807013351476992
1013,4,12,0.6692,15057,0.6692,0.7898385909489393,0.08107936879653574
1014,4,13,0.6681777777777778,15034,0.6681777777777778,0.7856679356068319,0.07631559958574881
1015,4,14,0.6612444444444444,14878,0.6612444444444444,0.7797485886184522,0.07737935368349733
1016,4,15,0.6691555555555555,15056,0.6691555555555555,0.791816296875634,0.08103810779121412
1017,4,16,0.6677777777777778,15025,0.6677777777777778,0.7803737208747556,0.07679305500081873
1018,4,17,0.6696444444444445,15067,0.6696444444444445,0.7902415434938874,0.07840332741536749
1019,4,18,0.6671111111111111,15010,0.6671111111111111,0.7816850804794047,0.07571596191248195
1020,4,19,0.6675555555555556,15020,0.6675555555555556,0.7847768611658655,0.07845250417312237
1021,4,20,0.6621777777777778,14899,0.6621777777777778,0.7840752245776476,0.07862524141242345
1022,4,21,0.6681333333333334,15033,0.6681333333333334,0.7872137350749154,0.07799548150190332
1023,4,22,0.6638222222222222,14936,0.6638222222222222,0.7807586342114464,0.0774429147129963
1024,4,23,0.6626666666666666,14910,0.6626666666666666,0.7798089418724521,0.07563693863400237
1025,4,24,0.6665333333333333,14997,0.6665333333333333,0.7855022430962212,0.07509640908938571
1026,4,25,0.6655111111111112,14974,0.6655111111111112,0.7841315929495142,0.08007962933522939
1027,4,26,0.6626666666666666,14910,0.6626666666666666,0.7821389160381631,0.07772117399826743
1028,4,27,0.6674666666666667,15018,0.6674666666666667,0.7810813538797142,0.07738017973704138
1029,4,28,0.6658222222222222,14981,0.6658222222222222,0.7825117616708814,0.0775011297428955
1030,4,29,0.6680444444444444,15031,0.6680444444444444,0.7863868408116574,0.0788333474487867
1031,4,30,0.6676,15021,0.6676,0.7847945937023592,0.0764576594668323
1032,4,31,0.6669333333333334,15006,0.6669333333333334,0.7840087740820012,0.07547114352913817
1033,4,32,0.6660444444444444,14986,0.6660444444444444,0.7843134574634011,0.07869131357487784
1034,4,33,0.6665333333333333,14997,0.6665333333333333,0.7884539817626376,0.07664602977440868
1035,4,34,0.6694666666666667,15063,0.6694666666666667,0.7861277989585264,0.07664799153357128
1036,4,35,0.6710666666666667,15099,0.6710666666666667,0.7895456173852995,0.07733691779476236
1037,4,36,0.6608444444444445,14869,0.6608444444444445,0.7797274132800003,0.07817879300870097
1038,4,37,0.6648444444444445,14959,0.6648444444444445,0.779499802292824,0.07883798201568169
1039,4,38,0.6624888888888889,14906,0.6624888888888889,0.7844654045057519,0.07750348104631197
1040,4,39,0.6648,14958,0.6648,0.7803959012514105,0.07647916169967842
1041,4,40,0.6652,14967,0.6652,0.7855364611314515,0.07996395170398984
1042,4,41,0.6642666666666667,14946,0.6642666666666667,0.7832235855038147,0.0788374975785939
1043,4,42,0.6656444444444445,14977,0.6656444444444445,0.7787716080302092,0.0792272875729931
1044,4,43,0.6655111111111112,14974,0.6655111111111112,0.7855385295929871,0.07967179073868735
1045,4,44,0.6612,14877,0.6612,0.7790514871155424,0.0801940955389022
1046,4,45,0.6692444444444444,15058,0.6692444444444444,0.7882118699359171,0.07821919092003689
1047,4,46,0.6597333333333333,14844,0.6597333333333333,0.7807661157615322,0.07923783611647174
1048,4,47,0.6674666666666667,15018,0.6674666666666667,0.788478446041092,0.07964816290314701
1049,4,48,0.6623555555555556,14903,0.6623555555555556,0.781508254967789,0.07649761990637648
1050,4,49,0.6644,14949,0.6644,0.781730363984539,0.0797051823900586
1051,4,50,0.6683555555555556,15038,0.6683555555555556,0.7837173533431335,0.07672497348600028
1052,4,51,0.6661777777777778,14989,0.6661777777777778,0.7841636575917073,0.07845452788695802
1053,4,52,0.6650222222222222,14963,0.6650222222222222,0.7828932332712406,0.07731189062452967
1054,4,53,0.6656,14976,0.6656,0.7834928838569307,0.07796005534662535
1055,4,54,0.6664,14994,0.6664,0.7834166669975424,0.07901341154237793
1056,4,55,0.6670666666666667,15009,0.6670666666666667,0.7866045179153414,0.07547953459250717
1057,4,56,0.6670222222222222,15008,0.6670222222222222,0.7870711556517808,0.07989299833896309
1058,4,57,0.6643555555555556,14948,0.6643555555555556,0.7821268113198705,0.07539547699498883
1059,4,58,0.6688,15048,0.6688,0.7801625283975395,0.07821066621729975
1060,4,59,0.6695555555555556,15065,0.6695555555555556,0.790685166985621,0.07982046751482032
1061,4,60,0.6649777777777778,14962,0.6649777777777778,0.7811068392469008,0.07748202550139013
1062,4,61,0.6644,14949,0.6644,0.7846071995556704,0.07794962321972555
1063,4,62,0.6674222222222223,15017,0.6674222222222223,0.7878239132541719,0.0781351571371374
1064,4,63,0.6626666666666666,14910,0.6626666666666666,0.7820843822417396,0.0769527955846832
1065,4,64,0.6684444444444444,15040,0.6684444444444444,0.7841483595017826,0.07723762412664291
1066,4,65,0.6654222222222222,14972,0.6654222222222222,0.7798253705694475,0.0768301228211005
1067,4,66,0.6661777777777778,14989,0.6661777777777778,0.7837014086742357,0.07730511914619002
1068,4,67,0.6651555555555556,14966,0.6651555555555556,0.7791908065037487,0.07569176517383074
1069,4,68,0.6640888888888888,14942,0.6640888888888888,0.7808951891046451,0.07768732660665773
1070,4,69,0.6691555555555555,15056,0.6691555555555555,0.7855595571386179,0.07762974649531564
1071,4,70,0.6650666666666667,14964,0.6650666666666667,0.7843867711961727,0.07850019893094017
1072,4,71,0.6696888888888889,15068,0.6696888888888889,0.7845234632049257,0.07698488228663353
1073,4,72,0.6623555555555556,14903,0.6623555555555556,0.7816468850565258,0.0811401318345804
1074,4,73,0.6636,14931,0.6636,0.7820717305700421,0.07967331496311714
1075,4,74,0.6611555555555556,14876,0.6611555555555556,0.7833385415969703,0.0821276005652119
1076,4,75,0.6677333333333333,15024,0.6677333333333333,0.7839494179959023,0.07765738785145615
1077,4,76,0.6679555555555555,15029,0.6679555555555555,0.7848414446483698,0.07682566459424463
1078,4,77,0.6680888888888888,15032,0.6680888888888888,0.7878780099533573,0.07801172101721716
1079,4,78,0.6643111111111111,14947,0.6643111111111111,0.7857372522868192,0.07765332845521276
1080,4,79,0.6610666666666667,14874,0.6610666666666667,0.7869332928437464,0.08187297521594733
1081,4,80,0.6655111111111112,14974,0.6655111111111112,0.7849756340735126,0.0772333864789471
1082,4,81,0.6676,15021,0.6676,0.7858014412371728,0.0742310196718187
1083,4,82,0.6640888888888888,14942,0.6640888888888888,0.7767405660295024,0.07421181754787798
1084,4,83,0.6682222222222223,15035,0.6682222222222223,0.7860323307849794,0.07743158565976138
1085,4,84,0.6658222222222222,14981,0.6658222222222222,0.7792319172662862,0.07763394532485392
1086,4,85,0.6622666666666667,14901,0.6622666666666667,0.7797328826061019,0.07997812474690183
1087,4,86,0.6642222222222223,14945,0.6642222222222223,0.7817782781069894,0.07682946603559798
1088,4,87,0.6658666666666667,14982,0.6658666666666667,0.78446596412823,0.07681642382592781
1089,4,88,0.6634666666666666,14928,0.6634666666666666,0.7779090158929755,0.07489496393344437
1090,4,89,0.6642666666666667,14946,0.6642666666666667,0.7803011617051764,0.07738165328052406
1091,4,90,0.6636,14931,0.6636,0.777848048439953,0.07502150005753966
1092,4,91,0.6687555555555555,15047,0.6687555555555555,0.792907623869846,0.07892135705865515
1093,4,92,0.6686222222222222,15044,0.6686222222222222,0.7834232182142663,0.07625862634670326
1094,4,93,0.6664888888888889,14996,0.6664888888888889,0.7868532204629011,0.07980252034994316
1095,4,94,0.6673777777777777,15016,0.6673777777777777,0.7837177044323124,0.07707186396665494
1096,4,95,0.6656888888888889,14978,0.6656888888888889,0.7869526279748124,0.07897227558430953
1097,4,96,0.6712444444444444,15103,0.6712444444444444,0.7866422708212297,0.0755314760485832
1098,4,97,0.6699555555555555,15074,0.6699555555555555,0.7908835416169336,0.07937090914507434
1099,4,98,0.6656444444444445,14977,0.6656444444444445,0.7850490812180065,0.0791877220511577
1100,4,99,0.6619555555555555,14894,0.6619555555555555,0.7839083238770713,0.07890948811350315
1101,4,100,0.6670666666666667,15009,0.6670666666666667,0.7861558932650516,0.0813079431888808
1102,4,101,0.662,14895,0.662,0.7786258918966699,0.07968681048352884
1103,4,102,0.6654222222222222,14972,0.6654222222222222,0.7883125261491831,0.07813647918456586
1104,4,103,0.668,15030,0.668,0.7823966877982969,0.07391837263978922
1105,4,104,0.6703111111111111,15082,0.6703111111111111,0.7877113308025399,0.0776255789843278
1106,4,105,0.6709333333333334,15096,0.6709333333333334,0.7857111005790302,0.07663974960713452
1107,4,106,0.6664,14994,0.6664,0.7850232272323762,0.07744430155652583
1108,4,107,0.6680888888888888,15032,0.6680888888888888,0.7807325392228582,0.07825250063517625
1109,4,108,0.6692,15057,0.6692,0.7896524099457463,0.07476082869497247
1110,4,109,0.6690666666666667,15054,0.6690666666666667,0.7817620275921684,0.07598163411593013
1111,4,110,0.6618222222222222,14891,0.6618222222222222,0.7801106371844508,0.07867708003179874
1112,4,111,0.6689777777777778,15052,0.6689777777777778,0.7831624377838724,0.07783125060506897
1113,4,112,0.6662222222222223,14990,0.6662222222222223,0.7882043247421244,0.08078423609097946
1114,4,113,0.6629777777777778,14917,0.6629777777777778,0.7861892355497131,0.07810633067213099
1115,4,114,0.6666666666666666,15000,0.6666666666666666,0.787751313371198,0.077806898196537
1116,4,115,0.6707111111111111,15091,0.6707111111111111,0.7878406216209399,0.07840087106939869
1117,4,116,0.6646222222222222,14954,0.6646222222222222,0.780227804393202,0.07761416835329778
1118,4,117,0.6664888888888889,14996,0.6664888888888889,0.7840062873094559,0.07597768135037768
1119,4,118,0.668,15030,0.668,0.7876037661643863,0.07602634054565946
1120,4,119,0.6653333333333333,14970,0.6653333333333333,0.785228071570947,0.07802567501321285
1121,4,120,0.6660444444444444,14986,0.6660444444444444,0.7809399503317559,0.07598498547256118
1122,4,121,0.6664444444444444,14995,0.6664444444444444,0.786473916149471,0.07971227495092248
1123,4,122,0.6660888888888888,14987,0.6660888888888888,0.7843840560378114,0.07840112270108426
1124,4,123,0.6599111111111111,14848,0.6599111111111111,0.7830262445486403,0.07958987262000405
1125,4,124,0.6716444444444445,15112,0.6716444444444445,0.7899571637524565,0.0761601642637569
1126,4,125,0.6633333333333333,14925,0.6633333333333333,0.7843026856516911,0.0793937526601953
1127,4,126,0.6656888888888889,14978,0.6656888888888889,0.7854656856663956,0.07778118130096906
1128,4,127,0.6669333333333334,15006,0.6669333333333334,0.7811543869599343,0.07697369489301213
1129,4,128,0.6652,14967,0.6652,0.7864760354080738,0.07833506813313251
1130,4,129,0.6647555555555555,14957,0.6647555555555555,0.7763631285956636,0.07567302832038547
1131,4,130,0.6694666666666667,15063,0.6694666666666667,0.7844124250551187,0.07413724045319625
1132,4,131,0.6690666666666667,15054,0.6690666666666667,0.7915307643503017,0.07933841987997552
1133,4,132,0.6702666666666667,15081,0.6702666666666667,0.7837792234340397,0.07425383161132916
1134,4,133,0.6670222222222222,15008,0.6670222222222222,0.7862211826206751,0.07814977550921116
1135,4,134,0.6660888888888888,14987,0.6660888888888888,0.7840617487377101,0.07519164838665907
1136,4,135,0.6668444444444445,15004,0.6668444444444445,0.7871675783050514,0.07616893446004469
1137,4,136,0.6688888888888889,15050,0.6688888888888889,0.7910688331895367,0.07842939589594869
1138,4,137,0.6622222222222223,14900,0.6622222222222223,0.7797440768748201,0.08001703296694247
1139,4,138,0.6648888888888889,14960,0.6648888888888889,0.7857522916284748,0.0763738942036308
1140,4,139,0.6648888888888889,14960,0.6648888888888889,0.786576681102624,0.07743776976940904
1141,4,140,0.6648444444444445,14959,0.6648444444444445,0.7806705364361839,0.07765024707263914
1142,4,141,0.6578222222222222,14801,0.6578222222222222,0.7751470839659212,0.07780234482855322
1143,4,142,0.6633333333333333,14925,0.6633333333333333,0.7827808736422821,0.07828056160573871
1144,4,143,0.6725777777777778,15133,0.6725777777777778,0.7890485772654512,0.07852325554380682
1145,4,144,0.6676,15021,0.6676,0.7800901114040019,0.07532316476582651
1146,4,145,0.6628,14913,0.6628,0.784095400028687,0.07893822499465102
1147,4,146,0.6652,14967,0.6652,0.7822079594413149,0.07894371787941899
1148,4,147,0.6672888888888889,15014,0.6672888888888889,0.7873175635893993,0.08047388109454305
1149,4,148,0.6659111111111111,14983,0.6659111111111111,0.7854617135083249,0.07855669023846401
1150,4,149,0.664,14940,0.664,0.7852956412438064,0.07871480619551005
1151,4,150,0.6647111111111111,14956,0.6647111111111111,0.7826760942991987,0.0792626872671343
1152,4,151,0.6645777777777778,14953,0.6645777777777778,0.7826349609482365,0.07884256089153964
1153,4,152,0.6712444444444444,15103,0.6712444444444444,0.7886033302358414,0.07814818919454976
1154,4,153,0.6678666666666667,15027,0.6678666666666667,0.7874071550774725,0.07959938910492045
1155,4,154,0.6723555555555556,15128,0.6723555555555556,0.7841241615092228,0.07291764418621649
1156,4,155,0.6602222222222223,14855,0.6602222222222223,0.7737771735687468,0.07795528342931378
1157,4,156,0.6645333333333333,14952,0.6645333333333333,0.7818137225612323,0.07605652259618952
1158,4,157,0.6618222222222222,14891,0.6618222222222222,0.7781521128161217,0.07678143311679385
1159,4,158,0.6602666666666667,14856,0.6602666666666667,0.780435769977462,0.07982819518447266
1160,4,159,0.6632,14922,0.6632,0.7771705343713861,0.07842454566083255
1161,4,160,0.6656888888888889,14978,0.6656888888888889,0.782681939444984,0.07655950199707617
1162,4,161,0.6630222222222222,14918,0.6630222222222222,0.7854512317135159,0.07872897399002361
1163,4,162,0.6693777777777777,15061,0.6693777777777777,0.787811607218317,0.07603332812425255
1164,4,163,0.6584444444444445,14815,0.6584444444444445,0.7713819854947226,0.07663480995956529
1165,4,164,0.6651555555555556,14966,0.6651555555555556,0.7888581148549938,0.07950755700985007
1166,4,165,0.6681333333333334,15033,0.6681333333333334,0.7830578383932835,0.07587110971186378
1167,4,166,0.6603111111111111,14857,0.6603111111111111,0.7778029674478216,0.07747393503298383
1168,4,167,0.6709777777777778,15097,0.6709777777777778,0.7891725712578896,0.0781177759188395
1169,4,168,0.6666222222222222,14999,0.6666222222222222,0.7833533103263621,0.0765844520940768
1170,4,169,0.6592888888888889,14834,0.6592888888888889,0.7783262093397502,0.0799831986213658
1171,4,170,0.6616,14886,0.6616,0.7804084543638906,0.07825558627139363
1172,4,171,0.6702666666666667,15081,0.6702666666666667,0.7934205264410269,0.07791333283142811
1173,4,172,0.6669777777777778,15007,0.6669777777777778,0.7837619588686706,0.07617154163825296
1174,4,173,0.6680888888888888,15032,0.6680888888888888,0.7869838916170756,0.07791672171667818
1175,4,174,0.6623111111111111,14902,0.6623111111111111,0.7764537147977519,0.07571090459418331
1176,4,175,0.6628,14913,0.6628,0.7843893729126159,0.08151698844601805
1177,4,176,0.6584,14814,0.6584,0.7765599186088933,0.07821368123967821
1178,4,177,0.6678666666666667,15027,0.6678666666666667,0.7844123317196227,0.07951748233616286
1179,4,178,0.6630666666666667,14919,0.6630666666666667,0.775896518049502,0.07829815739941301
1180,4,179,0.6623555555555556,14903,0.6623555555555556,0.783291323837292,0.07755104420000668
1181,4,180,0.6627555555555555,14912,0.6627555555555555,0.7816098245300721,0.07708563396107614
1182,4,181,0.6668888888888889,15005,0.6668888888888889,0.7815675130095572,0.07708756366386434
1183,4,182,0.6663111111111111,14992,0.6663111111111111,0.7852930010252777,0.07756061172996709
1184,4,183,0.6662666666666667,14991,0.6662666666666667,0.7856846621250798,0.07878550308058946
1185,4,184,0.6672888888888889,15014,0.6672888888888889,0.7808834179925398,0.07701319675598602
1186,4,185,0.6664,14994,0.6664,0.7873138374954902,0.07995193266945284
1187,4,186,0.6664,14994,0.6664,0.7855502532259528,0.07526305263216836
1188,4,187,0.6708888888888889,15095,0.6708888888888889,0.7896520289313947,0.07761190816876223
1189,4,188,0.6637333333333333,14934,0.6637333333333333,0.7806951694858502,0.0762213303727678
1190,4,189,0.6623111111111111,14902,0.6623111111111111,0.7804154071939109,0.07845894781772293
1191,4,190,0.6666222222222222,14999,0.6666222222222222,0.7811683861830505,0.07392180497862018
1192,4,191,0.6692888888888889,15059,0.6692888888888889,0.7832691620183797,0.07871847738368595
1193,4,192,0.6636888888888889,14933,0.6636888888888889,0.7825743773840542,0.0785740727029568
1194,4,193,0.6696888888888889,15068,0.6696888888888889,0.7848085131991822,0.07516097733496517
1195,4,194,0.6606222222222222,14864,0.6606222222222222,0.7812638012287753,0.07845925044196447
1196,4,195,0.6615111111111112,14884,0.6615111111111112,0.7843899565031559,0.07971242450904727
1197,4,196,0.6623555555555556,14903,0.6623555555555556,0.7772627386764327,0.07764432370388567
1198,4,197,0.6633777777777777,14926,0.6633777777777777,0.7832982545783409,0.07964612008325024
1199,4,198,0.6634666666666666,14928,0.6634666666666666,0.7867816370821438,0.07984001459693466
1200,4,199,0.6647111111111111,14956,0.6647111111111111,0.7850009072578298,0.08152955849975262
1201,4,200,0.6668888888888889,15005,0.6668888888888889,0.785373687838319,0.07736335106674994
1202,4,201,0.6640444444444444,14941,0.6640444444444444,0.7828530444309948,0.07645611820141522
1203,4,202,0.6615111111111112,14884,0.6615111111111112,0.781858726311194,0.0774586227667392
1204,4,203,0.6663111111111111,14992,0.6663111111111111,0.7852700270180395,0.07967349643510732
1205,4,204,0.6678222222222222,15026,0.6678222222222222,0.7846413025041981,0.07671398941154764
1206,4,205,0.6639111111111111,14938,0.6639111111111111,0.7805391482807635,0.07368099825816235
1207,4,206,0.6648,14958,0.6648,0.780130903737174,0.07858305476155265
1208,4,207,0.6647555555555555,14957,0.6647555555555555,0.7828776107566561,0.07597617034379385
1209,4,208,0.6641333333333334,14943,0.6641333333333334,0.7836389973779215,0.0770183546635095
1210,4,209,0.6705333333333333,15087,0.6705333333333333,0.7843094748478737,0.07380215785302434
1211,4,210,0.6667555555555555,15002,0.6667555555555555,0.7839371008928065,0.07760079845188782
1212,4,211,0.6669333333333334,15006,0.6669333333333334,0.7854107890840356,0.07901943433738044
1213,4,212,0.6664888888888889,14996,0.6664888888888889,0.7845721194400401,0.07588048130994088
1214,4,213,0.6706222222222222,15089,0.6706222222222222,0.7861113867269965,0.07536267464092763
1215,4,214,0.6672444444444444,15013,0.6672444444444444,0.7858790463234233,0.07904037897314564
1216,4,215,0.6571111111111111,14785,0.6571111111111111,0.7821746279640425,0.07870094027785973
1217,4,216,0.6679111111111111,15028,0.6679111111111111,0.7904706445228696,0.07797118439239951
1218,4,217,0.6663555555555556,14993,0.6663555555555556,0.7837267118617325,0.07886122713594455
1219,4,218,0.6636888888888889,14933,0.6636888888888889,0.7854474791374664,0.07807585898696646
1220,4,219,0.6703111111111111,15082,0.6703111111111111,0.7892796427765063,0.07863146593426038
1221,4,220,0.6687111111111111,15046,0.6687111111111111,0.788354888407859,0.0805051245198267
1222,4,221,0.6622222222222223,14900,0.6622222222222223,0.7799979119795931,0.07711685255174583
1223,4,222,0.6652888888888889,14969,0.6652888888888889,0.7826071279306378,0.07705924404960919
1224,4,223,0.6693333333333333,15060,0.6693333333333333,0.7889411896902361,0.07754769672834301
1225,4,224,0.6634222222222222,14927,0.6634222222222222,0.7839199185355915,0.07764050061028621
1226,4,225,0.6667111111111111,15001,0.6667111111111111,0.7822284495702863,0.07858717491349933
1227,4,226,0.6688444444444445,15049,0.6688444444444445,0.7844053244887671,0.07857463750190491
1228,4,227,0.6650666666666667,14964,0.6650666666666667,0.7852462902096963,0.07786122364749759
1229,4,228,0.6673777777777777,15016,0.6673777777777777,0.7847959170142486,0.07823483470188486
1230,4,229,0.6675555555555556,15020,0.6675555555555556,0.7851809762332351,0.07587124656329076
1231,4,230,0.6689333333333334,15051,0.6689333333333334,0.78134135520817,0.07493151276594089
1232,4,231,0.6651555555555556,14966,0.6651555555555556,0.7847622982105755,0.07732276249968749
1233,4,232,0.6645333333333333,14952,0.6645333333333333,0.7839129944685966,0.07977728252064704
1234,4,233,0.6640888888888888,14942,0.6640888888888888,0.7822386549419796,0.08005346718005218
1235,4,234,0.6648888888888889,14960,0.6648888888888889,0.783164586336872,0.07711895569613861
1236,4,235,0.6718222222222222,15116,0.6718222222222222,0.7878205638263472,0.07550588948709872
1237,4,236,0.6579111111111111,14803,0.6579111111111111,0.7755715863310084,0.07727063243330591
1238,4,237,0.6688,15048,0.6688,0.7870275408890347,0.07563689025487355
1239,4,238,0.6647555555555555,14957,0.6647555555555555,0.7827027264358031,0.07843770367617034
1240,4,239,0.6638666666666667,14937,0.6638666666666667,0.7813041542623386,0.07769012973891327
1241,4,240,0.6670666666666667,15009,0.6670666666666667,0.7868074509542636,0.07736553641795205
1242,4,241,0.6627111111111111,14911,0.6627111111111111,0.7791260984152706,0.07944870444887812
1243,4,242,0.6702222222222223,15080,0.6702222222222223,0.7873865556044867,0.07697108520472501
1244,4,243,0.6675111111111112,15019,0.6675111111111112,0.7830948306601603,0.07681550210922747
1245,4,244,0.6670222222222222,15008,0.6670222222222222,0.7861773978765969,0.07834644395373065
1246,4,245,0.6664444444444444,14995,0.6664444444444444,0.7850813418364163,0.07511290845697885
1247,4,246,0.6648888888888889,14960,0.6648888888888889,0.7840315061374983,0.07821610505340088
1248,4,247,0.6625333333333333,14907,0.6625333333333333,0.7781297696033876,0.08180182515372934
1249,4,248,0.6576,14796,0.6576,0.7752310670355744,0.07769456552996563
1250,4,249,0.6684888888888889,15041,0.6684888888888889,0.7837949270974961,0.07698753590609834
1251,4,250,0.6652,14967,0.6652,0.7854783892699182,0.07712078882787961
1252,4,251,0.6643111111111111,14947,0.6643111111111111,0.7819696531068232,0.07949027424206229
1253,4,252,0.6665333333333333,14997,0.6665333333333333,0.7890565999381337,0.07810500038287094
1254,4,253,0.6600888888888888,14852,0.6600888888888888,0.7809727397783333,0.07864457692543954
1255,4,254,0.6632,14922,0.6632,0.7797412806021888,0.0744809138684054
1256,4,255,0.6654666666666667,14973,0.6654666666666667,0.7844959000369609,0.07681344394367816
1257,4,256,0.6642222222222223,14945,0.6642222222222223,0.781804304084827,0.0768554129437077
1258,4,257,0.6667111111111111,15001,0.6667111111111111,0.7860556966311157,0.07855578828145862
1259,4,258,0.6698666666666667,15072,0.6698666666666667,0.7871765076402898,0.07911640168723585
1260,4,259,0.6644,14949,0.6644,0.782030881743334,0.07979682326955805
1261,4,260,0.6699555555555555,15074,0.6699555555555555,0.7885267889914036,0.07735396930174863
1262,4,261,0.6631111111111111,14920,0.6631111111111111,0.7829373178366827,0.07807174050012325
1263,4,262,0.6691111111111111,15055,0.6691111111111111,0.7886844318168261,0.07790298062781048
1264,4,263,0.6680888888888888,15032,0.6680888888888888,0.7895582199929673,0.07955480810481298
1265,4,264,0.6656,14976,0.6656,0.7781738587020309,0.07168304599357604
1266,4,265,0.6677333333333333,15024,0.6677333333333333,0.7843108117201114,0.0763901036893187
1267,4,266,0.6638666666666667,14937,0.6638666666666667,0.7820909939367785,0.07633014107681958
1268,4,267,0.6672444444444444,15013,0.6672444444444444,0.7850694947262599,0.07684282756155232
1269,4,268,0.6685333333333333,15042,0.6685333333333333,0.7910763315091404,0.0782909416635663
1270,4,269,0.6638666666666667,14937,0.6638666666666667,0.7847506987195999,0.08038384355540454
1271,4,270,0.6730666666666667,15144,0.6730666666666667,0.7858987036432231,0.07401580274577911
1272,4,271,0.6671111111111111,15010,0.6671111111111111,0.7806327700984631,0.07622147692474453
1273,4,272,0.6667111111111111,15001,0.6667111111111111,0.7845755467913148,0.07758645500613302
1274,4,273,0.6703111111111111,15082,0.6703111111111111,0.7862939998295995,0.07630156934560019
1275,4,274,0.6673333333333333,15015,0.6673333333333333,0.7834667016659155,0.0768365308126096
1276,4,275,0.6648,14958,0.6648,0.7781400397797269,0.07682146124697317
1277,4,276,0.6689777777777778,15052,0.6689777777777778,0.7795210937578431,0.07448263983495133
1278,4,277,0.664,14940,0.664,0.7811663370684183,0.07890613422598697
1279,4,278,0.6674222222222223,15017,0.6674222222222223,0.7823395329388533,0.07645742676741178
1280,4,279,0.6695555555555556,15065,0.6695555555555556,0.7871565858372458,0.07727687877831557
1281,4,280,0.6633777777777777,14926,0.6633777777777777,0.7799050617471355,0.07548689811600232
1282,4,281,0.6651555555555556,14966,0.6651555555555556,0.7881184372366815,0.07923208385491357
1283,4,282,0.6614666666666666,14883,0.6614666666666666,0.7814214906898574,0.07807499337516872
1284,4,283,0.6679111111111111,15028,0.6679111111111111,0.7841045064325985,0.07661231180533297
1285,4,284,0.6679111111111111,15028,0.6679111111111111,0.7853716538845296,0.07767230992631564
1286,4,285,0.6677333333333333,15024,0.6677333333333333,0.7873039792864714,0.07694282243446125
1287,4,286,0.6673333333333333,15015,0.6673333333333333,0.781409234099289,0.07583446793797831
1288,4,287,0.6629777777777778,14917,0.6629777777777778,0.7851903306742404,0.07820563639394554
1289,4,288,0.6740444444444444,15166,0.6740444444444444,0.7894525598923707,0.07553674884560328
1290,4,289,0.6651111111111111,14965,0.6651111111111111,0.7792324858296084,0.07550089415851638
1291,4,290,0.6645333333333333,14952,0.6645333333333333,0.7796888733900994,0.07509793920668018
1292,4,291,0.6639555555555555,14939,0.6639555555555555,0.7824391211946085,0.08107676906741093
1293,4,292,0.6638222222222222,14936,0.6638222222222222,0.7818708779611656,0.08003713217480321
1294,4,293,0.6717333333333333,15114,0.6717333333333333,0.7863360695554138,0.0743327465147337
1295,4,294,0.6605777777777778,14863,0.6605777777777778,0.7831630794038866,0.07749168383303268
1296,4,295,0.6587111111111111,14821,0.6587111111111111,0.7802166703960269,0.07915045430774859
1297,4,296,0.6673777777777777,15016,0.6673777777777777,0.7885797765119168,0.07946476762343106
1298,4,297,0.6673333333333333,15015,0.6673333333333333,0.7817290309595467,0.0736108686015652
1299,4,298,0.6616888888888889,14888,0.6616888888888889,0.7813115042491817,0.08055721077574729
1300,4,299,0.6682666666666667,15036,0.6682666666666667,0.7847037641850743,0.07701243287960609
1301,4,300,0.6613333333333333,14880,0.6613333333333333,0.7844122869639298,0.07759495053188661
1302,4,301,0.6632444444444444,14923,0.6632444444444444,0.7766581121214539,0.07685992634940382
1303,4,302,0.6693777777777777,15061,0.6693777777777777,0.7807026521688067,0.07317583201668723
1304,4,303,0.6639555555555555,14939,0.6639555555555555,0.7808186053799668,0.0790235203279516
1305,4,304,0.6641777777777778,14944,0.6641777777777778,0.7833780897305422,0.07700248117007234
1306,4,305,0.6654222222222222,14972,0.6654222222222222,0.7795348889834973,0.07470825775428867
1307,4,306,0.6655555555555556,14975,0.6655555555555556,0.7797399750894788,0.07756698450973856
1308,4,307,0.6716,15111,0.6716,0.7908530915440999,0.07731729465356035
1309,4,308,0.6701333333333334,15078,0.6701333333333334,0.7886308634784293,0.07740376221513177
1310,4,309,0.6654222222222222,14972,0.6654222222222222,0.7816391838599518,0.07792552558377773
1311,4,310,0.6654666666666667,14973,0.6654666666666667,0.7818396802215184,0.07903046043352718
1312,4,311,0.6656,14976,0.6656,0.7855955552877237,0.07766954533670545
1313,4,312,0.6647555555555555,14957,0.6647555555555555,0.7817375188744202,0.07724862082749949
1314,4,313,0.6639555555555555,14939,0.6639555555555555,0.7814028153258615,0.07861400346322887
1315,4,314,0.6620888888888888,14897,0.6620888888888888,0.785728200834503,0.07920825336435572
1316,4,315,0.6647111111111111,14956,0.6647111111111111,0.7856059739828021,0.07951753318745795
1317,4,316,0.668,15030,0.668,0.7843736655062622,0.07679294294013848
1318,4,317,0.6645333333333333,14952,0.6645333333333333,0.7827090870089407,0.07827745627660379
1319,4,318,0.6675111111111112,15019,0.6675111111111112,0.7801318165342238,0.07745023060295576
1320,4,319,0.6624888888888889,14906,0.6624888888888889,0.7799522669433261,0.07637462023196755
1321,4,320,0.6685777777777778,15043,0.6685777777777778,0.7877746562448713,0.0778775253342787
1322,4,321,0.6664,14994,0.6664,0.7782122616301708,0.0778244453184468
1323,4,322,0.6639555555555555,14939,0.6639555555555555,0.7842951202821326,0.07841985135476984
1324,4,323,0.6679111111111111,15028,0.6679111111111111,0.7846650056422557,0.07607580200174593
1325,4,324,0.672,15120,0.672,0.7914732867235186,0.07612240257879384
1326,4,325,0.6602666666666667,14856,0.6602666666666667,0.7790010873475169,0.07959964464812617
1327,4,326,0.6650222222222222,14963,0.6650222222222222,0.7876471996358951,0.07792230876731164
1328,4,327,0.6645777777777778,14953,0.6645777777777778,0.7820268417058563,0.07657949624257158
1329,4,328,0.6687111111111111,15046,0.6687111111111111,0.7897668661537,0.07791478367426495
1330,4,329,0.6649333333333334,14961,0.6649333333333334,0.7824111108363504,0.07553826318052678
1331,4,330,0.6642222222222223,14945,0.6642222222222223,0.7815119914001828,0.07822725635864385
1332,4,331,0.6681777777777778,15034,0.6681777777777778,0.7892883261393454,0.07912977701721036
1333,4,332,0.6656888888888889,14978,0.6656888888888889,0.7801092857046622,0.07744521265709088
1334,4,333,0.6707555555555555,15092,0.6707555555555555,0.7855836458254032,0.07442695722355137
1335,4,334,0.6634666666666666,14928,0.6634666666666666,0.7827813787256205,0.078198905840734
1336,4,335,0.6681333333333334,15033,0.6681333333333334,0.7819346393970854,0.07427502813961752
1337,4,336,0.6644,14949,0.6644,0.7841360635562207,0.07910390774565898
1338,4,337,0.6721777777777778,15124,0.6721777777777778,0.7878264444501798,0.07627148689549358
1339,4,338,0.6624444444444444,14905,0.6624444444444444,0.7827490521660914,0.08081378162058969
1340,4,339,0.6640444444444444,14941,0.6640444444444444,0.7820170013838221,0.07905772250998065
1341,4,340,0.6622222222222223,14900,0.6622222222222223,0.7849810823412144,0.07874771946625103
1342,4,341,0.6618666666666667,14892,0.6618666666666667,0.77754823447045,0.07733983302500631
1343,4,342,0.6624,14904,0.6624,0.7815305322494553,0.08065419358418625
1344,4,343,0.6655111111111112,14974,0.6655111111111112,0.7793394337808227,0.07450915762917205
1345,4,344,0.6644,14949,0.6644,0.7803522819562478,0.07784821065630089
1346,4,345,0.6685333333333333,15042,0.6685333333333333,0.783019624084298,0.07595315721764648
1347,4,346,0.6676888888888889,15023,0.6676888888888889,0.7861362085934473,0.07867599380481119
1348,4,347,0.6651111111111111,14965,0.6651111111111111,0.7860173853162419,0.07730002515315236
1349,4,348,0.6664444444444444,14995,0.6664444444444444,0.7809300790205839,0.0782363722190244
1350,4,349,0.6725333333333333,15132,0.6725333333333333,0.7861968027257948,0.07556260618191522
1351,4,350,0.6601777777777778,14854,0.6601777777777778,0.7785745025951833,0.0796854683495402
1352,4,351,0.6724,15129,0.6724,0.7903628130594706,0.07743729255148253
1353,4,352,0.6640444444444444,14941,0.6640444444444444,0.7826885332908032,0.07966926013593839
1354,4,353,0.6704,15084,0.6704,0.7876571645523494,0.07716695904846334
1355,4,354,0.6644,14949,0.6644,0.7850784563411524,0.08103694171949674
1356,4,355,0.6671555555555555,15011,0.6671555555555555,0.7853099489979923,0.0767856669299334
1357,4,356,0.6744,15174,0.6744,0.7902919025849576,0.07453125601633447
1358,4,357,0.6667111111111111,15001,0.6667111111111111,0.7827393118841106,0.07670886330926875
1359,4,358,0.6640888888888888,14942,0.6640888888888888,0.7841452955175826,0.07563926426594325
1360,4,359,0.6656,14976,0.6656,0.7813333472178723,0.07802092420078702
1361,4,360,0.6655111111111112,14974,0.6655111111111112,0.7801624907160073,0.07564085828238434
1362,4,361,0.6652444444444444,14968,0.6652444444444444,0.7826339173598182,0.07819262246305919
1363,4,362,0.6659555555555555,14984,0.6659555555555555,0.7806843252494641,0.07652847619125394
1364,4,363,0.6564,14769,0.6564,0.779603804081738,0.08162818119612324
1365,4,364,0.6716,15111,0.6716,0.7913068131298303,0.07762444015411496
1366,4,365,0.6638222222222222,14936,0.6638222222222222,0.7828271470974446,0.07894156372387356
1367,4,366,0.6672444444444444,15013,0.6672444444444444,0.7850728805172978,0.07667875577346288
1368,4,367,0.6686666666666666,15045,0.6686666666666666,0.7898061322763829,0.07812318895102477
1369,4,368,0.6664,14994,0.6664,0.7849619713249413,0.07651135074640654
1370,4,369,0.6651555555555556,14966,0.6651555555555556,0.781351414380898,0.07675773524466245
1371,4,370,0.6648444444444445,14959,0.6648444444444445,0.7834014997996442,0.0775122425115219
1372,4,371,0.6683111111111111,15037,0.6683111111111111,0.7856483851951557,0.07829645181321694
1373,4,372,0.6688,15048,0.6688,0.7884040116227575,0.07756355361094613
1374,4,373,0.6681777777777778,15034,0.6681777777777778,0.7884207192155667,0.08027993879248557
1375,4,374,0.6690222222222222,15053,0.6690222222222222,0.7847767135168802,0.07677189484740876
1376,4,375,0.6638222222222222,14936,0.6638222222222222,0.7845099677929606,0.07761014805366126
1377,4,376,0.666,14985,0.666,0.7795676201767003,0.07669011873159176
1378,4,377,0.6666222222222222,14999,0.6666222222222222,0.779512731861419,0.07549312573832265
1379,4,378,0.6633777777777777,14926,0.6633777777777777,0.783470026925435,0.07944882016578948
1380,4,379,0.6622222222222223,14900,0.6622222222222223,0.7803944054950267,0.07887328545156191
1381,4,380,0.6646222222222222,14954,0.6646222222222222,0.7772314367979497,0.07225114878375363
1382,4,381,0.6723111111111111,15127,0.6723111111111111,0.788053777284416,0.07550678692563816
1383,4,382,0.6655111111111112,14974,0.6655111111111112,0.787245288591669,0.07913377305388704
1384,4,383,0.6645777777777778,14953,0.6645777777777778,0.7835152223619957,0.07944603207623249
1385,4,384,0.6668,15003,0.6668,0.783853434762507,0.07770145980998364
1386,4,385,0.6655555555555556,14975,0.6655555555555556,0.781238474781443,0.07395423646389471
1387,4,386,0.6699111111111111,15073,0.6699111111111111,0.7865894655872123,0.07837647630537962
1388,4,387,0.6690222222222222,15053,0.6690222222222222,0.7879820720847198,0.0773911619827105
1389,4,388,0.6613777777777777,14881,0.6613777777777777,0.7811435210787792,0.08017466598420059
1390,4,389,0.6644444444444444,14950,0.6644444444444444,0.7841972346628984,0.07783366451032366
1391,4,390,0.6634222222222222,14927,0.6634222222222222,0.786858488299919,0.07824646078666585
1392,4,391,0.6660888888888888,14987,0.6660888888888888,0.7832042577695726,0.08040258342978188
1393,4,392,0.6696888888888889,15068,0.6696888888888889,0.7852658556757467,0.07409478126457003
1394,4,393,0.6721333333333334,15123,0.6721333333333334,0.788465254247007,0.07555927363288437
1395,4,394,0.6627111111111111,14911,0.6627111111111111,0.7795023546974126,0.07675566783598932
1396,4,395,0.6684444444444444,15040,0.6684444444444444,0.7870309465158625,0.07860687487743977
1397,4,396,0.6666222222222222,14999,0.6666222222222222,0.781799478799572,0.07846327288276084
1398,4,397,0.6648888888888889,14960,0.6648888888888889,0.7825331499076575,0.07889440137666873
1399,4,398,0.6663555555555556,14993,0.6663555555555556,0.7829615311773149,0.07579153180015342
1400,4,399,0.6633333333333333,14925,0.6633333333333333,0.7802807700531399,0.07902391538757335
1401,4,400,0.6692444444444444,15058,0.6692444444444444,0.785132283466001,0.07872869130889443
1402,4,401,0.6686666666666666,15045,0.6686666666666666,0.7878740059823267,0.07666756515956519
1403,4,402,0.6658222222222222,14981,0.6658222222222222,0.7833278185365173,0.07803457680721544
1404,4,403,0.6644888888888889,14951,0.6644888888888889,0.7823171532717674,0.07590492374413163
1405,4,404,0.6662222222222223,14990,0.6662222222222223,0.7849860470696006,0.07670628169832697
1406,4,405,0.6679555555555555,15029,0.6679555555555555,0.7871011362990291,0.07835666313412908
1407,4,406,0.6603111111111111,14857,0.6603111111111111,0.7806240624101918,0.08008622809971695
1408,4,407,0.6669777777777778,15007,0.6669777777777778,0.7898277549384377,0.0770691453501824
1409,4,408,0.6657333333333333,14979,0.6657333333333333,0.7866894345417857,0.07934917519391589
1410,4,409,0.6699555555555555,15074,0.6699555555555555,0.7839071361991836,0.07696589845210607
1411,4,410,0.6676,15021,0.6676,0.7833898070975448,0.0758488153579998
1412,4,411,0.6674222222222223,15017,0.6674222222222223,0.7848787711105267,0.07742086635079519
1413,4,412,0.6648444444444445,14959,0.6648444444444445,0.7927747595140547,0.07925100193277447
1414,4,413,0.6663111111111111,14992,0.6663111111111111,0.7798661361831417,0.0771337681858292
1415,4,414,0.6588,14823,0.6588,0.7792783794248824,0.08068001214983228
1416,4,415,0.6679555555555555,15029,0.6679555555555555,0.7869456712915704,0.07501186258531754
1417,4,416,0.6597333333333333,14844,0.6597333333333333,0.7766115225369074,0.07719245194659696
1418,4,417,0.6634222222222222,14927,0.6634222222222222,0.7769681586192931,0.07918496562076169
1419,4,418,0.6620888888888888,14897,0.6620888888888888,0.7844078367746764,0.07986965591018173
1420,4,419,0.6668888888888889,15005,0.6668888888888889,0.7836269367035178,0.07366338642117065
1421,4,420,0.6702222222222223,15080,0.6702222222222223,0.7895080851431218,0.07952338747920262
1422,4,421,0.6645333333333333,14952,0.6645333333333333,0.7797398430501093,0.07448162266188375
1423,4,422,0.6669777777777778,15007,0.6669777777777778,0.7894558182064075,0.08168179512009621
1424,4,423,0.6725777777777778,15133,0.6725777777777778,0.7882644679511053,0.07498341246079458
1425,4,424,0.6703555555555556,15083,0.6703555555555556,0.7935607308851961,0.07935084493885468
1426,4,425,0.6686666666666666,15045,0.6686666666666666,0.7797285433061601,0.07645295703756201
1427,4,426,0.6672888888888889,15014,0.6672888888888889,0.7828931402501851,0.07794119241267802
1428,4,427,0.6667555555555555,15002,0.6667555555555555,0.7835201474095508,0.07480043195628501
1429,4,428,0.6628888888888889,14915,0.6628888888888889,0.7819036270551799,0.07622868080239079
1430,4,429,0.6712,15102,0.6712,0.7871051364137606,0.07695180625224055
1431,4,430,0.6715555555555556,15110,0.6715555555555556,0.7861558871569211,0.07556605880400825
1432,4,431,0.6680888888888888,15032,0.6680888888888888,0.7838023326708565,0.07676584295077386
1433,4,432,0.6619111111111111,14893,0.6619111111111111,0.7763943235375986,0.07835572495140856
1434,4,433,0.6655555555555556,14975,0.6655555555555556,0.7848789849072892,0.08066622231033574
1435,4,434,0.6628888888888889,14915,0.6628888888888889,0.7798143992304798,0.08085848035744864
1436,4,435,0.6660888888888888,14987,0.6660888888888888,0.7802969732098336,0.07589327961135515
1437,4,436,0.6714666666666667,15108,0.6714666666666667,0.7895068651984826,0.07818052546965583
1438,4,437,0.6664444444444444,14995,0.6664444444444444,0.7839288483390793,0.07462103785478598
1439,4,438,0.6678666666666667,15027,0.6678666666666667,0.7788809832148379,0.0774860900353648
1440,4,439,0.6714222222222223,15107,0.6714222222222223,0.7905668929744913,0.07709637509992273
1441,4,440,0.6667111111111111,15001,0.6667111111111111,0.7860137569090264,0.07863491080582673
1442,4,441,0.6654666666666667,14973,0.6654666666666667,0.7828578890700538,0.07632713432166105
1443,4,442,0.6663111111111111,14992,0.6663111111111111,0.7857679244923491,0.07630036489256715
1444,4,443,0.6657777777777778,14980,0.6657777777777778,0.7845403544874682,0.07824463099500766
1445,4,444,0.6675555555555556,15020,0.6675555555555556,0.7814818117303832,0.07694983373475218
1446,4,445,0.6622666666666667,14901,0.6622666666666667,0.7816248569206252,0.07860802501430557
1447,4,446,0.6663111111111111,14992,0.6663111111111111,0.7804073264832833,0.07387091160250055
1448,4,447,0.6711111111111111,15100,0.6711111111111111,0.7850976355737769,0.07825471250233168
1449,4,448,0.6645777777777778,14953,0.6645777777777778,0.787047788588093,0.08036045953209797
1450,4,449,0.6576888888888889,14798,0.6576888888888889,0.7797328202728064,0.07942832145081138
1451,4,450,0.6635555555555556,14930,0.6635555555555556,0.7833336034742695,0.08104243920861082
1452,4,451,0.6672444444444444,15013,0.6672444444444444,0.7870561235338692,0.07860533864001257
1453,4,452,0.6624,14904,0.6624,0.7825708431113653,0.07722538465165248
1454,4,453,0.6692,15057,0.6692,0.7845325588221987,0.07869610115474247
1455,4,454,0.674,15165,0.674,0.7895978070338847,0.07894996882425463
1456,4,455,0.6613777777777777,14881,0.6613777777777777,0.7844963870679745,0.0797680078636066
1457,4,456,0.6733333333333333,15150,0.6733333333333333,0.789820955506153,0.07684597970959968
1458,4,457,0.6649777777777778,14962,0.6649777777777778,0.7803071006489114,0.07698385838376151
1459,4,458,0.6619111111111111,14893,0.6619111111111111,0.783822772591944,0.07816749092085325
1460,4,459,0.6654666666666667,14973,0.6654666666666667,0.7858033438553295,0.08028505799614528
1461,4,460,0.6641777777777778,14944,0.6641777777777778,0.7767374390128822,0.07816013557639269
1462,4,461,0.6582666666666667,14811,0.6582666666666667,0.7768905641812739,0.0803971007685659
1463,4,462,0.6633333333333333,14925,0.6633333333333333,0.7838932441622058,0.0795298471341365
1464,4,463,0.6635111111111112,14929,0.6635111111111112,0.776972819029927,0.07379403047508672
1465,4,464,0.6688444444444445,15049,0.6688444444444445,0.7809489870961466,0.07589612413149248
1466,4,465,0.6619111111111111,14893,0.6619111111111111,0.7807456115776981,0.0788963002442993
1467,4,466,0.6714666666666667,15108,0.6714666666666667,0.7918757296448675,0.07575823449130044
1468,4,467,0.6753777777777777,15196,0.6753777777777777,0.7824728785783267,0.07543971893753831
1469,4,468,0.6652,14967,0.6652,0.7852481797811562,0.07997312239703788
1470,4,469,0.6676444444444445,15022,0.6676444444444445,0.7840615760663748,0.07646284231589165
1471,4,470,0.668,15030,0.668,0.7869205368405816,0.07685973864531812
1472,4,471,0.6569333333333334,14781,0.6569333333333334,0.7777823308996556,0.07931132000854603
1473,4,472,0.6651555555555556,14966,0.6651555555555556,0.7864129484092433,0.07895838297830696
1474,4,473,0.6647111111111111,14956,0.6647111111111111,0.7833235001133058,0.07893017086039178
1475,4,474,0.6646222222222222,14954,0.6646222222222222,0.7847369108096868,0.07808153180969293
1476,4,475,0.6612,14877,0.6612,0.7818876206252322,0.07804226485591441
1477,4,476,0.6681777777777778,15034,0.6681777777777778,0.7848127419356157,0.0777709457053803
1478,4,477,0.6729777777777778,15142,0.6729777777777778,0.7889390778717525,0.07727328901509722
1479,4,478,0.6704444444444444,15085,0.6704444444444444,0.7825682741377559,0.07317191456408653
1480,4,479,0.6655555555555556,14975,0.6655555555555556,0.7839006957818045,0.07658926753571309
1481,4,480,0.6655555555555556,14975,0.6655555555555556,0.7877657522641708,0.07798078812470996
1482,4,481,0.6630666666666667,14919,0.6630666666666667,0.7852506378053876,0.080211551888461
1483,4,482,0.6686222222222222,15044,0.6686222222222222,0.7886204355623339,0.07797978094351472
1484,4,483,0.6651111111111111,14965,0.6651111111111111,0.7803145987176506,0.07816985600359204
1485,4,484,0.6668888888888889,15005,0.6668888888888889,0.7862874713088197,0.0753265079604363
1486,4,485,0.6676444444444445,15022,0.6676444444444445,0.7882628388363362,0.08049988425882083
1487,4,486,0.6666222222222222,14999,0.6666222222222222,0.7818921217756197,0.07568372184354144
1488,4,487,0.6723555555555556,15128,0.6723555555555556,0.7938086380152983,0.07651017176828498
1489,4,488,0.6692444444444444,15058,0.6692444444444444,0.78483036870874,0.07490726767922044
1490,4,489,0.6696888888888889,15068,0.6696888888888889,0.7861902599186942,0.07658699909944876
1491,4,490,0.6622222222222223,14900,0.6622222222222223,0.7827214536492271,0.07844616034828264
1492,4,491,0.6624888888888889,14906,0.6624888888888889,0.7826369133646819,0.07827381949550395
1493,4,492,0.6707555555555555,15092,0.6707555555555555,0.7896395007956539,0.07818342922816934
1494,4,493,0.6673777777777777,15016,0.6673777777777777,0.7795929900675899,0.07587007429080313
1495,4,494,0.6625333333333333,14907,0.6625333333333333,0.7799396187052635,0.07800005540306204
1496,4,495,0.6667555555555555,15002,0.6667555555555555,0.7872631954337602,0.07850555477576852
1497,4,496,0.6648,14958,0.6648,0.7833307663051169,0.07960622138494589
1498,4,497,0.6656,14976,0.6656,0.7829574981472924,0.07717733617294205
1499,4,498,0.6664444444444444,14995,0.6664444444444444,0.7828052149100931,0.07617552247144352
1500,4,499,0.6650222222222222,14963,0.6650222222222222,0.7832929468203124,0.07867550164498431
1501,6,0,0.6592,14832,0.6592,0.7903499104438663,0.08345233553318145
1502,6,1,0.6595555555555556,14840,0.6595555555555556,0.7945566634820302,0.08318068572751659
1503,6,2,0.6588444444444445,14824,0.6588444444444445,0.7945473366968061,0.0867857002409655
1504,6,3,0.6521777777777777,14674,0.6521777777777777,0.787298129953899,0.08725708387223836
1505,6,4,0.6563111111111111,14767,0.6563111111111111,0.7914156702599272,0.08564641706795964
1506,6,5,0.6604888888888889,14861,0.6604888888888889,0.7923367362525867,0.08338445477540231
1507,6,6,0.6573333333333333,14790,0.6573333333333333,0.7932952267200807,0.08880063684904577
1508,6,7,0.6596444444444445,14842,0.6596444444444445,0.7958071946647948,0.08601749338848255
1509,6,8,0.6559111111111111,14758,0.6559111111111111,0.789571657509039,0.08537874328555886
1510,6,9,0.6568444444444445,14779,0.6568444444444445,0.7927472078533042,0.08423006354424191
1511,6,10,0.6556444444444445,14752,0.6556444444444445,0.7881772072501837,0.08580307017857972
1512,6,11,0.6547111111111111,14731,0.6547111111111111,0.792001334692967,0.08455214636668787
1513,6,12,0.6548444444444445,14734,0.6548444444444445,0.790838844746892,0.08641564287019102
1514,6,13,0.6562666666666667,14766,0.6562666666666667,0.7959672897308981,0.08948724167819326
1515,6,14,0.6540444444444444,14716,0.6540444444444444,0.7886783903335063,0.083401263568744
1516,6,15,0.6594222222222222,14837,0.6594222222222222,0.7917004281032236,0.08355530106292527
1517,6,16,0.6533777777777777,14701,0.6533777777777777,0.7848861722316265,0.08500747948931901
1518,6,17,0.6579111111111111,14803,0.6579111111111111,0.7867685701021271,0.07930410922214227
1519,6,18,0.6512888888888889,14654,0.6512888888888889,0.7826120510939019,0.08189722768934247
1520,6,19,0.6571111111111111,14785,0.6571111111111111,0.7902364552957477,0.0820287309127192
1521,6,20,0.6537777777777778,14710,0.6537777777777778,0.7873790180637602,0.08283198702038548
1522,6,21,0.6568444444444445,14779,0.6568444444444445,0.7901882834141105,0.08481507524842209
1523,6,22,0.6598222222222222,14846,0.6598222222222222,0.7929767396436459,0.08274207615123873
1524,6,23,0.6558222222222222,14756,0.6558222222222222,0.7934765649105924,0.08664072564891666
1525,6,24,0.6540888888888889,14717,0.6540888888888889,0.7878621220161707,0.08611089638075961
1526,6,25,0.6604444444444444,14860,0.6604444444444444,0.7932947853793748,0.08628176046844002
1527,6,26,0.6554222222222222,14747,0.6554222222222222,0.7903397550990442,0.08768016196541184
1528,6,27,0.6551555555555556,14741,0.6551555555555556,0.7872409070274821,0.08386974184774182
1529,6,28,0.6599111111111111,14848,0.6599111111111111,0.7919579180608001,0.08267639795713433
1530,6,29,0.6591111111111111,14830,0.6591111111111111,0.7937829330365657,0.08564897654244455
1531,6,30,0.6559111111111111,14758,0.6559111111111111,0.7887217268972033,0.0825229340029683
1532,6,31,0.6564444444444445,14770,0.6564444444444445,0.7905692975821356,0.08437272653986261
1533,6,32,0.6544444444444445,14725,0.6544444444444445,0.789337996378301,0.08618833273895277
1534,6,33,0.6576444444444445,14797,0.6576444444444445,0.7942102804001233,0.08736511834709954
1535,6,34,0.6540444444444444,14716,0.6540444444444444,0.7859621575251445,0.08610065218725618
1536,6,35,0.6561777777777777,14764,0.6561777777777777,0.7896918445716303,0.08690686784021788
1537,6,36,0.6528888888888889,14690,0.6528888888888889,0.7917641130595696,0.08809400453247264
1538,6,37,0.6549333333333334,14736,0.6549333333333334,0.7886748011729308,0.0850932178025416
1539,6,38,0.6568444444444445,14779,0.6568444444444445,0.7883883994066032,0.08373130154307518
1540,6,39,0.6551555555555556,14741,0.6551555555555556,0.7897575887165967,0.08569034198898695
1541,6,40,0.6574666666666666,14793,0.6574666666666666,0.789128203313945,0.08320286026956816
1542,6,41,0.6544888888888889,14726,0.6544888888888889,0.7910395636598966,0.08707814553111408
1543,6,42,0.6603111111111111,14857,0.6603111111111111,0.7928492139751692,0.08167611879016042
1544,6,43,0.6607111111111111,14866,0.6607111111111111,0.7910723525543489,0.08151679274284378
1545,6,44,0.6527111111111111,14686,0.6527111111111111,0.7881233142923313,0.08814198323256449
1546,6,45,0.6580888888888888,14807,0.6580888888888888,0.7910021282159153,0.08149854928073633
1547,6,46,0.6550222222222222,14738,0.6550222222222222,0.788778183685004,0.08504533626634231
1548,6,47,0.6576444444444445,14797,0.6576444444444445,0.7889313059158889,0.08317925807505054
1549,6,48,0.6554222222222222,14747,0.6554222222222222,0.7951988423815733,0.08863140223629676
1550,6,49,0.6501777777777777,14629,0.6501777777777777,0.7879718264578778,0.0888727594529015
1551,6,50,0.6528,14688,0.6528,0.7845540454997533,0.0857133791827352
1552,6,51,0.6555555555555556,14750,0.6555555555555556,0.787665228899811,0.08227189021258603
1553,6,52,0.6549333333333334,14736,0.6549333333333334,0.7844650792342349,0.08224352220176562
1554,6,53,0.6540444444444444,14716,0.6540444444444444,0.7827883476043721,0.07900268992037889
1555,6,54,0.6564444444444445,14770,0.6564444444444445,0.7878532909163102,0.08080292873934271
1556,6,55,0.6563111111111111,14767,0.6563111111111111,0.7930458857295184,0.08662379501493749
1557,6,56,0.6521333333333333,14673,0.6521333333333333,0.7889752674495856,0.08736250231305721
1558,6,57,0.6551111111111111,14740,0.6551111111111111,0.7870057451356431,0.0852367908417936
1559,6,58,0.6540888888888889,14717,0.6540888888888889,0.7912919865487387,0.08673629710976587
1560,6,59,0.6550222222222222,14738,0.6550222222222222,0.7922238133905183,0.08797691575454751
1561,6,60,0.6591111111111111,14830,0.6591111111111111,0.7914171075776185,0.08380731867500767
1562,6,61,0.6628888888888889,14915,0.6628888888888889,0.7992631117377019,0.08685306860616784
1563,6,62,0.6575555555555556,14795,0.6575555555555556,0.7963695043068317,0.08704970291240578
1564,6,63,0.6574222222222222,14792,0.6574222222222222,0.7922475214054302,0.0842013198251707
1565,6,64,0.6534666666666666,14703,0.6534666666666666,0.7833088673332085,0.08274130419608568
1566,6,65,0.6588,14823,0.6588,0.7893103040810749,0.08284427886020221
1567,6,66,0.6586222222222222,14819,0.6586222222222222,0.7952582403103153,0.08723226911417152
1568,6,67,0.6549777777777778,14737,0.6549777777777778,0.7837172004378291,0.08354742930238217
1569,6,68,0.6611111111111111,14875,0.6611111111111111,0.7967746302500891,0.08721497917570888
1570,6,69,0.658,14805,0.658,0.7910303148788326,0.0847586331014647
1571,6,70,0.6545333333333333,14727,0.6545333333333333,0.7888622587159853,0.08444540901990583
1572,6,71,0.6502222222222223,14630,0.6502222222222223,0.7845208847466046,0.08391153549135064
1573,6,72,0.6576,14796,0.6576,0.7910042129564087,0.08443736347976705
1574,6,73,0.6546222222222222,14729,0.6546222222222222,0.7934438137333674,0.08782094156270494
1575,6,74,0.6590666666666667,14829,0.6590666666666667,0.7934858350115586,0.08323419344197461
1576,6,75,0.6588,14823,0.6588,0.7938468308933491,0.08639382064663627
1577,6,76,0.6545777777777778,14728,0.6545777777777778,0.7917705734828981,0.0855702052726306
1578,6,77,0.6576444444444445,14797,0.6576444444444445,0.7936604507192815,0.0833891276489952
1579,6,78,0.6581333333333333,14808,0.6581333333333333,0.7879031607994341,0.08218293876311776
1580,6,79,0.6586222222222222,14819,0.6586222222222222,0.7886157983105982,0.08271284771344446
1581,6,80,0.6556444444444445,14752,0.6556444444444445,0.7892225966560107,0.0853683240733607
1582,6,81,0.6581777777777778,14809,0.6581777777777778,0.7940978641360995,0.08660873298886712
1583,6,82,0.6560888888888889,14762,0.6560888888888889,0.7922279736797642,0.086411411704851
1584,6,83,0.654,14715,0.654,0.7863638218579427,0.08381735229188497
1585,6,84,0.6576,14796,0.6576,0.7895302926303772,0.08477837373568346
1586,6,85,0.6541777777777777,14719,0.6541777777777777,0.7879022969974574,0.08328563342290186
1587,6,86,0.6536,14706,0.6536,0.7906382352347175,0.0892053044477547
1588,6,87,0.6575555555555556,14795,0.6575555555555556,0.7898495204144262,0.08292964123048747
1589,6,88,0.6524888888888889,14681,0.6524888888888889,0.7898457979708208,0.08821386340416046
1590,6,89,0.6565333333333333,14772,0.6565333333333333,0.7895254055055396,0.08477723272040164
1591,6,90,0.6568888888888889,14780,0.6568888888888889,0.7898743847893362,0.08460310081727643
1592,6,91,0.6599111111111111,14848,0.6599111111111111,0.7914539580102008,0.08456297885281741
1593,6,92,0.6536444444444445,14707,0.6536444444444445,0.7891649304444567,0.08631929071529934
1594,6,93,0.6561777777777777,14764,0.6561777777777777,0.7899615634966197,0.08439308377348284
1595,6,94,0.6568,14778,0.6568,0.7889000515790993,0.08157067574971003
1596,6,95,0.6606666666666666,14865,0.6606666666666666,0.7913664162767715,0.08485251735288558
1597,6,96,0.6536444444444445,14707,0.6536444444444445,0.7853186342784412,0.08284181144938145
1598,6,97,0.6519555555555555,14669,0.6519555555555555,0.7891228377273521,0.08619181276984078
1599,6,98,0.6584888888888889,14816,0.6584888888888889,0.7902070338529329,0.08237366758908017
1600,6,99,0.6569777777777778,14782,0.6569777777777778,0.7876361036204659,0.08218477801943357
1601,6,100,0.6616888888888889,14888,0.6616888888888889,0.7916167009829125,0.08141100798173921
1602,6,101,0.6568,14778,0.6568,0.7893596959138105,0.08496397482899294
1603,6,102,0.6572,14787,0.6572,0.7900738917921263,0.08274842724789777
1604,6,103,0.6579555555555555,14804,0.6579555555555555,0.7903997152595914,0.08483131937537465
1605,6,104,0.6581777777777778,14809,0.6581777777777778,0.7915524418581884,0.08552255721006857
1606,6,105,0.6532444444444444,14698,0.6532444444444444,0.7888497342033609,0.08630605902822115
1607,6,106,0.6556,14751,0.6556,0.7886332248131894,0.08460581896824826
1608,6,107,0.6601777777777778,14854,0.6601777777777778,0.7911652142455061,0.08395435351018941
1609,6,108,0.6548888888888889,14735,0.6548888888888889,0.786967085750469,0.08316281219161559
1610,6,109,0.6520888888888889,14672,0.6520888888888889,0.7899799622833705,0.08781123558120033
1611,6,110,0.6504888888888889,14636,0.6504888888888889,0.7835253732123357,0.085202616963183
1612,6,111,0.6570666666666667,14784,0.6570666666666667,0.7918601257136664,0.08539123261150178
1613,6,112,0.6574666666666666,14793,0.6574666666666666,0.7929250000122422,0.08473309428000467
1614,6,113,0.6596888888888889,14843,0.6596888888888889,0.7892332759145055,0.08192576075913717
1615,6,114,0.656,14760,0.656,0.7879683495791912,0.0841722935995957
1616,6,115,0.6539555555555555,14714,0.6539555555555555,0.7874832746526791,0.08490392867278523
1617,6,116,0.6563111111111111,14767,0.6563111111111111,0.7855116231003912,0.0841639895373891
1618,6,117,0.6571555555555556,14786,0.6571555555555556,0.784294981833741,0.07987449412992034
1619,6,118,0.6603111111111111,14857,0.6603111111111111,0.7959714344572203,0.08498788514637506
1620,6,119,0.6517333333333334,14664,0.6517333333333334,0.7869141056443327,0.08789736534705464
1621,6,120,0.6526222222222222,14684,0.6526222222222222,0.7840459936254816,0.08269472026044294
1622,6,121,0.6538222222222222,14711,0.6538222222222222,0.7880084541682713,0.08114400991716303
1623,6,122,0.6576444444444445,14797,0.6576444444444445,0.7853792820782288,0.08110920353062287
1624,6,123,0.6569333333333334,14781,0.6569333333333334,0.7916920686255798,0.0836288406208218
1625,6,124,0.6616444444444445,14887,0.6616444444444445,0.794082571873926,0.08343977689471223
1626,6,125,0.6525333333333333,14682,0.6525333333333333,0.7833777860185713,0.08207187707275437
1627,6,126,0.6556,14751,0.6556,0.7890349762160099,0.08479893430818088
1628,6,127,0.6576,14796,0.6576,0.7919803990455585,0.08495515816490534
1629,6,128,0.6566222222222222,14774,0.6566222222222222,0.7881057126971007,0.08407793236929365
1630,6,129,0.6615555555555556,14885,0.6615555555555556,0.795790163009008,0.08526969825817084
1631,6,130,0.6542666666666667,14721,0.6542666666666667,0.7897125948891274,0.08838344956369916
1632,6,131,0.6530222222222222,14693,0.6530222222222222,0.7894811241333846,0.08872523898800454
1633,6,132,0.6567111111111111,14776,0.6567111111111111,0.7935611263389448,0.08734229184926254
1634,6,133,0.6575111111111112,14794,0.6575111111111112,0.7928739450200385,0.08582236348996734
1635,6,134,0.6552888888888889,14744,0.6552888888888889,0.7881830751186787,0.0835201863321236
1636,6,135,0.6565333333333333,14772,0.6565333333333333,0.7850224430541347,0.08049037182068561
1637,6,136,0.6564888888888889,14771,0.6564888888888889,0.7844345516803564,0.08386077713818918
1638,6,137,0.6592444444444444,14833,0.6592444444444444,0.7931484620755858,0.08508930157985252
1639,6,138,0.6562666666666667,14766,0.6562666666666667,0.7892939418710957,0.08630193785490092
1640,6,139,0.6535555555555556,14705,0.6535555555555556,0.7904174064116681,0.08661322144536376
1641,6,140,0.6561777777777777,14764,0.6561777777777777,0.7874869008225498,0.08385928262770379
1642,6,141,0.6578222222222222,14801,0.6578222222222222,0.7934334224218093,0.08210660382471566
1643,6,142,0.6583555555555556,14813,0.6583555555555556,0.7913739730610119,0.08454747797690476
1644,6,143,0.6611555555555556,14876,0.6611555555555556,0.7957284754055155,0.08547326708180514
1645,6,144,0.6582222222222223,14810,0.6582222222222223,0.7928255157124524,0.08551813131877668
1646,6,145,0.6604,14859,0.6604,0.791220023478179,0.08211002289208372
1647,6,146,0.6548444444444445,14734,0.6548444444444445,0.7886525895580951,0.08445365394941683
1648,6,147,0.6551555555555556,14741,0.6551555555555556,0.793340724389209,0.086680508274756
1649,6,148,0.6612444444444444,14878,0.6612444444444444,0.7923316299279516,0.08278787489947488
1650,6,149,0.6537777777777778,14710,0.6537777777777778,0.7901322586330176,0.08647610957469822
1651,6,150,0.6557777777777778,14755,0.6557777777777778,0.7841944774342325,0.08351507849935223
1652,6,151,0.6583555555555556,14813,0.6583555555555556,0.7897950566413792,0.08351138838183435
1653,6,152,0.6571555555555556,14786,0.6571555555555556,0.7911124779543186,0.08430006572662226
1654,6,153,0.6546222222222222,14729,0.6546222222222222,0.7943838828943871,0.08933626095799642
1655,6,154,0.6561333333333333,14763,0.6561333333333333,0.7856793966811599,0.08357187174339328
1656,6,155,0.6593333333333333,14835,0.6593333333333333,0.7914473423754541,0.08380821433956145
1657,6,156,0.6558222222222222,14756,0.6558222222222222,0.7890092856093379,0.08563900955910207
1658,6,157,0.6607555555555555,14867,0.6607555555555555,0.7934761047584539,0.08174799865991661
1659,6,158,0.6564444444444445,14770,0.6564444444444445,0.78889770492625,0.08484864384963217
1660,6,159,0.6551555555555556,14741,0.6551555555555556,0.7881838806248688,0.08764097898445493
1661,6,160,0.6536,14706,0.6536,0.7917418984507071,0.08744967022554662
1662,6,161,0.6645777777777778,14953,0.6645777777777778,0.7964075799739648,0.08237422566804808
1663,6,162,0.6536888888888889,14708,0.6536888888888889,0.7892646392468252,0.08606906525754632
1664,6,163,0.6582666666666667,14811,0.6582666666666667,0.7966312582689509,0.08527606189279109
1665,6,164,0.6601333333333333,14853,0.6601333333333333,0.7951670614526988,0.08450929834121321
1666,6,165,0.6612888888888889,14879,0.6612888888888889,0.7957452619600586,0.08559493775937643
1667,6,166,0.6529777777777778,14692,0.6529777777777778,0.7909045290736403,0.08691841121366368
1668,6,167,0.6523111111111111,14677,0.6523111111111111,0.7848222938102779,0.08511898848816975
1669,6,168,0.6498222222222222,14621,0.6498222222222222,0.783707603980771,0.08517655214640024
1670,6,169,0.6591555555555556,14831,0.6591555555555556,0.7939907582412132,0.08474086190493892
1671,6,170,0.6578222222222222,14801,0.6578222222222222,0.7919097806433804,0.08496338651755385
1672,6,171,0.6604444444444444,14860,0.6604444444444444,0.792151409581497,0.08170013553202123
1673,6,172,0.6580888888888888,14807,0.6580888888888888,0.7933739025014411,0.08412945535246522
1674,6,173,0.6572,14787,0.6572,0.7921467261783541,0.08242634546033763
1675,6,174,0.6512,14652,0.6512,0.7849038142625059,0.08619130616705498
1676,6,175,0.6568444444444445,14779,0.6568444444444445,0.7864212581716703,0.08106929132195045
1677,6,176,0.6580444444444444,14806,0.6580444444444444,0.7910655114602666,0.08440111085662741
1678,6,177,0.6569777777777778,14782,0.6569777777777778,0.7854215351135626,0.08105463022553393
1679,6,178,0.6503111111111111,14632,0.6503111111111111,0.7893009160923805,0.08859565957876103
1680,6,179,0.6579555555555555,14804,0.6579555555555555,0.7902873858224037,0.08324690955435049
1681,6,180,0.6539555555555555,14714,0.6539555555555555,0.7894543030610308,0.08727513360389103
1682,6,181,0.6552888888888889,14744,0.6552888888888889,0.7886063129668746,0.08427425197280623
1683,6,182,0.6588444444444445,14824,0.6588444444444445,0.7936347456280566,0.08412544573510893
1684,6,183,0.6576888888888889,14798,0.6576888888888889,0.7890565760827849,0.08305328311176288
1685,6,184,0.6570222222222222,14783,0.6570222222222222,0.7869515001735433,0.08153298082261966
1686,6,185,0.6585777777777778,14818,0.6585777777777778,0.7923842426639504,0.08469959809537998
1687,6,186,0.6586666666666666,14820,0.6586666666666666,0.791910700355414,0.08552008161532516
1688,6,187,0.6552888888888889,14744,0.6552888888888889,0.7898454649592381,0.0853358310377967
1689,6,188,0.6565333333333333,14772,0.6565333333333333,0.7938388281542617,0.08688878771575415
1690,6,189,0.6553777777777777,14746,0.6553777777777777,0.7890975415290086,0.08457580725872452
1691,6,190,0.6585777777777778,14818,0.6585777777777778,0.7921731912867817,0.08381989033033078
1692,6,191,0.6560444444444444,14761,0.6560444444444444,0.7916082476093442,0.08629167082248258
1693,6,192,0.6562666666666667,14766,0.6562666666666667,0.7932334205186784,0.08764089614035601
1694,6,193,0.6575111111111112,14794,0.6575111111111112,0.7913313440151004,0.08382308556640417
1695,6,194,0.6602222222222223,14855,0.6602222222222223,0.7938711292974936,0.08420892342248447
1696,6,195,0.6562666666666667,14766,0.6562666666666667,0.7908797434559273,0.08638330795403659
1697,6,196,0.6563111111111111,14767,0.6563111111111111,0.7889447075596722,0.08234032980646282
1698,6,197,0.6583555555555556,14813,0.6583555555555556,0.7889896115442774,0.08451417744395316
1699,6,198,0.6590666666666667,14829,0.6590666666666667,0.7865163962238838,0.08237787496136093
1700,6,199,0.6517777777777778,14665,0.6517777777777778,0.7876040590079282,0.08845863671666927
1701,6,200,0.6623555555555556,14903,0.6623555555555556,0.7933106908428021,0.08569169514133639
1702,6,201,0.6555111111111112,14749,0.6555111111111112,0.7885547671882492,0.08582598782905954
1703,6,202,0.6601333333333333,14853,0.6601333333333333,0.7943560234033465,0.08338426855528658
1704,6,203,0.6597777777777778,14845,0.6597777777777778,0.7929793998576264,0.08496445361984573
1705,6,204,0.6539111111111111,14713,0.6539111111111111,0.784729520686182,0.08165020709121226
1706,6,205,0.6574666666666666,14793,0.6574666666666666,0.7886270226561943,0.08329419466345474
1707,6,206,0.6582222222222223,14810,0.6582222222222223,0.7923015003151638,0.0820711126285117
1708,6,207,0.6543111111111111,14722,0.6543111111111111,0.7903350676190382,0.08617742048050835
1709,6,208,0.6580444444444444,14806,0.6580444444444444,0.7905417486558235,0.08248854978019761
1710,6,209,0.6548,14733,0.6548,0.7887290167952494,0.08550778492317006
1711,6,210,0.6468888888888888,14555,0.6468888888888888,0.7819526219011285,0.08746099145607152
1712,6,211,0.6565777777777778,14773,0.6565777777777778,0.788381770952329,0.08376752472183167
1713,6,212,0.6554222222222222,14747,0.6554222222222222,0.7903849705688765,0.08596780960100994
1714,6,213,0.6567111111111111,14776,0.6567111111111111,0.7876241808062174,0.08373100632217173
1715,6,214,0.6547555555555555,14732,0.6547555555555555,0.787530765369917,0.08256841923003777
1716,6,215,0.6570222222222222,14783,0.6570222222222222,0.7916031759748644,0.08486486040659402
1717,6,216,0.6565777777777778,14773,0.6565777777777778,0.7879769358753019,0.08154326791604119
1718,6,217,0.6616888888888889,14888,0.6616888888888889,0.7931473407164795,0.08152551897326459
1719,6,218,0.6545777777777778,14728,0.6545777777777778,0.7894017205114431,0.08715786112275559
1720,6,219,0.6569333333333334,14781,0.6569333333333334,0.7910100531452356,0.08436327773252414
1721,6,220,0.6649777777777778,14962,0.6649777777777778,0.7946384280473976,0.08113831109669432
1722,6,221,0.6596,14841,0.6596,0.7937933219156967,0.08517447699406205
1723,6,222,0.6575111111111112,14794,0.6575111111111112,0.7886354077072544,0.08362581913033205
1724,6,223,0.6545777777777778,14728,0.6545777777777778,0.7877147646291115,0.08374884176201577
1725,6,224,0.6584888888888889,14816,0.6584888888888889,0.7930221945144758,0.08675928099868917
1726,6,225,0.6596888888888889,14843,0.6596888888888889,0.7906139705287835,0.08414778677118097
1727,6,226,0.6606666666666666,14865,0.6606666666666666,0.7927962252114287,0.08181101470677737
1728,6,227,0.6491555555555556,14606,0.6491555555555556,0.7853629386759081,0.08879237731285054
1729,6,228,0.6601333333333333,14853,0.6601333333333333,0.7935317243146439,0.08567790482464148
1730,6,229,0.6525333333333333,14682,0.6525333333333333,0.7885572769147075,0.08567163381984208
1731,6,230,0.6530222222222222,14693,0.6530222222222222,0.7875606254178761,0.08577953422505175
1732,6,231,0.6571111111111111,14785,0.6571111111111111,0.7900191415380928,0.08180761674220433
1733,6,232,0.6535555555555556,14705,0.6535555555555556,0.7863256939092161,0.08514258481491281
1734,6,233,0.6552,14742,0.6552,0.7894890627870063,0.0840397174610188
1735,6,234,0.6523111111111111,14677,0.6523111111111111,0.7843003520029251,0.08477111749672754
1736,6,235,0.6532,14697,0.6532,0.7889248787401798,0.08501423687078144
1737,6,236,0.6576888888888889,14798,0.6576888888888889,0.7892652967164709,0.08272685862528716
1738,6,237,0.6596888888888889,14843,0.6596888888888889,0.7864714345635219,0.08118766009389747
1739,6,238,0.6590222222222222,14828,0.6590222222222222,0.7938459976572335,0.08542772126791942
1740,6,239,0.6537333333333334,14709,0.6537333333333334,0.7915826630952877,0.08520952356195372
1741,6,240,0.6564,14769,0.6564,0.7898001765635011,0.08288713312260045
1742,6,241,0.6592,14832,0.6592,0.7921693328828142,0.08399850653768651
1743,6,242,0.6561333333333333,14763,0.6561333333333333,0.7899290177320785,0.08379526045773834
1744,6,243,0.6531555555555556,14696,0.6531555555555556,0.7871244529893806,0.0855263439514059
1745,6,244,0.6525777777777778,14683,0.6525777777777778,0.7872291598335646,0.08666602548591507
1746,6,245,0.6517777777777778,14665,0.6517777777777778,0.7881619908616467,0.08802341415607225
1747,6,246,0.6540444444444444,14716,0.6540444444444444,0.7903678369375803,0.08722390255801968
1748,6,247,0.6555555555555556,14750,0.6555555555555556,0.7891090735802615,0.08564239172168485
1749,6,248,0.6612,14877,0.6612,0.796604987554039,0.08385664361458753
1750,6,249,0.6544,14724,0.6544,0.7915540495306025,0.08551464572173496
1751,6,250,0.6543111111111111,14722,0.6543111111111111,0.7919273788853175,0.0880408266066991
1752,6,251,0.6582222222222223,14810,0.6582222222222223,0.7901548182448102,0.08531186258688853
1753,6,252,0.6602222222222223,14855,0.6602222222222223,0.7938225945362709,0.08402929883215243
1754,6,253,0.6531111111111111,14695,0.6531111111111111,0.7901910409140626,0.08828771333496294
1755,6,254,0.6544,14724,0.6544,0.7893588227887421,0.08603044894237534
1756,6,255,0.6604888888888889,14861,0.6604888888888889,0.7896796597640242,0.08051567650823162
1757,6,256,0.6549333333333334,14736,0.6549333333333334,0.7906630782342525,0.08563493226047947
1758,6,257,0.6579111111111111,14803,0.6579111111111111,0.7929416462005642,0.08577747200280852
1759,6,258,0.6565333333333333,14772,0.6565333333333333,0.789219608234747,0.08341323504943628
1760,6,259,0.6582222222222223,14810,0.6582222222222223,0.7884771451744073,0.08401485697538111
1761,6,260,0.6519111111111111,14668,0.6519111111111111,0.7862928841559583,0.08760180663373773
1762,6,261,0.6556444444444445,14752,0.6556444444444445,0.7896342264142729,0.08610178570622679
1763,6,262,0.6574666666666666,14793,0.6574666666666666,0.7890508805261152,0.08469050647231847
1764,6,263,0.6575555555555556,14795,0.6575555555555556,0.796265833288284,0.08692435016744945
1765,6,264,0.6530222222222222,14693,0.6530222222222222,0.7876402176841425,0.08846361870260874
1766,6,265,0.6551111111111111,14740,0.6551111111111111,0.7875187259844042,0.08435606951209663
1767,6,266,0.6512444444444444,14653,0.6512444444444444,0.793243060097419,0.08991184689527108
1768,6,267,0.6579555555555555,14804,0.6579555555555555,0.7896677805447462,0.08251927056758733
1769,6,268,0.6550222222222222,14738,0.6550222222222222,0.7863682652002438,0.08321866414124013
1770,6,269,0.6513777777777778,14656,0.6513777777777778,0.7878968504279908,0.08724675930767589
1771,6,270,0.6596,14841,0.6596,0.7925289229450485,0.08404855320073228
1772,6,271,0.6586666666666666,14820,0.6586666666666666,0.7919131318994989,0.08438719513663528
1773,6,272,0.6568,14778,0.6568,0.793055335506573,0.0861218596920837
1774,6,273,0.6628888888888889,14915,0.6628888888888889,0.7984489134675694,0.08591770314268951
1775,6,274,0.6614222222222222,14882,0.6614222222222222,0.7925905944210035,0.08482820220708814
1776,6,275,0.6556444444444445,14752,0.6556444444444445,0.7911436898533514,0.0862617352830086
1777,6,276,0.6557777777777778,14755,0.6557777777777778,0.7908517553471758,0.08366728544781515
1778,6,277,0.6557777777777778,14755,0.6557777777777778,0.7885192385158994,0.08408671469499708
1779,6,278,0.6535111111111112,14704,0.6535111111111112,0.7892055211412337,0.08558314219393995
1780,6,279,0.6547555555555555,14732,0.6547555555555555,0.787828867411045,0.08438981282580978
1781,6,280,0.6616444444444445,14887,0.6616444444444445,0.7960754589707649,0.08690516721489035
1782,6,281,0.6559555555555555,14759,0.6559555555555555,0.786601187292938,0.0812176783314143
1783,6,282,0.6572,14787,0.6572,0.7923939596885654,0.08423438245550935
1784,6,283,0.6493777777777778,14611,0.6493777777777778,0.7863645396485285,0.08666289000875285
1785,6,284,0.6561777777777777,14764,0.6561777777777777,0.7848812291086015,0.08399441127315493
1786,6,285,0.6542666666666667,14721,0.6542666666666667,0.7882570300850653,0.08483270780388615
1787,6,286,0.6528444444444444,14689,0.6528444444444444,0.7862455143372177,0.08537874304244077
1788,6,287,0.6586666666666666,14820,0.6586666666666666,0.7901048977042352,0.0820003744615788
1789,6,288,0.6585777777777778,14818,0.6585777777777778,0.7908711035144572,0.08398677559433157
1790,6,289,0.6564888888888889,14771,0.6564888888888889,0.7904171902849098,0.08738650145593296
1791,6,290,0.6539555555555555,14714,0.6539555555555555,0.7871732065279474,0.08402521004578026
1792,6,291,0.6626222222222222,14909,0.6626222222222222,0.7971340818645304,0.08483301115329522
1793,6,292,0.6600444444444444,14851,0.6600444444444444,0.7909369189183106,0.08498616849579492
1794,6,293,0.6548888888888889,14735,0.6548888888888889,0.7913235073946401,0.08453762529822109
1795,6,294,0.6548444444444445,14734,0.6548444444444445,0.7894494358754127,0.0864345181436689
1796,6,295,0.6569777777777778,14782,0.6569777777777778,0.7913538257966394,0.08513788878322555
1797,6,296,0.6579111111111111,14803,0.6579111111111111,0.790745555170403,0.08378088289816346
1798,6,297,0.6593777777777777,14836,0.6593777777777777,0.7897779057285365,0.08458526537205986
1799,6,298,0.6562222222222223,14765,0.6562222222222223,0.7925374515731782,0.08641184308803847
1800,6,299,0.6558666666666667,14757,0.6558666666666667,0.7860581236813236,0.08545048798901879
1801,6,300,0.6622666666666667,14901,0.6622666666666667,0.7929642082741609,0.08331438508927846
1802,6,301,0.6540444444444444,14716,0.6540444444444444,0.7878527529471774,0.08619783006822643
1803,6,302,0.6592888888888889,14834,0.6592888888888889,0.7916598064687735,0.08631105951084467
1804,6,303,0.6528888888888889,14690,0.6528888888888889,0.789074732109912,0.08431816469324091
1805,6,304,0.6587555555555555,14822,0.6587555555555555,0.7968019734202215,0.0884734101229922
1806,6,305,0.6560888888888889,14762,0.6560888888888889,0.7938346833296318,0.08760228037390735
1807,6,306,0.6539555555555555,14714,0.6539555555555555,0.7895278208813562,0.08681415862958548
1808,6,307,0.6542666666666667,14721,0.6542666666666667,0.7865408632055583,0.08443346702994638
1809,6,308,0.6591555555555556,14831,0.6591555555555556,0.7904788146168383,0.0821165346885853
1810,6,309,0.6505333333333333,14637,0.6505333333333333,0.7825175980943727,0.0834260910104433
1811,6,310,0.6552,14742,0.6552,0.7860623689316906,0.0833168821447028
1812,6,311,0.6561333333333333,14763,0.6561333333333333,0.7903103552501024,0.08456536053021288
1813,6,312,0.6576,14796,0.6576,0.7896344784477821,0.0829157475123747
1814,6,313,0.6564888888888889,14771,0.6564888888888889,0.7903408843605765,0.08387325140067498
1815,6,314,0.6575111111111112,14794,0.6575111111111112,0.7921063810301513,0.08562398659578085
1816,6,315,0.6586222222222222,14819,0.6586222222222222,0.7902112006040724,0.08272822907536022
1817,6,316,0.6570222222222222,14783,0.6570222222222222,0.795504807077005,0.08713980687064783
1818,6,317,0.6565777777777778,14773,0.6565777777777778,0.7886936475670717,0.0843340420632534
1819,6,318,0.6529777777777778,14692,0.6529777777777778,0.7872520649120631,0.08759311875955703
1820,6,319,0.6512888888888889,14654,0.6512888888888889,0.7880232065089242,0.08585569006244519
1821,6,320,0.6537777777777778,14710,0.6537777777777778,0.7928314278503042,0.08822428304826413
1822,6,321,0.6545777777777778,14728,0.6545777777777778,0.7893220583673193,0.08564640088324454
1823,6,322,0.6546222222222222,14729,0.6546222222222222,0.7875848455481528,0.08658879775291761
1824,6,323,0.6545777777777778,14728,0.6545777777777778,0.7892610465914438,0.08495370957605343
1825,6,324,0.6610222222222222,14873,0.6610222222222222,0.7962778054279432,0.08404281071162831
1826,6,325,0.6578666666666667,14802,0.6578666666666667,0.7906125844941125,0.08302267947832728
1827,6,326,0.6544444444444445,14725,0.6544444444444445,0.7865016387642669,0.08442536518759915
1828,6,327,0.6575111111111112,14794,0.6575111111111112,0.7932422115356416,0.08580828962743552
1829,6,328,0.6568444444444445,14779,0.6568444444444445,0.7917297710742497,0.0864797116214199
1830,6,329,0.6512444444444444,14653,0.6512444444444444,0.7861680829118921,0.08321925163691367
1831,6,330,0.6599555555555555,14849,0.6599555555555555,0.7903203938213197,0.08239879369404542
1832,6,331,0.6578222222222222,14801,0.6578222222222222,0.790029007695268,0.08485008678512909
1833,6,332,0.6600444444444444,14851,0.6600444444444444,0.7937902337195472,0.0840726209422007
1834,6,333,0.6558222222222222,14756,0.6558222222222222,0.7884190008034583,0.08282255359080855
1835,6,334,0.6588888888888889,14825,0.6588888888888889,0.7930254002002546,0.08527945147288818
1836,6,335,0.6572888888888889,14789,0.6572888888888889,0.7890285506953219,0.0838688655421736
1837,6,336,0.6569333333333334,14781,0.6569333333333334,0.7899206132528049,0.08368976075130893
1838,6,337,0.6555111111111112,14749,0.6555111111111112,0.7912136299382806,0.08649512634154898
1839,6,338,0.6523111111111111,14677,0.6523111111111111,0.7890513937882487,0.08456399614074432
1840,6,339,0.6553333333333333,14745,0.6553333333333333,0.789915962479446,0.08571656827820916
1841,6,340,0.6560444444444444,14761,0.6560444444444444,0.7892924177571404,0.08582424967386912
1842,6,341,0.6551111111111111,14740,0.6551111111111111,0.7862262679598511,0.08442735118803456
1843,6,342,0.6579555555555555,14804,0.6579555555555555,0.7881601188232614,0.08432034329284557
1844,6,343,0.6556888888888889,14753,0.6556888888888889,0.78781295968852,0.08370086382863214
1845,6,344,0.6556444444444445,14752,0.6556444444444445,0.7887999694528665,0.08410911273446153
1846,6,345,0.6594222222222222,14837,0.6594222222222222,0.796738879296809,0.08920156996581664
1847,6,346,0.6591555555555556,14831,0.6591555555555556,0.7940134461184387,0.08385245300695993
1848,6,347,0.6534666666666666,14703,0.6534666666666666,0.7905235414246913,0.0901023560669752
1849,6,348,0.6534666666666666,14703,0.6534666666666666,0.7895233449220196,0.08558172735633664
1850,6,349,0.6573333333333333,14790,0.6573333333333333,0.790843328338974,0.08613029000915418
1851,6,350,0.6554666666666666,14748,0.6554666666666666,0.7887922092634371,0.08468680759702228
1852,6,351,0.6562666666666667,14766,0.6562666666666667,0.7896530049405407,0.08531894788869958
1853,6,352,0.6521333333333333,14673,0.6521333333333333,0.7896894255627485,0.08695710216819472
1854,6,353,0.6562222222222223,14765,0.6562222222222223,0.7903465435144095,0.0862218802120957
1855,6,354,0.6588,14823,0.6588,0.7929404205107714,0.08587485169147109
1856,6,355,0.6585777777777778,14818,0.6585777777777778,0.7913080660725031,0.08440833288671386
1857,6,356,0.6570222222222222,14783,0.6570222222222222,0.791831410156043,0.08510455489429306
1858,6,357,0.6583555555555556,14813,0.6583555555555556,0.793727704427943,0.08571559153983245
1859,6,358,0.6590666666666667,14829,0.6590666666666667,0.7980754148100198,0.09011162664780856
1860,6,359,0.6539555555555555,14714,0.6539555555555555,0.788110057339452,0.08383865343682839
1861,6,360,0.6550222222222222,14738,0.6550222222222222,0.7858315870796543,0.08344530191838863
1862,6,361,0.6534222222222222,14702,0.6534222222222222,0.7929192744632533,0.08854401766769764
1863,6,362,0.6577777777777778,14800,0.6577777777777778,0.7921822022487052,0.08478334286520856
1864,6,363,0.6556888888888889,14753,0.6556888888888889,0.7879170251284421,0.08272984754613281
1865,6,364,0.6516,14661,0.6516,0.78967454992564,0.08665198085400493
1866,6,365,0.6589777777777778,14827,0.6589777777777778,0.7908674542025904,0.08312160992017771
1867,6,366,0.6588444444444445,14824,0.6588444444444445,0.7926642745162178,0.0844658621223831
1868,6,367,0.6561777777777777,14764,0.6561777777777777,0.7934244277386112,0.08947648728645592
1869,6,368,0.6533777777777777,14701,0.6533777777777777,0.7830372477888057,0.08236536129243299
1870,6,369,0.6608888888888889,14870,0.6608888888888889,0.7924219653865294,0.08180823353991572
1871,6,370,0.6612,14877,0.6612,0.7958191415228854,0.08443844623083972
1872,6,371,0.6599111111111111,14848,0.6599111111111111,0.7948739996199524,0.08442404531762604
1873,6,372,0.6588444444444445,14824,0.6588444444444445,0.7915629900254295,0.08517387888379159
1874,6,373,0.6563555555555556,14768,0.6563555555555556,0.7890038729665039,0.08511250186436442
1875,6,374,0.6556888888888889,14753,0.6556888888888889,0.790646628566263,0.08447428076109184
1876,6,375,0.6557777777777778,14755,0.6557777777777778,0.7860759459800744,0.08391756025936349
1877,6,376,0.6568,14778,0.6568,0.7920871621468524,0.08499723023987513
1878,6,377,0.6607111111111111,14866,0.6607111111111111,0.7900971281886274,0.08576556673406581
1879,6,378,0.6555555555555556,14750,0.6555555555555556,0.7894836075831821,0.085434931744094
1880,6,379,0.6543111111111111,14722,0.6543111111111111,0.7892415617354432,0.08486433363547677
1881,6,380,0.6604888888888889,14861,0.6604888888888889,0.7926500969982043,0.08251856308508004
1882,6,381,0.6604888888888889,14861,0.6604888888888889,0.791898314831246,0.08472589740697468
1883,6,382,0.6611555555555556,14876,0.6611555555555556,0.7920031988196476,0.08491215038443613
1884,6,383,0.6547111111111111,14731,0.6547111111111111,0.7917582112543056,0.08693625357611522
1885,6,384,0.6552888888888889,14744,0.6552888888888889,0.7863481970302652,0.08366982373692387
1886,6,385,0.654,14715,0.654,0.7931111867260211,0.08764376995171798
1887,6,386,0.6594666666666666,14838,0.6594666666666666,0.7921437051122863,0.08601917002433764
1888,6,387,0.6604444444444444,14860,0.6604444444444444,0.7934888061736298,0.08389526459889488
1889,6,388,0.6535555555555556,14705,0.6535555555555556,0.789398314798078,0.0870241170815255
1890,6,389,0.6567111111111111,14776,0.6567111111111111,0.7884044607101786,0.08525377845554692
1891,6,390,0.6582666666666667,14811,0.6582666666666667,0.7920292607480303,0.0846859721820814
1892,6,391,0.6576888888888889,14798,0.6576888888888889,0.7893372520131333,0.08383562018703232
1893,6,392,0.6557777777777778,14755,0.6557777777777778,0.7873732761059405,0.0826389880951118
1894,6,393,0.6618666666666667,14892,0.6618666666666667,0.7929807522974995,0.08474114845507949
1895,6,394,0.6568,14778,0.6568,0.7911299083138296,0.08651661467191366
1896,6,395,0.6553777777777777,14746,0.6553777777777777,0.7875827749708526,0.08265260417284752
1897,6,396,0.6526666666666666,14685,0.6526666666666666,0.7880222731239762,0.08780501960181074
1898,6,397,0.6549333333333334,14736,0.6549333333333334,0.7903825964128184,0.08521798204419595
1899,6,398,0.6557777777777778,14755,0.6557777777777778,0.7906171657399735,0.08407054030900867
1900,6,399,0.6588888888888889,14825,0.6588888888888889,0.7939674705659834,0.08507951431797064
1901,6,400,0.6570666666666667,14784,0.6570666666666667,0.789378703216218,0.08409379023301097
1902,6,401,0.6553777777777777,14746,0.6553777777777777,0.7861452384007276,0.08498984101165512
1903,6,402,0.6573777777777777,14791,0.6573777777777777,0.7903251336136734,0.08484990308955107
1904,6,403,0.6558666666666667,14757,0.6558666666666667,0.7912339873195587,0.08632247906609379
1905,6,404,0.6564444444444445,14770,0.6564444444444445,0.7869887799792596,0.08321976380388908
1906,6,405,0.6569333333333334,14781,0.6569333333333334,0.7929301775307067,0.0873842256677713
1907,6,406,0.6542666666666667,14721,0.6542666666666667,0.7885313756193562,0.08298078946279873
1908,6,407,0.6540444444444444,14716,0.6540444444444444,0.7906054462620485,0.08540731987762996
1909,6,408,0.6543555555555556,14723,0.6543555555555556,0.7902121203646749,0.08677620280685469
1910,6,409,0.6548,14733,0.6548,0.7886433236622372,0.08801816234217001
1911,6,410,0.6601333333333333,14853,0.6601333333333333,0.7990280767040455,0.08697839571461995
1912,6,411,0.6550222222222222,14738,0.6550222222222222,0.7895780314381543,0.08472476890172052
1913,6,412,0.6526222222222222,14684,0.6526222222222222,0.7875223968873151,0.08745207353122185
1914,6,413,0.6612444444444444,14878,0.6612444444444444,0.7949738949344568,0.0857699241030933
1915,6,414,0.6568888888888889,14780,0.6568888888888889,0.7876913063068532,0.08476416524587367
1916,6,415,0.6552,14742,0.6552,0.7871471761144744,0.08167360673634377
1917,6,416,0.6551555555555556,14741,0.6551555555555556,0.7887078190602251,0.08309553027676198
1918,6,417,0.6568888888888889,14780,0.6568888888888889,0.79365527982842,0.084826830621855
1919,6,418,0.6614666666666666,14883,0.6614666666666666,0.7932907951997978,0.08492208615087445
1920,6,419,0.6599111111111111,14848,0.6599111111111111,0.7911178416679455,0.08132187746793772
1921,6,420,0.6597333333333333,14844,0.6597333333333333,0.7903413763717757,0.0839030369886812
1922,6,421,0.6568,14778,0.6568,0.7923117102756482,0.08652198318580233
1923,6,422,0.6555111111111112,14749,0.6555111111111112,0.7899672374712704,0.08535248570732076
1924,6,423,0.6583555555555556,14813,0.6583555555555556,0.7909627507689766,0.0846292373164487
1925,6,424,0.6580444444444444,14806,0.6580444444444444,0.7950603962873379,0.08369451307949179
1926,6,425,0.6570222222222222,14783,0.6570222222222222,0.7894584993372682,0.08480455491955505
1927,6,426,0.6591111111111111,14830,0.6591111111111111,0.7890574396303665,0.08214754310068634
1928,6,427,0.6506222222222222,14639,0.6506222222222222,0.7874389763672875,0.0870882731381302
1929,6,428,0.6562666666666667,14766,0.6562666666666667,0.7883329383747262,0.08337104538070107
1930,6,429,0.6548,14733,0.6548,0.7885541871920196,0.08290217730599043
1931,6,430,0.6544,14724,0.6544,0.7879046743144152,0.08461328583186811
1932,6,431,0.6550666666666667,14739,0.6550666666666667,0.7944919572472058,0.08850456114695793
1933,6,432,0.6588888888888889,14825,0.6588888888888889,0.7938794974270159,0.08578771062172297
1934,6,433,0.6611555555555556,14876,0.6611555555555556,0.7891821208365383,0.08029530087356726
1935,6,434,0.6587111111111111,14821,0.6587111111111111,0.78780873574077,0.08461953161848416
1936,6,435,0.6600444444444444,14851,0.6600444444444444,0.7955975142303447,0.0846775765943129
1937,6,436,0.6542222222222223,14720,0.6542222222222223,0.7906826957658982,0.08919196917666192
1938,6,437,0.6528888888888889,14690,0.6528888888888889,0.7856969823488821,0.08437787022269227
1939,6,438,0.6542222222222223,14720,0.6542222222222223,0.789531372098216,0.08332497701979165
1940,6,439,0.6575555555555556,14795,0.6575555555555556,0.7883576994744135,0.08129603288624013
1941,6,440,0.658,14805,0.658,0.7967706345096548,0.08659279811598194
1942,6,441,0.6542666666666667,14721,0.6542666666666667,0.7888710303111917,0.08642005622627022
1943,6,442,0.6591111111111111,14830,0.6591111111111111,0.7916143678471623,0.08340346368574127
1944,6,443,0.6587111111111111,14821,0.6587111111111111,0.7910673643000321,0.08471168223387504
1945,6,444,0.6541777777777777,14719,0.6541777777777777,0.7869262294465055,0.08606644287260129
1946,6,445,0.6545333333333333,14727,0.6545333333333333,0.7857021735436932,0.08177910710171168
1947,6,446,0.6608,14868,0.6608,0.7920013413269497,0.0828825337576468
1948,6,447,0.6552,14742,0.6552,0.7904176936987617,0.08438771406444033
1949,6,448,0.6604,14859,0.6604,0.7911246914496259,0.08185762170230948
1950,6,449,0.6570222222222222,14783,0.6570222222222222,0.7925495291016909,0.0848871866623483
1951,6,450,0.6578666666666667,14802,0.6578666666666667,0.795888187139866,0.08681606053456763
1952,6,451,0.6592444444444444,14833,0.6592444444444444,0.7928735120553813,0.08511516206783994
1953,6,452,0.6549777777777778,14737,0.6549777777777778,0.7864807250838777,0.08336537666829845
1954,6,453,0.6562666666666667,14766,0.6562666666666667,0.7842434191561495,0.08246516638400361
1955,6,454,0.6616444444444445,14887,0.6616444444444445,0.7943821138349632,0.08229407771810272
1956,6,455,0.6621777777777778,14899,0.6621777777777778,0.7932323716847832,0.0835130807744715
1957,6,456,0.6521333333333333,14673,0.6521333333333333,0.7894168809415728,0.08660262415138176
1958,6,457,0.6541777777777777,14719,0.6541777777777777,0.7876881461059673,0.08556611646366369
1959,6,458,0.6602222222222223,14855,0.6602222222222223,0.7943699587368588,0.0846020021792239
1960,6,459,0.6553777777777777,14746,0.6553777777777777,0.7861937046570265,0.08258947929511498
1961,6,460,0.6553333333333333,14745,0.6553333333333333,0.7896408567025042,0.08444786730414165
1962,6,461,0.6591111111111111,14830,0.6591111111111111,0.7913951209509101,0.08398620061399123
1963,6,462,0.6558222222222222,14756,0.6558222222222222,0.7880455470623277,0.082733284939288
1964,6,463,0.6596888888888889,14843,0.6596888888888889,0.7931573599264868,0.08764778163021375
1965,6,464,0.6533777777777777,14701,0.6533777777777777,0.7869266945395799,0.0858457307167924
1966,6,465,0.6548888888888889,14735,0.6548888888888889,0.7882426421429856,0.0845500782268782
1967,6,466,0.6613777777777777,14881,0.6613777777777777,0.7949869539093704,0.08366177077928527
1968,6,467,0.6540444444444444,14716,0.6540444444444444,0.7856843992340261,0.08208032641504313
1969,6,468,0.6537777777777778,14710,0.6537777777777778,0.7899148311687043,0.08696177820704261
1970,6,469,0.6580888888888888,14807,0.6580888888888888,0.788726198191267,0.0837727014787386
1971,6,470,0.6601333333333333,14853,0.6601333333333333,0.7937226658363596,0.08361163608019327
1972,6,471,0.6551555555555556,14741,0.6551555555555556,0.789909889164864,0.08406754644861973
1973,6,472,0.652,14670,0.652,0.7838654095816281,0.08454760264246369
1974,6,473,0.6598222222222222,14846,0.6598222222222222,0.789206050944769,0.08227744808913579
1975,6,474,0.6573777777777777,14791,0.6573777777777777,0.7882068355173288,0.08313192132182876
1976,6,475,0.6612444444444444,14878,0.6612444444444444,0.7902321955475128,0.08078082743861202
1977,6,476,0.6607111111111111,14866,0.6607111111111111,0.7921108114879585,0.08470979688278185
1978,6,477,0.6586222222222222,14819,0.6586222222222222,0.7918157107650027,0.08430682573222999
1979,6,478,0.6571555555555556,14786,0.6571555555555556,0.787250011087774,0.08305313146112482
1980,6,479,0.6524,14679,0.6524,0.790421760925566,0.08815058090398639
1981,6,480,0.656,14760,0.656,0.7894120704273105,0.0830411726801512
1982,6,481,0.6616888888888889,14888,0.6616888888888889,0.7959012563680606,0.08368559050474533
1983,6,482,0.6609777777777778,14872,0.6609777777777778,0.7925454629174773,0.08238873111661511
1984,6,483,0.6572888888888889,14789,0.6572888888888889,0.7861757178068437,0.08289041060086823
1985,6,484,0.6492444444444444,14608,0.6492444444444444,0.790819315561191,0.09040869099454178
1986,6,485,0.6616444444444445,14887,0.6616444444444445,0.79472471356302,0.08351015278765632
1987,6,486,0.6553777777777777,14746,0.6553777777777777,0.7933330636435909,0.08883022719454592
1988,6,487,0.6582666666666667,14811,0.6582666666666667,0.7934024592167287,0.08602461512280729
1989,6,488,0.6538666666666667,14712,0.6538666666666667,0.7874465437939842,0.08435647844886268
1990,6,489,0.6538666666666667,14712,0.6538666666666667,0.7875920068787695,0.08152082818339762
1991,6,490,0.6593333333333333,14835,0.6593333333333333,0.7926825199425,0.08412897893203745
1992,6,491,0.6573333333333333,14790,0.6573333333333333,0.7942240455845024,0.08573210410535484
1993,6,492,0.6548888888888889,14735,0.6548888888888889,0.7926784958158147,0.08786531171884551
1994,6,493,0.6563111111111111,14767,0.6563111111111111,0.7925043205530529,0.08689540302853316
1995,6,494,0.6548888888888889,14735,0.6548888888888889,0.7913731557110919,0.08425468521893581
1996,6,495,0.6544888888888889,14726,0.6544888888888889,0.7887956263934253,0.08582365645047778
1997,6,496,0.6568888888888889,14780,0.6568888888888889,0.7900401309026338,0.08448609213578696
1998,6,497,0.6561333333333333,14763,0.6561333333333333,0.7908108860598798,0.08474760928641464
1999,6,498,0.6565777777777778,14773,0.6565777777777778,0.791544752780767,0.08524122230799559
2000,6,499,0.6531111111111111,14695,0.6531111111111111,0.790447344082189,0.0865617924744027
2001,8,0,0.6364444444444445,14320,0.6364444444444445,0.7777017210135989,0.09163908138092622
2002,8,1,0.6374222222222222,14342,0.6374222222222222,0.7775250732884549,0.09575932128662787
2003,8,2,0.6369333333333334,14331,0.6369333333333334,0.7796039006149722,0.09493786752726763
2004,8,3,0.6405333333333333,14412,0.6405333333333333,0.7829872208129672,0.09548651437522084
2005,8,4,0.6376444444444445,14347,0.6376444444444445,0.7812351252505793,0.09680041113346298
2006,8,5,0.6398222222222222,14396,0.6398222222222222,0.780753363787515,0.09309265552901898
2007,8,6,0.6353777777777778,14296,0.6353777777777778,0.781199068093749,0.10018415201216957
2008,8,7,0.6386666666666667,14370,0.6386666666666667,0.7809515969979545,0.09618988035541325
2009,8,8,0.6393777777777778,14386,0.6393777777777778,0.7821389302981155,0.09308434589403405
2010,8,9,0.6336888888888889,14258,0.6336888888888889,0.7750247443479202,0.09346151388045106
2011,8,10,0.6381333333333333,14358,0.6381333333333333,0.7820695437590054,0.09702137921932298
2012,8,11,0.6357333333333334,14304,0.6357333333333334,0.7779657753145185,0.09695004462289977
2013,8,12,0.6395111111111111,14389,0.6395111111111111,0.7808513498889857,0.09540293453767601
2014,8,13,0.6340888888888889,14267,0.6340888888888889,0.7748855297648294,0.09348043435124141
2015,8,14,0.6397333333333334,14394,0.6397333333333334,0.7799823870379272,0.09312632559621634
2016,8,15,0.6367111111111111,14326,0.6367111111111111,0.7782513209358907,0.09381710683688627
2017,8,16,0.6364444444444445,14320,0.6364444444444445,0.7815692064712558,0.09748375513092462
2018,8,17,0.6314666666666666,14208,0.6314666666666666,0.7741723334319021,0.09713378825164938
2019,8,18,0.6357333333333334,14304,0.6357333333333334,0.7781051301147268,0.0956144832637688
2020,8,19,0.6338666666666667,14262,0.6338666666666667,0.7802764618525134,0.09617401816787557
2021,8,20,0.6345333333333333,14277,0.6345333333333333,0.7806184782206869,0.09698769036360824
2022,8,21,0.6375555555555555,14345,0.6375555555555555,0.7801850929852056,0.09442189682738872
2023,8,22,0.6350222222222223,14288,0.6350222222222223,0.7780711094680047,0.0982498631984201
2024,8,23,0.6364888888888889,14321,0.6364888888888889,0.7780321186142052,0.09651149103900734
2025,8,24,0.6375555555555555,14345,0.6375555555555555,0.7802940900685208,0.09635191375285133
2026,8,25,0.6368444444444444,14329,0.6368444444444444,0.7794165499630858,0.09414422182337245
2027,8,26,0.6356888888888889,14303,0.6356888888888889,0.7798662177605674,0.09399116152416388
2028,8,27,0.6336888888888889,14258,0.6336888888888889,0.7755752844208263,0.09428203298065226
2029,8,28,0.6378222222222222,14351,0.6378222222222222,0.7812218415259675,0.09567482895493401
2030,8,29,0.6390666666666667,14379,0.6390666666666667,0.7821376257455191,0.09679739455545779
2031,8,30,0.6413333333333333,14430,0.6413333333333333,0.7807761253352715,0.0919410846481608
2032,8,31,0.6390222222222223,14378,0.6390222222222223,0.7824233077030333,0.09433294709588917
2033,8,32,0.6346666666666667,14280,0.6346666666666667,0.779183756267638,0.09601638467180001
2034,8,33,0.6384444444444445,14365,0.6384444444444445,0.781466066920052,0.09400248788557695
2035,8,34,0.6367555555555555,14327,0.6367555555555555,0.7786704580303048,0.09516758422372358
2036,8,35,0.6400444444444444,14401,0.6400444444444444,0.7817507648386712,0.09335761105760908
2037,8,36,0.6350666666666667,14289,0.6350666666666667,0.7749405966225806,0.09329677220261204
2038,8,37,0.6379111111111111,14353,0.6379111111111111,0.7859242459164125,0.09937914002355848
2039,8,38,0.6384,14364,0.6384,0.7810327455106916,0.09364595693704338
2040,8,39,0.634,14265,0.634,0.7779190512989678,0.09513468258048814
2041,8,40,0.6386222222222222,14369,0.6386222222222222,0.7792502659154416,0.09302392435761979
2042,8,41,0.6396888888888889,14393,0.6396888888888889,0.7832738095942589,0.09527985148803295
2043,8,42,0.6383111111111112,14362,0.6383111111111112,0.7804688366303111,0.09448186732217684
2044,8,43,0.6356444444444445,14302,0.6356444444444445,0.7770212721191074,0.09592698516284545
2045,8,44,0.6380444444444444,14356,0.6380444444444444,0.7782822359557613,0.0932361721099168
2046,8,45,0.6373777777777778,14341,0.6373777777777778,0.7763916691399579,0.09440942560069641
2047,8,46,0.6428444444444444,14464,0.6428444444444444,0.7805137350792746,0.09142731207109937
2048,8,47,0.6379111111111111,14353,0.6379111111111111,0.7805833900515504,0.09428624552678734
2049,8,48,0.6364888888888889,14321,0.6364888888888889,0.7815402333966434,0.09758219609337229
2050,8,49,0.6372,14337,0.6372,0.7758156489640576,0.092115616565472
2051,8,50,0.6407111111111111,14416,0.6407111111111111,0.7850788007345773,0.09429009446718055
2052,8,51,0.6339555555555556,14264,0.6339555555555556,0.7802329116486013,0.09797926639980667
2053,8,52,0.6408444444444444,14419,0.6408444444444444,0.780205273955888,0.09568274780452252
2054,8,53,0.6387111111111111,14371,0.6387111111111111,0.7791974345431435,0.09539544318416311
2055,8,54,0.6330222222222223,14243,0.6330222222222223,0.775225144660067,0.09465888770325875
2056,8,55,0.6348444444444444,14284,0.6348444444444444,0.778296067678749,0.09480660075339054
2057,8,56,0.6368888888888888,14330,0.6368888888888888,0.7790801336775555,0.09337303630396081
2058,8,57,0.64,14400,0.64,0.7855844165385946,0.09739935479725621
2059,8,58,0.6336888888888889,14258,0.6336888888888889,0.7774268101580653,0.09562183295935874
2060,8,59,0.6356444444444445,14302,0.6356444444444445,0.7775798164933598,0.0966355096257768
2061,8,60,0.6366222222222222,14324,0.6366222222222222,0.777552509699604,0.09424358718581466
2062,8,61,0.6355111111111111,14299,0.6355111111111111,0.7838539537410666,0.10149882533474788
2063,8,62,0.6357333333333334,14304,0.6357333333333334,0.7740562354315838,0.09285959493779707
2064,8,63,0.6383555555555556,14363,0.6383555555555556,0.7770720983558168,0.09151261108033529
2065,8,64,0.6412888888888889,14429,0.6412888888888889,0.7819570691073984,0.0929171670044322
2066,8,65,0.6371555555555556,14336,0.6371555555555556,0.7798730019783007,0.09442395329609247
2067,8,66,0.6392,14382,0.6392,0.7808999130895825,0.09519566833028056
2068,8,67,0.6384888888888889,14366,0.6384888888888889,0.7845083393126738,0.09816540557699487
2069,8,68,0.6357777777777778,14305,0.6357777777777778,0.779689352133591,0.09620640349662093
2070,8,69,0.6363555555555556,14318,0.6363555555555556,0.7808143732691157,0.09489321354235922
2071,8,70,0.6392,14382,0.6392,0.7813027746994101,0.09560608810553171
2072,8,71,0.6377777777777778,14350,0.6377777777777778,0.7796030323206806,0.09355610701461729
2073,8,72,0.6412,14427,0.6412,0.782427093189294,0.09375895730474039
2074,8,73,0.6360444444444444,14311,0.6360444444444444,0.7811789333180466,0.09904034288852401
2075,8,74,0.6391555555555556,14381,0.6391555555555556,0.7855299624620792,0.09662999948414244
2076,8,75,0.6410666666666667,14424,0.6410666666666667,0.7819163578559511,0.09212059539968198
2077,8,76,0.6364444444444445,14320,0.6364444444444445,0.7754512611420271,0.09357199226363261
2078,8,77,0.6359111111111111,14308,0.6359111111111111,0.7759920999190842,0.09477299995258483
2079,8,78,0.6394666666666666,14388,0.6394666666666666,0.7814662994567086,0.0943367172583249
2080,8,79,0.6308888888888889,14195,0.6308888888888889,0.7781892381262047,0.09726589713057393
2081,8,80,0.6419111111111111,14443,0.6419111111111111,0.7810522725129861,0.09494538007153147
2082,8,81,0.6390666666666667,14379,0.6390666666666667,0.7839294302223728,0.09335880280676746
2083,8,82,0.6324888888888889,14231,0.6324888888888889,0.7723376644921601,0.09508127149605612
2084,8,83,0.6380444444444444,14356,0.6380444444444444,0.7800862791398255,0.09426047709711845
2085,8,84,0.6394666666666666,14388,0.6394666666666666,0.7812602125486633,0.09368691112314466
2086,8,85,0.6400444444444444,14401,0.6400444444444444,0.7839092701172283,0.09642011112879818
2087,8,86,0.6314666666666666,14208,0.6314666666666666,0.7735583019578158,0.09263854968164723
2088,8,87,0.6355111111111111,14299,0.6355111111111111,0.7780996788879816,0.09474962243687737
2089,8,88,0.6364444444444445,14320,0.6364444444444445,0.7798428061001128,0.0947103160058925
2090,8,89,0.6395111111111111,14389,0.6395111111111111,0.7811096497538035,0.09485966215999304
2091,8,90,0.6387555555555555,14372,0.6387555555555555,0.7823744716714772,0.0954064953570656
2092,8,91,0.6367555555555555,14327,0.6367555555555555,0.7826415043980397,0.09858373174847636
2093,8,92,0.6343111111111112,14272,0.6343111111111112,0.7802001330221136,0.0987036560913867
2094,8,93,0.6408,14418,0.6408,0.7822244142552135,0.09288539152966836
2095,8,94,0.64,14400,0.64,0.7834023459718032,0.09237289439478572
2096,8,95,0.6392,14382,0.6392,0.7805509589833964,0.09384212881857668
2097,8,96,0.6405333333333333,14412,0.6405333333333333,0.7816890026418964,0.09197599638418907
2098,8,97,0.6339555555555556,14264,0.6339555555555556,0.7804405810764956,0.09754561375657143
2099,8,98,0.6320888888888889,14222,0.6320888888888889,0.7731593237167603,0.09645785024493561
2100,8,99,0.6357333333333334,14304,0.6357333333333334,0.7814720673927931,0.09807217028102709
2101,8,100,0.638,14355,0.638,0.7782510965385389,0.09470465399097966
2102,8,101,0.6364444444444445,14320,0.6364444444444445,0.7795663780058291,0.09502371440131022
2103,8,102,0.6390666666666667,14379,0.6390666666666667,0.7817391125711214,0.09454017224275062
2104,8,103,0.6395111111111111,14389,0.6395111111111111,0.7808458507855924,0.09346042068292097
2105,8,104,0.6381777777777777,14359,0.6381777777777777,0.7809981974560075,0.09456970327771615
2106,8,105,0.6397333333333334,14394,0.6397333333333334,0.782690392298047,0.0936379602315828
2107,8,106,0.6400888888888889,14402,0.6400888888888889,0.7794772709326379,0.09250987704099371
2108,8,107,0.6346222222222222,14279,0.6346222222222222,0.7792212211222797,0.09828415741252139
2109,8,108,0.6346222222222222,14279,0.6346222222222222,0.7774328847870711,0.09514555361119299
2110,8,109,0.6360888888888889,14312,0.6360888888888889,0.7800809774423789,0.09450266110079444
2111,8,110,0.6363555555555556,14318,0.6363555555555556,0.7771795637189719,0.09487870865336043
2112,8,111,0.6388,14373,0.6388,0.7811706522817978,0.09517057593380188
2113,8,112,0.6366222222222222,14324,0.6366222222222222,0.7845871277513145,0.09615273938536427
2114,8,113,0.6364444444444445,14320,0.6364444444444445,0.7791252454327319,0.0950689920914467
2115,8,114,0.6376888888888889,14348,0.6376888888888889,0.7810645998334871,0.09581589288571517
2116,8,115,0.6296888888888889,14168,0.6296888888888889,0.7740449050424123,0.09564620069279253
2117,8,116,0.6362222222222222,14315,0.6362222222222222,0.7812214926042241,0.09731295160865798
2118,8,117,0.6392444444444444,14383,0.6392444444444444,0.7775648847401206,0.09098312420302149
2119,8,118,0.6361777777777777,14314,0.6361777777777777,0.7771991911455262,0.09701886329736216
2120,8,119,0.6373333333333333,14340,0.6373333333333333,0.77937846581741,0.09491539857988975
2121,8,120,0.6390222222222223,14378,0.6390222222222223,0.7817564623313756,0.0959436877706688
2122,8,121,0.6418666666666667,14442,0.6418666666666667,0.7850748614375704,0.09307333922940778
2123,8,122,0.6375111111111111,14344,0.6375111111111111,0.7758384041105302,0.09321514670614665
2124,8,123,0.6374222222222222,14342,0.6374222222222222,0.7800598684514187,0.09554464523569475
2125,8,124,0.6373777777777778,14341,0.6373777777777778,0.7812303072460873,0.09478257560372456
2126,8,125,0.6373777777777778,14341,0.6373777777777778,0.7762350938130599,0.09184690697917895
2127,8,126,0.6357777777777778,14305,0.6357777777777778,0.7781943787827438,0.09794526303632292
2128,8,127,0.6347111111111111,14281,0.6347111111111111,0.777610732162335,0.09360505675458172
2129,8,128,0.6380888888888889,14357,0.6380888888888889,0.7750110047445423,0.09413505443257258
2130,8,129,0.6379111111111111,14353,0.6379111111111111,0.7835957350384918,0.09478076608495921
2131,8,130,0.6379111111111111,14353,0.6379111111111111,0.7788219756566325,0.09465389295173572
2132,8,131,0.6361333333333333,14313,0.6361333333333333,0.7789097668395416,0.09443515962956202
2133,8,132,0.6372,14337,0.6372,0.7795301189550633,0.09541053865485852
2134,8,133,0.6400888888888889,14402,0.6400888888888889,0.7812175587700257,0.09359793765629564
2135,8,134,0.6366666666666667,14325,0.6366666666666667,0.7771909464034302,0.09370001613000188
2136,8,135,0.6356444444444445,14302,0.6356444444444445,0.7784605144103844,0.09651683604903831
2137,8,136,0.6386222222222222,14369,0.6386222222222222,0.782121325110497,0.09496889877118088
2138,8,137,0.636,14310,0.636,0.7789628465875164,0.0941863757305258
2139,8,138,0.6404,14409,0.6404,0.7811366274417334,0.09387741912019038
2140,8,139,0.6384888888888889,14366,0.6384888888888889,0.7800636168084734,0.09337552316729725
2141,8,140,0.6375555555555555,14345,0.6375555555555555,0.7795593495265196,0.0950171351215178
2142,8,141,0.6362222222222222,14315,0.6362222222222222,0.7773712621600519,0.09341437838562316
2143,8,142,0.6421333333333333,14448,0.6421333333333333,0.7800575509179187,0.09445047972686618
2144,8,143,0.6394222222222222,14387,0.6394222222222222,0.7781260595730674,0.09236856884995678
2145,8,144,0.6351555555555556,14291,0.6351555555555556,0.7754950976749029,0.09568392228465945
2146,8,145,0.6348,14283,0.6348,0.7741559717979013,0.09539662549936623
2147,8,146,0.6392444444444444,14383,0.6392444444444444,0.7771558429744467,0.09398674926980675
2148,8,147,0.6345333333333333,14277,0.6345333333333333,0.7771983206403011,0.09616857439497405
2149,8,148,0.6357333333333334,14304,0.6357333333333334,0.7743256528792072,0.09488111721158465
2150,8,149,0.6444,14499,0.6444,0.7904858637189686,0.09587455153495243
2151,8,150,0.6380888888888889,14357,0.6380888888888889,0.7828421645622192,0.09835295384462876
2152,8,151,0.6341333333333333,14268,0.6341333333333333,0.7772969651740063,0.09586004819993278
2153,8,152,0.6354666666666666,14298,0.6354666666666666,0.7755665335322061,0.09558108130188651
2154,8,153,0.6381333333333333,14358,0.6381333333333333,0.7799858150602982,0.09324333327026754
2155,8,154,0.6377333333333334,14349,0.6377333333333334,0.7828342429959656,0.09361348179707692
2156,8,155,0.6407555555555555,14417,0.6407555555555555,0.7819355163214202,0.09345754742247703
2157,8,156,0.6389777777777778,14377,0.6389777777777778,0.7794021411378351,0.09225525258191877
2158,8,157,0.6333777777777778,14251,0.6333777777777778,0.7771230137887939,0.09461654729073825
2159,8,158,0.6331111111111111,14245,0.6331111111111111,0.7791679903663938,0.09628298507212962
2160,8,159,0.6372888888888889,14339,0.6372888888888889,0.7780485164942229,0.09221122255853348
2161,8,160,0.6312,14202,0.6312,0.7780091485664,0.09851707980265188
2162,8,161,0.6402222222222222,14405,0.6402222222222222,0.783819569780531,0.09420352783632768
2163,8,162,0.6399111111111111,14398,0.6399111111111111,0.7837813282283801,0.09447499139819224
2164,8,163,0.6398222222222222,14396,0.6398222222222222,0.7850366656382728,0.0974308410638994
2165,8,164,0.6349777777777778,14287,0.6349777777777778,0.7775325625140116,0.09938173440392387
2166,8,165,0.6382666666666666,14361,0.6382666666666666,0.7795285586425293,0.09410725056536141
2167,8,166,0.6384,14364,0.6384,0.7805812454682347,0.09400949121746069
2168,8,167,0.6417777777777778,14440,0.6417777777777778,0.7854435547412479,0.09497443420287664
2169,8,168,0.6409777777777778,14422,0.6409777777777778,0.7816832529211465,0.09729400964598045
2170,8,169,0.6398666666666667,14397,0.6398666666666667,0.7820827454178189,0.09535764807774723
2171,8,170,0.6364444444444445,14320,0.6364444444444445,0.7846859509434831,0.09791286324617977
2172,8,171,0.6345777777777778,14278,0.6345777777777778,0.7804857974610011,0.09622916906921054
2173,8,172,0.6344444444444445,14275,0.6344444444444445,0.7790893916008832,0.09458233695227589
2174,8,173,0.6365777777777778,14323,0.6365777777777778,0.7830287410330613,0.09836866703093167
2175,8,174,0.6396,14391,0.6396,0.7851106873928011,0.0993706915785402
2176,8,175,0.6321333333333333,14223,0.6321333333333333,0.7679372879590664,0.09121523398875511
2177,8,176,0.6376444444444445,14347,0.6376444444444445,0.7788017019176334,0.09478529276835963
2178,8,177,0.6382666666666666,14361,0.6382666666666666,0.7852568545298116,0.0971001107512067
2179,8,178,0.6358222222222222,14306,0.6358222222222222,0.7753349705598455,0.09258314074088617
2180,8,179,0.6360444444444444,14311,0.6360444444444444,0.7804781799635193,0.09374345274957319
2181,8,180,0.6390222222222223,14378,0.6390222222222223,0.7817489596495818,0.09567955401031064
2182,8,181,0.6368,14328,0.6368,0.7749141066830363,0.09243318545993773
2183,8,182,0.6389333333333334,14376,0.6389333333333334,0.7766582922766008,0.0913154614797643
2184,8,183,0.6369333333333334,14331,0.6369333333333334,0.7793629803707145,0.09565128230591669
2185,8,184,0.6396444444444445,14392,0.6396444444444445,0.7865128320447181,0.09810107150722323
2186,8,185,0.6397333333333334,14394,0.6397333333333334,0.7815517813494259,0.0932888616117404
2187,8,186,0.6408,14418,0.6408,0.7813703014370283,0.091786164246176
2188,8,187,0.634,14265,0.634,0.7783298119333114,0.09577341667357402
2189,8,188,0.6331555555555556,14246,0.6331555555555556,0.7729771076016292,0.09346193295752776
2190,8,189,0.6394666666666666,14388,0.6394666666666666,0.782837924629282,0.09498294340668717
2191,8,190,0.6372888888888889,14339,0.6372888888888889,0.7784543494621876,0.09512844853028017
2192,8,191,0.6388444444444444,14374,0.6388444444444444,0.7802952755077764,0.09326057259511589
2193,8,192,0.6411555555555556,14426,0.6411555555555556,0.7829357309388785,0.0926087981998824
2194,8,193,0.636,14310,0.636,0.7818211823123699,0.0968239924567081
2195,8,194,0.6343555555555556,14273,0.6343555555555556,0.7738895492436825,0.09248455429014461
2196,8,195,0.6396444444444445,14392,0.6396444444444445,0.7828492527536342,0.09492429553765941
2197,8,196,0.6354222222222222,14297,0.6354222222222222,0.7803036591275028,0.09781644933421205
2198,8,197,0.6408444444444444,14419,0.6408444444444444,0.7859934709858923,0.09342364168448955
2199,8,198,0.634,14265,0.634,0.7803768034376918,0.09795455376605915
2200,8,199,0.6363555555555556,14318,0.6363555555555556,0.783428367401171,0.0989277368657709
2201,8,200,0.6336,14256,0.6336,0.7756728374762698,0.0969011383322484
2202,8,201,0.6370666666666667,14334,0.6370666666666667,0.7778528112608444,0.09839439787774083
2203,8,202,0.6383111111111112,14362,0.6383111111111112,0.777392107341363,0.09235001055379605
2204,8,203,0.6363111111111112,14317,0.6363111111111112,0.7801860239038878,0.0960769296248407
2205,8,204,0.6392444444444444,14383,0.6392444444444444,0.7814902123320514,0.09547241498907699
2206,8,205,0.6375111111111111,14344,0.6375111111111111,0.7798967232883381,0.09356633843021712
2207,8,206,0.6324444444444445,14230,0.6324444444444445,0.773821118279782,0.09487456911803005
2208,8,207,0.6370666666666667,14334,0.6370666666666667,0.7758066710173646,0.09347156460630758
2209,8,208,0.6379555555555556,14354,0.6379555555555556,0.7833406531800016,0.09684936246720323
2210,8,209,0.6368444444444444,14329,0.6368444444444444,0.7797781161735328,0.09718234392040483
2211,8,210,0.6359111111111111,14308,0.6359111111111111,0.7818594445405355,0.09717298658327353
2212,8,211,0.6371555555555556,14336,0.6371555555555556,0.7796855864820672,0.09407144919797071
2213,8,212,0.6396888888888889,14393,0.6396888888888889,0.786937214077695,0.0979108941105497
2214,8,213,0.6289777777777777,14152,0.6289777777777777,0.7730768069393406,0.09666536707044515
2215,8,214,0.6381333333333333,14358,0.6381333333333333,0.7806160481666654,0.0925761151208617
2216,8,215,0.6385333333333333,14367,0.6385333333333333,0.7797181972360007,0.09236852490455681
2217,8,216,0.6343111111111112,14272,0.6343111111111112,0.7776081315079421,0.09540396912954818
2218,8,217,0.6371555555555556,14336,0.6371555555555556,0.782786105077163,0.09627295240802806
2219,8,218,0.6381333333333333,14358,0.6381333333333333,0.7816346206133669,0.09554336163850112
2220,8,219,0.6349333333333333,14286,0.6349333333333333,0.7788785733011834,0.0997657789266204
2221,8,220,0.6366666666666667,14325,0.6366666666666667,0.7822510958046462,0.09715531005592835
2222,8,221,0.6411555555555556,14426,0.6411555555555556,0.78334044875067,0.09349666834540858
2223,8,222,0.6367555555555555,14327,0.6367555555555555,0.7790229571957246,0.09227420573231138
2224,8,223,0.6356888888888889,14303,0.6356888888888889,0.7786613598201338,0.09601311695702036
2225,8,224,0.6368444444444444,14329,0.6368444444444444,0.7831852325477292,0.09790241595104204
2226,8,225,0.6342666666666666,14271,0.6342666666666666,0.7794892205154896,0.09661526710958701
2227,8,226,0.6345333333333333,14277,0.6345333333333333,0.7776094301746891,0.09628962106555854
2228,8,227,0.6398222222222222,14396,0.6398222222222222,0.777894869211065,0.09058620192289556
2229,8,228,0.6348888888888888,14285,0.6348888888888888,0.774212352047046,0.09306287353676337
2230,8,229,0.6370666666666667,14334,0.6370666666666667,0.7799470330249992,0.09580241592428022
2231,8,230,0.6371555555555556,14336,0.6371555555555556,0.7804933302202947,0.09422121945267285
2232,8,231,0.6401777777777777,14404,0.6401777777777777,0.7817137618156131,0.09360946299778855
2233,8,232,0.6401333333333333,14403,0.6401333333333333,0.7876403930750422,0.09845865786559381
2234,8,233,0.6373333333333333,14340,0.6373333333333333,0.7816136350204863,0.0946671586640044
2235,8,234,0.6423111111111112,14452,0.6423111111111112,0.7807854375704467,0.094280376484009
2236,8,235,0.6381777777777777,14359,0.6381777777777777,0.7829195061538873,0.0948271047815747
2237,8,236,0.6431111111111111,14470,0.6431111111111111,0.783899264215143,0.09279569371262048
2238,8,237,0.6360444444444444,14311,0.6360444444444444,0.7776848742172958,0.09415688053111536
2239,8,238,0.6367111111111111,14326,0.6367111111111111,0.779414611495693,0.09317965877684653
2240,8,239,0.6378222222222222,14351,0.6378222222222222,0.7805788692451734,0.0955490764410847
2241,8,240,0.6372444444444444,14338,0.6372444444444444,0.7810330876628717,0.09581507516614096
2242,8,241,0.6371555555555556,14336,0.6371555555555556,0.7829381798421826,0.09392873219600088
2243,8,242,0.6364444444444445,14320,0.6364444444444445,0.7783018198171321,0.09654100701780227
2244,8,243,0.6388888888888888,14375,0.6388888888888888,0.7803254995670484,0.09443359041514755
2245,8,244,0.6324,14229,0.6324,0.773612068497982,0.09369645794977396
2246,8,245,0.6313777777777778,14206,0.6313777777777778,0.7737805156919245,0.09792270083623775
2247,8,246,0.6399555555555556,14399,0.6399555555555556,0.7865777397758236,0.09520008230548338
2248,8,247,0.6392444444444444,14383,0.6392444444444444,0.7849301797912521,0.09512390295343227
2249,8,248,0.6394222222222222,14387,0.6394222222222222,0.7813695250450513,0.09536101481737666
2250,8,249,0.6386666666666667,14370,0.6386666666666667,0.7825423821650515,0.0933529008386207
2251,8,250,0.6376444444444445,14347,0.6376444444444445,0.7792463421062602,0.09549388088434267
2252,8,251,0.6390666666666667,14379,0.6390666666666667,0.7781406642358281,0.09102255273517297
2253,8,252,0.6362222222222222,14315,0.6362222222222222,0.7796630331791184,0.09617202028521331
2254,8,253,0.6352,14292,0.6352,0.7808839307425899,0.09736492860997738
2255,8,254,0.6336888888888889,14258,0.6336888888888889,0.7753470221134219,0.09466184289331267
2256,8,255,0.6347555555555555,14282,0.6347555555555555,0.7748733472700322,0.0924612703787361
2257,8,256,0.6392,14382,0.6392,0.7828206688449931,0.09373110908936039
2258,8,257,0.6380444444444444,14356,0.6380444444444444,0.7841166889756432,0.09647022360241282
2259,8,258,0.6350222222222223,14288,0.6350222222222223,0.7793271919992952,0.09578946313077526
2260,8,259,0.6325333333333333,14232,0.6325333333333333,0.775329490033761,0.09569523719933222
2261,8,260,0.6388444444444444,14374,0.6388444444444444,0.7763946707765005,0.09257992819776963
2262,8,261,0.6399111111111111,14398,0.6399111111111111,0.7830128812369962,0.09532935261196805
2263,8,262,0.6372888888888889,14339,0.6372888888888889,0.7783186259517765,0.0936733169333652
2264,8,263,0.6386666666666667,14370,0.6386666666666667,0.7808801546793046,0.09326615468471468
2265,8,264,0.6339555555555556,14264,0.6339555555555556,0.7786109222567934,0.09611053252644634
2266,8,265,0.6379111111111111,14353,0.6379111111111111,0.7799625838284734,0.0915534494273501
2267,8,266,0.6355555555555555,14300,0.6355555555555555,0.7769466455729055,0.09210238566118154
2268,8,267,0.6400444444444444,14401,0.6400444444444444,0.7814532463158916,0.09339007607254424
2269,8,268,0.6347555555555555,14282,0.6347555555555555,0.7759972846526174,0.09422604335600593
2270,8,269,0.6368888888888888,14330,0.6368888888888888,0.7822601590498597,0.09685899051535043
2271,8,270,0.6377333333333334,14349,0.6377333333333334,0.7788121205082771,0.0934586550969379
2272,8,271,0.6366666666666667,14325,0.6366666666666667,0.7804775332372422,0.09570144393767331
2273,8,272,0.6369333333333334,14331,0.6369333333333334,0.7801694521037463,0.09285418792303594
2274,8,273,0.6372888888888889,14339,0.6372888888888889,0.7834846032947994,0.09764041538720845
2275,8,274,0.6372888888888889,14339,0.6372888888888889,0.7797646791116396,0.09387973747189464
2276,8,275,0.6388,14373,0.6388,0.7805087374162017,0.09324363320645941
2277,8,276,0.6372444444444444,14338,0.6372444444444444,0.7802758647160365,0.09606416611440882
2278,8,277,0.6373777777777778,14341,0.6373777777777778,0.7788009428947779,0.09247663005067851
2279,8,278,0.6363111111111112,14317,0.6363111111111112,0.7796380894888902,0.0960691602097263
2280,8,279,0.6350666666666667,14289,0.6350666666666667,0.7804751841435504,0.09749174591394195
2281,8,280,0.6375555555555555,14345,0.6375555555555555,0.779540107282602,0.09498420785421295
2282,8,281,0.636,14310,0.636,0.7781494659821104,0.09422099841681951
2283,8,282,0.6347555555555555,14282,0.6347555555555555,0.7758089545974459,0.0935127646561605
2284,8,283,0.6390666666666667,14379,0.6390666666666667,0.78411795033274,0.09508193690100815
2285,8,284,0.6409333333333334,14421,0.6409333333333334,0.7822005550636536,0.09875132496575985
2286,8,285,0.6392444444444444,14383,0.6392444444444444,0.7748084509941155,0.0924779730839351
2287,8,286,0.6358666666666667,14307,0.6358666666666667,0.7796020891346946,0.0955405669872725
2288,8,287,0.6365777777777778,14323,0.6365777777777778,0.7811031933383168,0.09688495114357848
2289,8,288,0.6328444444444444,14239,0.6328444444444444,0.7765480230935476,0.09700981277404912
2290,8,289,0.6361777777777777,14314,0.6361777777777777,0.7806596562137136,0.0950050264931522
2291,8,290,0.6380444444444444,14356,0.6380444444444444,0.7781965886548872,0.09396955956120673
2292,8,291,0.6384888888888889,14366,0.6384888888888889,0.7840716980545817,0.09719764754677032
2293,8,292,0.6389777777777778,14377,0.6389777777777778,0.7800235075699011,0.093331792726145
2294,8,293,0.6392,14382,0.6392,0.7838166569091121,0.09560519661259781
2295,8,294,0.63,14175,0.63,0.7728167573273835,0.09530439302856947
2296,8,295,0.6356888888888889,14303,0.6356888888888889,0.7791565446983632,0.09524077849883464
2297,8,296,0.6364444444444445,14320,0.6364444444444445,0.7754936169335079,0.09301673560022967
2298,8,297,0.6376444444444445,14347,0.6376444444444445,0.7799123296167889,0.09364637286448653
2299,8,298,0.6376,14346,0.6376,0.7787363780792336,0.09237874563294496
2300,8,299,0.6371555555555556,14336,0.6371555555555556,0.7805247845698577,0.09334337385009821
2301,8,300,0.6375111111111111,14344,0.6375111111111111,0.7831576438165391,0.09660520166517476
2302,8,301,0.6330666666666667,14244,0.6330666666666667,0.7730575471482506,0.09452322254749408
2303,8,302,0.6407111111111111,14416,0.6407111111111111,0.7787535102270421,0.09486577741407161
2304,8,303,0.6389333333333334,14376,0.6389333333333334,0.7824595863949914,0.09646215920991477
2305,8,304,0.6353777777777778,14296,0.6353777777777778,0.780447731302435,0.09665274946321847
2306,8,305,0.6408,14418,0.6408,0.7834536565117269,0.09427114889355179
2307,8,306,0.6368444444444444,14329,0.6368444444444444,0.7785644905316825,0.09373558316085599
2308,8,307,0.6389333333333334,14376,0.6389333333333334,0.7783116259724767,0.09126332693627397
2309,8,308,0.6350222222222223,14288,0.6350222222222223,0.7786507948243229,0.09567257371920819
2310,8,309,0.6404888888888889,14411,0.6404888888888889,0.7859599589118128,0.0971727904902908
2311,8,310,0.6355111111111111,14299,0.6355111111111111,0.7772438350693166,0.09273324836322397
2312,8,311,0.6368888888888888,14330,0.6368888888888888,0.7765725530691022,0.09571717581578612
2313,8,312,0.6359111111111111,14308,0.6359111111111111,0.7784054303388094,0.09717498091543156
2314,8,313,0.634,14265,0.634,0.7771392868591543,0.09471433660285866
2315,8,314,0.6406222222222222,14414,0.6406222222222222,0.7845421433985016,0.09721991205233174
2316,8,315,0.6394666666666666,14388,0.6394666666666666,0.7825059687326992,0.0941321203311146
2317,8,316,0.6315555555555555,14210,0.6315555555555555,0.776218805309392,0.09597194623811603
2318,8,317,0.6357333333333334,14304,0.6357333333333334,0.7803238323233391,0.0972613695363675
2319,8,318,0.6341777777777777,14269,0.6341777777777777,0.7753765906841407,0.09229124359255879
2320,8,319,0.6352888888888889,14294,0.6352888888888889,0.7808396810861498,0.09844935724363067
2321,8,320,0.6369777777777778,14332,0.6369777777777778,0.7786344861074239,0.09182636020396062
2322,8,321,0.6387111111111111,14371,0.6387111111111111,0.7814800023510664,0.09292906799823726
2323,8,322,0.6384,14364,0.6384,0.7827876427815458,0.09473172673203517
2324,8,323,0.6374666666666666,14343,0.6374666666666666,0.7789084495926808,0.09377398943271688
2325,8,324,0.6371111111111111,14335,0.6371111111111111,0.7806065485387108,0.09673995297911588
2326,8,325,0.6360444444444444,14311,0.6360444444444444,0.7763852658311671,0.09412783767221332
2327,8,326,0.6361777777777777,14314,0.6361777777777777,0.7765638608767621,0.09751132381229628
2328,8,327,0.6400888888888889,14402,0.6400888888888889,0.7829510027251968,0.09322026660524615
2329,8,328,0.6399111111111111,14398,0.6399111111111111,0.7784079645509456,0.09202554103272129
2330,8,329,0.6344888888888889,14276,0.6344888888888889,0.776902285752923,0.09523441661107154
2331,8,330,0.6357333333333334,14304,0.6357333333333334,0.7774410034579382,0.09667470901124271
2332,8,331,0.6358666666666667,14307,0.6358666666666667,0.7814034466799444,0.09612074866854256
2333,8,332,0.6387555555555555,14372,0.6387555555555555,0.7777577837223147,0.09277415641154856
2334,8,333,0.6374666666666666,14343,0.6374666666666666,0.7842151267636588,0.09767302895395484
2335,8,334,0.6364444444444445,14320,0.6364444444444445,0.7821352236485947,0.0966210064575791
2336,8,335,0.6327555555555555,14237,0.6327555555555555,0.7720148432249487,0.0931073863754377
2337,8,336,0.6327555555555555,14237,0.6327555555555555,0.7749261102790245,0.09670028860928796
2338,8,337,0.6392888888888889,14384,0.6392888888888889,0.7803264991593287,0.09669089507890662
2339,8,338,0.6422222222222222,14450,0.6422222222222222,0.7845066917502849,0.09486472874402382
2340,8,339,0.6379111111111111,14353,0.6379111111111111,0.7751857720416495,0.08863952322758602
2341,8,340,0.6347555555555555,14282,0.6347555555555555,0.7802214967029286,0.09776973666361087
2342,8,341,0.6311111111111111,14200,0.6311111111111111,0.77333796050763,0.09653869691225403
2343,8,342,0.6336888888888889,14258,0.6336888888888889,0.7791278123988113,0.0968917285026241
2344,8,343,0.6396,14391,0.6396,0.7849086333390793,0.0944809451587245
2345,8,344,0.6394666666666666,14388,0.6394666666666666,0.7763579430306563,0.0901948716192344
2346,8,345,0.6344,14274,0.6344,0.7812230449914773,0.10035395206597787
2347,8,346,0.6363555555555556,14318,0.6363555555555556,0.7775024186212501,0.09457661297726223
2348,8,347,0.6337777777777778,14260,0.6337777777777778,0.7801820416741299,0.09490196446397804
2349,8,348,0.6346666666666667,14280,0.6346666666666667,0.7754359438634278,0.09475678396817977
2350,8,349,0.6412,14427,0.6412,0.7845924901750216,0.09563932050020692
2351,8,350,0.6387555555555555,14372,0.6387555555555555,0.779919322088929,0.09439563050683479
2352,8,351,0.6416,14436,0.6416,0.7842480833146571,0.09484901964761548
2353,8,352,0.6409777777777778,14422,0.6409777777777778,0.7812997630095807,0.09496230373751405
2354,8,353,0.6385333333333333,14367,0.6385333333333333,0.784170163282342,0.09559810680511993
2355,8,354,0.6297777777777778,14170,0.6297777777777778,0.7736954322676702,0.09540922631025468
2356,8,355,0.6381777777777777,14359,0.6381777777777777,0.778203236414373,0.0920050087950216
2357,8,356,0.6393777777777778,14386,0.6393777777777778,0.7808124757845517,0.09575517197276472
2358,8,357,0.6344444444444445,14275,0.6344444444444445,0.7765825136778763,0.09577456390599196
2359,8,358,0.6388,14373,0.6388,0.7786852141652986,0.09227124689453726
2360,8,359,0.6412444444444444,14428,0.6412444444444444,0.7784054173816256,0.0916823569891003
2361,8,360,0.6446666666666667,14505,0.6446666666666667,0.7846817271271894,0.09255871079441544
2362,8,361,0.6404,14409,0.6404,0.7828956955101383,0.09392454941129283
2363,8,362,0.6389777777777778,14377,0.6389777777777778,0.7831994555825794,0.09369390499299836
2364,8,363,0.6384,14364,0.6384,0.7796941545379603,0.09302252653897983
2365,8,364,0.6377777777777778,14350,0.6377777777777778,0.7811459902158988,0.09490887359530398
2366,8,365,0.6414222222222222,14432,0.6414222222222222,0.7830165680278085,0.09485982310863034
2367,8,366,0.6370222222222223,14333,0.6370222222222223,0.7775340023289209,0.09478501228056578
2368,8,367,0.6395111111111111,14389,0.6395111111111111,0.7821249941635585,0.09297974829248462
2369,8,368,0.6344888888888889,14276,0.6344888888888889,0.7781748991208693,0.09733335108972202
2370,8,369,0.6360888888888889,14312,0.6360888888888889,0.7763245364408236,0.09324895617285194
2371,8,370,0.6334666666666666,14253,0.6334666666666666,0.7760528337560209,0.09472423369939885
2372,8,371,0.6357777777777778,14305,0.6357777777777778,0.7789804367234187,0.09353936546355704
2373,8,372,0.6368,14328,0.6368,0.7799010101431486,0.09714769645815463
2374,8,373,0.6393777777777778,14386,0.6393777777777778,0.7823177931297429,0.0949024269487048
2375,8,374,0.6352444444444444,14293,0.6352444444444444,0.7791418192612529,0.09544001327265267
2376,8,375,0.6336,14256,0.6336,0.7796688503849348,0.09649120413732784
2377,8,376,0.6372,14337,0.6372,0.7777229953040091,0.09381075098505492
2378,8,377,0.6351555555555556,14291,0.6351555555555556,0.7795567852989651,0.09819350735988312
2379,8,378,0.6333333333333333,14250,0.6333333333333333,0.7763895129196116,0.09593501422777523
2380,8,379,0.6316444444444445,14212,0.6316444444444445,0.777028535199942,0.09655481205652935
2381,8,380,0.6332,14247,0.6332,0.7736503487946661,0.09615019760782559
2382,8,381,0.6346222222222222,14279,0.6346222222222222,0.7781687704239204,0.09363591231899661
2383,8,382,0.6366666666666667,14325,0.6366666666666667,0.7787750255085424,0.09613458141329727
2384,8,383,0.6352444444444444,14293,0.6352444444444444,0.7809311544844794,0.09933140390168381
2385,8,384,0.6392,14382,0.6392,0.7786609342153183,0.09134564289679756
2386,8,385,0.6317777777777778,14215,0.6317777777777778,0.7779811141915826,0.09539018267715076
2387,8,386,0.6388444444444444,14374,0.6388444444444444,0.7841975798810351,0.09701632131831855
2388,8,387,0.6372444444444444,14338,0.6372444444444444,0.7820516322274775,0.09763707255294674
2389,8,388,0.6322666666666666,14226,0.6322666666666666,0.7814784092280399,0.09946644679104939
2390,8,389,0.6353333333333333,14295,0.6353333333333333,0.7798551764388548,0.09801572940859561
2391,8,390,0.6377777777777778,14350,0.6377777777777778,0.7784692047525349,0.09168171525055506
2392,8,391,0.6395555555555555,14390,0.6395555555555555,0.7793813615898391,0.0927028476975419
2393,8,392,0.6388,14373,0.6388,0.7821243553927943,0.09374921726080392
2394,8,393,0.6417333333333334,14439,0.6417333333333334,0.7825492786451121,0.09215904571395286
2395,8,394,0.6393333333333333,14385,0.6393333333333333,0.7811099761509761,0.09464753867475713
2396,8,395,0.6356444444444445,14302,0.6356444444444445,0.7811631660301583,0.09607640069375561
2397,8,396,0.6362222222222222,14315,0.6362222222222222,0.7796221309862779,0.09616333694663856
2398,8,397,0.6364888888888889,14321,0.6364888888888889,0.7772614351695156,0.09431137702883044
2399,8,398,0.6373777777777778,14341,0.6373777777777778,0.7760425788875109,0.09293718850311242
2400,8,399,0.6359111111111111,14308,0.6359111111111111,0.7778404816212937,0.09581325188829136
2401,8,400,0.6369777777777778,14332,0.6369777777777778,0.7793161575137225,0.09184903009023532
2402,8,401,0.6343111111111112,14272,0.6343111111111112,0.7803465650216753,0.09703802058396968
2403,8,402,0.6332444444444445,14248,0.6332444444444445,0.7744803788777817,0.09224561021514655
2404,8,403,0.6406666666666667,14415,0.6406666666666667,0.7802991923174368,0.09327579934842581
2405,8,404,0.6329333333333333,14241,0.6329333333333333,0.7763090474680328,0.09514665997930154
2406,8,405,0.6346222222222222,14279,0.6346222222222222,0.7792422592214318,0.09552479918997253
2407,8,406,0.6368,14328,0.6368,0.7776065791491209,0.09535525736141351
2408,8,407,0.6373333333333333,14340,0.6373333333333333,0.77915337638302,0.0938153343107322
2409,8,408,0.6392888888888889,14384,0.6392888888888889,0.7762509246608562,0.09199378777548466
2410,8,409,0.6323555555555556,14228,0.6323555555555556,0.7782809138668804,0.09759602469326205
2411,8,410,0.6347555555555555,14282,0.6347555555555555,0.774751542801316,0.0923424263391813
2412,8,411,0.6416,14436,0.6416,0.7830064242994478,0.09392111158728321
2413,8,412,0.6371555555555556,14336,0.6371555555555556,0.7808120681802484,0.09617373175273142
2414,8,413,0.6368444444444444,14329,0.6368444444444444,0.7792549772075275,0.09241963471257367
2415,8,414,0.6384444444444445,14365,0.6384444444444445,0.7838847468249928,0.09530481328287227
2416,8,415,0.6361777777777777,14314,0.6361777777777777,0.7794582348413286,0.09267256064303413
2417,8,416,0.6368,14328,0.6368,0.7752698618628738,0.0922565457001892
2418,8,417,0.6373777777777778,14341,0.6373777777777778,0.7810481980762025,0.09529563436290753
2419,8,418,0.6373777777777778,14341,0.6373777777777778,0.7825395704219503,0.09651487878099059
2420,8,419,0.6348,14283,0.6348,0.7816648289341068,0.09894506976992523
2421,8,420,0.6407555555555555,14417,0.6407555555555555,0.785565226940617,0.09553408677904947
2422,8,421,0.6336,14256,0.6336,0.7796910506272503,0.0962680709565883
2423,8,422,0.6352888888888889,14294,0.6352888888888889,0.7803536918758606,0.0961758562153318
2424,8,423,0.6384888888888889,14366,0.6384888888888889,0.7800304633490938,0.09493572064351671
2425,8,424,0.6366666666666667,14325,0.6366666666666667,0.7826808412400545,0.094345286367456
2426,8,425,0.632,14220,0.632,0.7781754216479967,0.09879565449809986
2427,8,426,0.6352444444444444,14293,0.6352444444444444,0.7759747247307439,0.09425897710145908
2428,8,427,0.6390222222222223,14378,0.6390222222222223,0.7774811590531313,0.09301684701613212
2429,8,428,0.6354222222222222,14297,0.6354222222222222,0.7764355010437558,0.094558052151868
2430,8,429,0.6305333333333333,14187,0.6305333333333333,0.775826739589471,0.09710094660496985
2431,8,430,0.6352,14292,0.6352,0.7739672662659349,0.09121601085688026
2432,8,431,0.6407555555555555,14417,0.6407555555555555,0.7824252642877361,0.09397804660115984
2433,8,432,0.6391111111111111,14380,0.6391111111111111,0.7855264221780411,0.09740005078182677
2434,8,433,0.6384444444444445,14365,0.6384444444444445,0.7766832996310271,0.0928118324274003
2435,8,434,0.6375555555555555,14345,0.6375555555555555,0.7813999609499234,0.0957942234579455
2436,8,435,0.6317333333333334,14214,0.6317333333333334,0.7730817705007528,0.09375905366389217
2437,8,436,0.6404888888888889,14411,0.6404888888888889,0.7823811078514206,0.09591842748791896
2438,8,437,0.6362666666666666,14316,0.6362666666666666,0.7773934003691333,0.0936392863262147
2439,8,438,0.6355111111111111,14299,0.6355111111111111,0.7798553820209774,0.09579091874734004
2440,8,439,0.6376444444444445,14347,0.6376444444444445,0.7802411100023776,0.09561644512088693
2441,8,440,0.6348,14283,0.6348,0.7772868664115521,0.09419691555506267
2442,8,441,0.6383555555555556,14363,0.6383555555555556,0.7795576563751845,0.09275663102394906
2443,8,442,0.6351555555555556,14291,0.6351555555555556,0.7778626044287525,0.09623949297291862
2444,8,443,0.6345777777777778,14278,0.6345777777777778,0.7785561567081215,0.09605097704637736
2445,8,444,0.6400444444444444,14401,0.6400444444444444,0.7847265196698044,0.09618912107560308
2446,8,445,0.6375111111111111,14344,0.6375111111111111,0.7813049352945629,0.09545509410342261
2447,8,446,0.6411555555555556,14426,0.6411555555555556,0.7803466489581379,0.09163157114443127
2448,8,447,0.6361777777777777,14314,0.6361777777777777,0.7820714908538455,0.09667894730720755
2449,8,448,0.6356444444444445,14302,0.6356444444444445,0.7819201456523491,0.09582236708367327
2450,8,449,0.6343111111111112,14272,0.6343111111111112,0.7807555532069541,0.09739747038357381
2451,8,450,0.6345777777777778,14278,0.6345777777777778,0.77864718862667,0.09745313772803506
2452,8,451,0.6338666666666667,14262,0.6338666666666667,0.7777803314639467,0.09592711903920398
2453,8,452,0.6354222222222222,14297,0.6354222222222222,0.7741586616708548,0.09238895303846206
2454,8,453,0.6324,14229,0.6324,0.7785334879895504,0.09805706174965269
2455,8,454,0.638,14355,0.638,0.7831320509993767,0.09542936222883265
2456,8,455,0.6362222222222222,14315,0.6362222222222222,0.7809599618639256,0.09577496607182115
2457,8,456,0.6370666666666667,14334,0.6370666666666667,0.7788535920943577,0.09413653628648637
2458,8,457,0.636,14310,0.636,0.7790577650960742,0.09460396340639143
2459,8,458,0.6380888888888889,14357,0.6380888888888889,0.7800428590773524,0.09299923251894213
2460,8,459,0.6384888888888889,14366,0.6384888888888889,0.7819604522926579,0.09741205965904483
2461,8,460,0.6390222222222223,14378,0.6390222222222223,0.7829125567227019,0.09374232130789743
2462,8,461,0.6369777777777778,14332,0.6369777777777778,0.775886634758086,0.09358909723329974
2463,8,462,0.6356444444444445,14302,0.6356444444444445,0.7796707760803915,0.09512234949211636
2464,8,463,0.6286666666666667,14145,0.6286666666666667,0.7736220819181286,0.09771398139258324
2465,8,464,0.6411555555555556,14426,0.6411555555555556,0.7830653936503134,0.09441531363389373
2466,8,465,0.6376,14346,0.6376,0.7833099940197182,0.09643927432474804
2467,8,466,0.6325777777777778,14233,0.6325777777777778,0.7732355846184438,0.09445235495058121
2468,8,467,0.6296,14166,0.6296,0.7771946843316597,0.09784242392752363
2469,8,468,0.6369777777777778,14332,0.6369777777777778,0.781053818405873,0.09670573037768553
2470,8,469,0.6376,14346,0.6376,0.784132553654435,0.09643237110110273
2471,8,470,0.6355555555555555,14300,0.6355555555555555,0.7775943058885062,0.097113334976281
2472,8,471,0.6339555555555556,14264,0.6339555555555556,0.7758318030020634,0.0925856931026328
2473,8,472,0.6362222222222222,14315,0.6362222222222222,0.7801567486608312,0.09524473509996262
2474,8,473,0.6363555555555556,14318,0.6363555555555556,0.7782004538559257,0.09536069012605304
2475,8,474,0.6343111111111112,14272,0.6343111111111112,0.7801990819550753,0.09931859895397743
2476,8,475,0.6400888888888889,14402,0.6400888888888889,0.7805237825596107,0.0937090556200576
2477,8,476,0.6407555555555555,14417,0.6407555555555555,0.7811822385667377,0.09439589509032806
2478,8,477,0.6358222222222222,14306,0.6358222222222222,0.7805007511176966,0.09529078517697642
2479,8,478,0.6343111111111112,14272,0.6343111111111112,0.7750002084026618,0.09329399452835822
2480,8,479,0.6377333333333334,14349,0.6377333333333334,0.7810126596951097,0.09739608663165299
2481,8,480,0.6390666666666667,14379,0.6390666666666667,0.7803743504250912,0.09322791355090876
2482,8,481,0.6351555555555556,14291,0.6351555555555556,0.7767062802497634,0.09215719983696193
2483,8,482,0.6372444444444444,14338,0.6372444444444444,0.780281562280063,0.09487775013729387
2484,8,483,0.6372444444444444,14338,0.6372444444444444,0.785834144739193,0.09775303339751884
2485,8,484,0.6330666666666667,14244,0.6330666666666667,0.7775727957979985,0.09605008645535036
2486,8,485,0.6393333333333333,14385,0.6393333333333333,0.7842186629282539,0.09654121712797277
2487,8,486,0.6333333333333333,14250,0.6333333333333333,0.7745098300637638,0.09463328428305987
2488,8,487,0.6358222222222222,14306,0.6358222222222222,0.7754648550286053,0.09451902956081687
2489,8,488,0.6379111111111111,14353,0.6379111111111111,0.782367337668137,0.09543338106216051
2490,8,489,0.6409333333333334,14421,0.6409333333333334,0.7814821321217281,0.09266464159730708
2491,8,490,0.6382222222222222,14360,0.6382222222222222,0.7836121933595402,0.09528046373307572
2492,8,491,0.6367111111111111,14326,0.6367111111111111,0.7776724155361382,0.09593155001893013
2493,8,492,0.6382666666666666,14361,0.6382666666666666,0.7803912377123413,0.09357419309113608
2494,8,493,0.6353777777777778,14296,0.6353777777777778,0.7779771645610446,0.09622147828761929
2495,8,494,0.6363111111111112,14317,0.6363111111111112,0.779698003364562,0.09646161705178867
2496,8,495,0.6402222222222222,14405,0.6402222222222222,0.7807378893050567,0.0909116063010055
2497,8,496,0.6373777777777778,14341,0.6373777777777778,0.7802435265603033,0.0977765168960819
2498,8,497,0.6351555555555556,14291,0.6351555555555556,0.7799066683631767,0.09630629148901418
2499,8,498,0.6412888888888889,14429,0.6412888888888889,0.7848122791164361,0.09326050845837813
2500,8,499,0.6403555555555556,14408,0.6403555555555556,0.7787529753739739,0.09233459322107644
