trial_id,gust_intensity,trial_index_within_gust_level,efficiency,voxels_covered,final_step_coverage_rate,mean_coverage_rate_across_steps,std_coverage_rate_across_steps
1,0,0,0.2371111111111111,5335,0.2371111111111111,0.2973888156509547,0.08315881298388587
2,0,1,0.23755555555555555,5345,0.23755555555555555,0.29580477434787583,0.08377964046528064
3,0,2,0.23657777777777778,5323,0.23657777777777778,0.29815212360695803,0.08332945421431899
4,0,3,0.24173333333333333,5439,0.24173333333333333,0.3012292197920032,0.08510347830487124
5,0,4,0.23124444444444445,5203,0.23124444444444445,0.29473497775235036,0.08453231436004689
6,0,5,0.23755555555555555,5345,0.23755555555555555,0.298905779538702,0.08603903247063388
7,0,6,0.24342222222222223,5477,0.24342222222222223,0.30852943727904214,0.08785444210646254
8,0,7,0.2411111111111111,5425,0.2411111111111111,0.31248056126016727,0.09192655076869698
9,0,8,0.2343111111111111,5272,0.2343111111111111,0.29152449558156207,0.07982616224126378
10,0,9,0.23826666666666665,5361,0.23826666666666665,0.29499789469118176,0.08186074305653962
11,0,10,0.2388888888888889,5375,0.2388888888888889,0.3023273215812373,0.08475009444240318
12,0,11,0.2343111111111111,5272,0.2343111111111111,0.30150915914155085,0.08607235122251293
13,0,12,0.2424,5454,0.2424,0.3049054630418376,0.0839951210688504
14,0,13,0.24302222222222222,5468,0.24302222222222222,0.30771031497354223,0.08591798041849652
15,0,14,0.22697777777777778,5107,0.22697777777777778,0.2691289279825658,0.0702919395570713
16,0,15,0.23195555555555555,5219,0.23195555555555555,0.29473035338628556,0.08235930548743885
17,0,16,0.23497777777777779,5287,0.23497777777777779,0.29668911600941916,0.08321032359239196
18,0,17,0.2389777777777778,5377,0.2389777777777778,0.29683559551530997,0.08217831496392164
19,0,18,0.24364444444444444,5482,0.24364444444444444,0.30608069969905993,0.08694112376674497
20,0,19,0.24182222222222222,5441,0.24182222222222222,0.30989475540307154,0.09265154063216093
21,0,20,0.2343111111111111,5272,0.2343111111111111,0.29353741151718366,0.08499390535083663
22,0,21,0.2396888888888889,5393,0.2396888888888889,0.3088448747125239,0.09195964859511745
23,0,22,0.2270222222222222,5108,0.2270222222222222,0.28618429974038473,0.08140370922664306
24,0,23,0.23493333333333333,5286,0.23493333333333333,0.29918113952118985,0.0867458759002327
25,0,24,0.23924444444444445,5383,0.23924444444444445,0.3089831091434605,0.08823654208089861
26,0,25,0.2336888888888889,5258,0.2336888888888889,0.29502243279120355,0.08334886626450518
27,0,26,0.23075555555555555,5192,0.23075555555555555,0.28401600077802897,0.0788158429044896
28,0,27,0.23928888888888888,5384,0.23928888888888888,0.3077019810833543,0.08897779756760597
29,0,28,0.22142222222222221,4982,0.22142222222222221,0.27732085306784615,0.07879923345589318
30,0,29,0.23902222222222222,5378,0.23902222222222222,0.30542290542738726,0.0888048110817871
31,0,30,0.2288,5148,0.2288,0.2920267262817564,0.08295877392081455
32,0,31,0.2432888888888889,5474,0.2432888888888889,0.3139244886233796,0.09174666251076968
33,0,32,0.23444444444444446,5275,0.23444444444444446,0.29439771849933205,0.0838263114949942
34,0,33,0.24035555555555554,5408,0.24035555555555554,0.31028902632873084,0.09040334264182455
35,0,34,0.2316888888888889,5213,0.2316888888888889,0.2903892719288967,0.08097457803507782
36,0,35,0.23728888888888888,5339,0.23728888888888888,0.3000282766543581,0.08633400422018665
37,0,36,0.24053333333333332,5412,0.24053333333333332,0.30416791325751374,0.08538576510462755
38,0,37,0.23453333333333334,5277,0.23453333333333334,0.2952600515858132,0.08530000933388553
39,0,38,0.22835555555555556,5138,0.22835555555555556,0.2816057379781885,0.07548412177557552
40,0,39,0.23506666666666667,5289,0.23506666666666667,0.2936866475123842,0.0784224170683884
41,0,40,0.23555555555555555,5300,0.23555555555555555,0.2933967982132222,0.08376961832473549
42,0,41,0.22884444444444443,5149,0.22884444444444443,0.2885503875585811,0.08119878432438882
43,0,42,0.24031111111111111,5407,0.24031111111111111,0.30172822994196463,0.08636684793854804
44,0,43,0.2424888888888889,5456,0.2424888888888889,0.3090014255127151,0.08860947882148043
45,0,44,0.24026666666666666,5406,0.24026666666666666,0.308032214523492,0.08720085549296129
46,0,45,0.22435555555555556,5048,0.22435555555555556,0.29538289820492103,0.08841990239192896
47,0,46,0.23835555555555554,5363,0.23835555555555554,0.3021334589181389,0.08723918933404144
48,0,47,0.22435555555555556,5048,0.22435555555555556,0.2828911580780174,0.07905399538928126
49,0,48,0.2336,5256,0.2336,0.2983866524317552,0.08677835707119712
50,0,49,0.24977777777777777,5620,0.24977777777777777,0.32466484149886987,0.0973407207649009
51,0,50,0.24355555555555555,5480,0.24355555555555555,0.30415742055875994,0.08918137720081845
52,0,51,0.2408,5418,0.2408,0.2984268309334894,0.08376151293064937
53,0,52,0.2352,5292,0.2352,0.2960440095589292,0.08437206996473787
54,0,53,0.24182222222222222,5441,0.24182222222222222,0.31174256337527234,0.09180864827296846
55,0,54,0.23302222222222221,5243,0.23302222222222221,0.29546812812945983,0.08443558394805802
56,0,55,0.2341777777777778,5269,0.2341777777777778,0.29511610821252704,0.08254613623390321
57,0,56,0.23844444444444443,5365,0.23844444444444443,0.30091504578654393,0.08458908218102094
58,0,57,0.23422222222222222,5270,0.23422222222222222,0.2972395263477292,0.08355282506943598
59,0,58,0.23297777777777778,5242,0.23297777777777778,0.29323215788706336,0.08185674464945435
60,0,59,0.2348,5283,0.2348,0.2909434245297916,0.0773186895152654
61,0,60,0.23266666666666666,5235,0.23266666666666666,0.29072135536833393,0.0810008605799874
62,0,61,0.22462222222222222,5054,0.22462222222222222,0.2825296331936026,0.0783651800730212
63,0,62,0.2356,5301,0.2356,0.30194018999266614,0.08811084370404985
64,0,63,0.244,5490,0.244,0.31427943360730803,0.09348528488477983
65,0,64,0.2280888888888889,5132,0.2280888888888889,0.28037346786586087,0.07847783443706333
66,0,65,0.23955555555555555,5390,0.23955555555555555,0.30301073660098476,0.08558945672833847
67,0,66,0.2310222222222222,5198,0.2310222222222222,0.2821673419654334,0.07700307742737525
68,0,67,0.23213333333333333,5223,0.23213333333333333,0.2951990262636375,0.0861547165350058
69,0,68,0.23022222222222222,5180,0.23022222222222222,0.2934919933106655,0.08476581010424161
70,0,69,0.23724444444444445,5338,0.23724444444444445,0.2986982960301198,0.08601295997260325
71,0,70,0.23,5175,0.23,0.29464142905297697,0.08505753922536893
72,0,71,0.24413333333333334,5493,0.24413333333333334,0.303922951158385,0.08499829312299606
73,0,72,0.24488888888888888,5510,0.24488888888888888,0.310171423751932,0.09149379164142621
74,0,73,0.24964444444444445,5617,0.24964444444444445,0.3136366207832779,0.09094811824536853
75,0,74,0.23924444444444445,5383,0.23924444444444445,0.3008480894129384,0.08542374052073959
76,0,75,0.23177777777777778,5215,0.23177777777777778,0.3004783092645106,0.08660599068970552
77,0,76,0.22457777777777777,5053,0.22457777777777777,0.27345261031749557,0.07461291424589862
78,0,77,0.23724444444444445,5338,0.23724444444444445,0.3038206027089989,0.08821890243858324
79,0,78,0.2356,5301,0.2356,0.2983029570179401,0.08619693476351144
80,0,79,0.24217777777777777,5449,0.24217777777777777,0.30191086038221276,0.08607032212897643
81,0,80,0.2328,5238,0.2328,0.29171518875498825,0.08232924395350504
82,0,81,0.23395555555555556,5264,0.23395555555555556,0.2969267724604918,0.08561505741361232
83,0,82,0.23373333333333332,5259,0.23373333333333332,0.2953266357670921,0.08567599472746164
84,0,83,0.24622222222222223,5540,0.24622222222222223,0.3145657111691993,0.09112814049610879
85,0,84,0.24315555555555557,5471,0.24315555555555557,0.30630771302558124,0.08750756685707999
86,0,85,0.23982222222222221,5396,0.23982222222222221,0.3085743937060022,0.08956826117072939
87,0,86,0.2444888888888889,5501,0.2444888888888889,0.2999067543118958,0.08346154216011958
88,0,87,0.238,5355,0.238,0.30033160364001266,0.0856217002745972
89,0,88,0.24235555555555555,5453,0.24235555555555555,0.3032716251415148,0.08455495985572144
90,0,89,0.22355555555555556,5030,0.22355555555555556,0.2833083269303876,0.07971241373527466
91,0,90,0.23426666666666668,5271,0.23426666666666668,0.3010788080498705,0.08692913761072765
92,0,91,0.23484444444444444,5284,0.23484444444444444,0.29499026377828624,0.0832180340798718
93,0,92,0.23533333333333334,5295,0.23533333333333334,0.296385555426607,0.08314494554851355
94,0,93,0.23075555555555555,5192,0.23075555555555555,0.2963071630566139,0.08654596826848364
95,0,94,0.24195555555555556,5444,0.24195555555555556,0.30853227328391686,0.08887064236427823
96,0,95,0.23857777777777778,5368,0.23857777777777778,0.2989236103062791,0.0848484237236572
97,0,96,0.23471111111111112,5281,0.23471111111111112,0.29431233144409563,0.08275934911856933
98,0,97,0.24115555555555557,5426,0.24115555555555557,0.30181032455377854,0.08555438961948104
99,0,98,0.22297777777777777,5017,0.22297777777777777,0.28392507661470434,0.08082075451696684
100,0,99,0.2268888888888889,5105,0.2268888888888889,0.29091331334860465,0.08331163578867698
101,0,100,0.23751111111111112,5344,0.23751111111111112,0.30874208182594864,0.0914220285965169
102,0,101,0.24546666666666667,5523,0.24546666666666667,0.3048867812725565,0.0864054590719609
103,0,102,0.23817777777777777,5359,0.23817777777777777,0.3037471510427695,0.08560595093976081
104,0,103,0.23995555555555556,5399,0.23995555555555556,0.30131738100430944,0.08391792102987261
105,0,104,0.23617777777777776,5314,0.23617777777777776,0.29439723622556246,0.08430289468298062
106,0,105,0.23835555555555554,5363,0.23835555555555554,0.3057806274801173,0.09011584882283241
107,0,106,0.2369777777777778,5332,0.2369777777777778,0.30666453339130734,0.08891402648285435
108,0,107,0.23457777777777777,5278,0.23457777777777777,0.28972621371039053,0.0780769068069129
109,0,108,0.22204444444444443,4996,0.22204444444444443,0.2860886787131781,0.0826236933450909
110,0,109,0.23613333333333333,5313,0.23613333333333333,0.2928292702041311,0.08000615286268468
111,0,110,0.2396888888888889,5393,0.2396888888888889,0.30360606879229124,0.08814718760576554
112,0,111,0.23297777777777778,5242,0.23297777777777778,0.29101515820327334,0.08134896965005667
113,0,112,0.2392,5382,0.2392,0.3095364577305521,0.09017805835932671
114,0,113,0.23066666666666666,5190,0.23066666666666666,0.29362522414298786,0.08519308169803
115,0,114,0.24822222222222223,5585,0.24822222222222223,0.3188797245114992,0.09203869496965728
116,0,115,0.23302222222222221,5243,0.23302222222222221,0.2918606842373944,0.07940010907246145
117,0,116,0.22866666666666666,5145,0.22866666666666666,0.2875640195206525,0.08252166185404258
118,0,117,0.23515555555555556,5291,0.23515555555555556,0.29518351430335904,0.0829030343531788
119,0,118,0.23022222222222222,5180,0.23022222222222222,0.29033271307215486,0.08344605147878685
120,0,119,0.24453333333333332,5502,0.24453333333333332,0.3099556973358496,0.08708030589498593
121,0,120,0.24284444444444445,5464,0.24284444444444445,0.30793952654130513,0.08844997730066796
122,0,121,0.25124444444444444,5653,0.25124444444444444,0.3192710951455056,0.09384970558869371
123,0,122,0.23493333333333333,5286,0.23493333333333333,0.28960081695198975,0.08147608002196396
124,0,123,0.2451111111111111,5515,0.2451111111111111,0.31320000267054776,0.08926191763762441
125,0,124,0.22586666666666666,5082,0.22586666666666666,0.28498793337673123,0.08134444383757297
126,0,125,0.2388888888888889,5375,0.2388888888888889,0.2999845033869539,0.08546371761410117
127,0,126,0.23186666666666667,5217,0.23186666666666667,0.29903586087458023,0.08859291387383103
128,0,127,0.24231111111111112,5452,0.24231111111111112,0.3049013372302712,0.08491147526089682
129,0,128,0.23613333333333333,5313,0.23613333333333333,0.29581489648402676,0.08208789516983034
130,0,129,0.22924444444444445,5158,0.22924444444444445,0.2849814473280589,0.0785017630759311
131,0,130,0.2416,5436,0.2416,0.2976196162961531,0.083948787185504
132,0,131,0.24142222222222223,5432,0.24142222222222223,0.31744498024917683,0.09535631075940146
133,0,132,0.23404444444444444,5266,0.23404444444444444,0.30163721741322025,0.08775718198205641
134,0,133,0.2416,5436,0.2416,0.30387911387867966,0.08588630339350962
135,0,134,0.22875555555555555,5147,0.22875555555555555,0.2870045977690663,0.08120369364682525
136,0,135,0.2451111111111111,5515,0.2451111111111111,0.30700145010974483,0.08378938131145644
137,0,136,0.23133333333333334,5205,0.23133333333333334,0.2897712480037728,0.08012368711081248
138,0,137,0.22426666666666667,5046,0.22426666666666667,0.28093883388101565,0.07755164954741799
139,0,138,0.23977777777777778,5395,0.23977777777777778,0.30599171220412597,0.088330098291335
140,0,139,0.23808888888888888,5357,0.23808888888888888,0.3027759078021297,0.08874232475534108
141,0,140,0.23026666666666668,5181,0.23026666666666668,0.28789530476012226,0.0799655039334417
142,0,141,0.24195555555555556,5444,0.24195555555555556,0.3003928200876024,0.08448435732850539
143,0,142,0.2407111111111111,5416,0.2407111111111111,0.3002116957319043,0.08420596382967853
144,0,143,0.23462222222222223,5279,0.23462222222222223,0.2872461448348588,0.08046561349189596
145,0,144,0.23493333333333333,5286,0.23493333333333333,0.3022245285686788,0.08886340262264829
146,0,145,0.2364,5319,0.2364,0.30030419006883136,0.08577496637335756
147,0,146,0.22706666666666667,5109,0.22706666666666667,0.28541811759778396,0.08219247484315982
148,0,147,0.2328888888888889,5240,0.2328888888888889,0.29618448302827766,0.08603394771065476
149,0,148,0.23933333333333334,5385,0.23933333333333334,0.30059277417269264,0.08608317125093937
150,0,149,0.2339111111111111,5263,0.2339111111111111,0.28713130258345937,0.07911423707067557
151,0,150,0.2348,5283,0.2348,0.2969101146671915,0.08568820331137379
152,0,151,0.23342222222222223,5252,0.23342222222222223,0.29622401020850353,0.0849640900829754
153,0,152,0.22946666666666668,5163,0.22946666666666668,0.28708296478516176,0.0808529518258837
154,0,153,0.22604444444444444,5086,0.22604444444444444,0.28104771540321377,0.07897798916843515
155,0,154,0.23946666666666666,5388,0.23946666666666666,0.3005320325892531,0.08515481005639226
156,0,155,0.23728888888888888,5339,0.23728888888888888,0.29708366949537973,0.08016782690956985
157,0,156,0.2344,5274,0.2344,0.3042384604281248,0.09028407989554534
158,0,157,0.23302222222222221,5243,0.23302222222222221,0.2910534286493786,0.08235954872156627
159,0,158,0.23271111111111112,5236,0.23271111111111112,0.28038569852229206,0.07668345358985797
160,0,159,0.2303111111111111,5182,0.2303111111111111,0.2878120777075938,0.08227030719164459
161,0,160,0.23564444444444443,5302,0.23564444444444443,0.29146646993758424,0.07994337506713717
162,0,161,0.22897777777777778,5152,0.22897777777777778,0.29050994000957076,0.08162109920161621
163,0,162,0.23542222222222223,5297,0.23542222222222223,0.3041250979279457,0.0901783912037277
164,0,163,0.22582222222222223,5081,0.22582222222222223,0.28192846805411603,0.0786142871650821
165,0,164,0.2332,5247,0.2332,0.29302450792890106,0.0813212509400481
166,0,165,0.22062222222222222,4964,0.22062222222222222,0.27670991266018774,0.07790241310622757
167,0,166,0.24302222222222222,5468,0.24302222222222222,0.30712574739068305,0.08854682517274484
168,0,167,0.23857777777777778,5368,0.23857777777777778,0.3043751549124669,0.0894744539103797
169,0,168,0.24524444444444443,5518,0.24524444444444443,0.3100258293131206,0.08884718075107419
170,0,169,0.2356,5301,0.2356,0.2912544107445752,0.0793646820627463
171,0,170,0.23164444444444443,5212,0.23164444444444443,0.29646886465286554,0.08717642204915713
172,0,171,0.2339111111111111,5263,0.2339111111111111,0.2983876982728116,0.0863692947681821
173,0,172,0.23955555555555555,5390,0.23955555555555555,0.3006323343238163,0.0860256376548815
174,0,173,0.2392,5382,0.2392,0.3042753049326703,0.08773789622880537
175,0,174,0.23733333333333334,5340,0.23733333333333334,0.29495714553449137,0.08271110821819944
176,0,175,0.23546666666666666,5298,0.23546666666666666,0.2945275931433602,0.08021698111026951
177,0,176,0.23862222222222224,5369,0.23862222222222224,0.3011830723959687,0.0859100430137711
178,0,177,0.23773333333333332,5349,0.23773333333333332,0.2945688405348885,0.08295601552509761
179,0,178,0.24888888888888888,5600,0.24888888888888888,0.3098999902109294,0.08426855533985055
180,0,179,0.23013333333333333,5178,0.23013333333333333,0.29088158887413057,0.08209350999490567
181,0,180,0.23186666666666667,5217,0.23186666666666667,0.2881381313053016,0.0803513273731508
182,0,181,0.23213333333333333,5223,0.23213333333333333,0.2955106397980681,0.0856459404900373
183,0,182,0.23471111111111112,5281,0.23471111111111112,0.2939410939548073,0.08332453936470402
184,0,183,0.24426666666666666,5496,0.24426666666666666,0.30834045702286583,0.08814843814581678
185,0,184,0.23577777777777778,5305,0.23577777777777778,0.2901439812596925,0.08194852832086486
186,0,185,0.23035555555555556,5183,0.23035555555555556,0.2897147833496248,0.08115450567429705
187,0,186,0.2396888888888889,5393,0.2396888888888889,0.29724528818339846,0.0849971240832398
188,0,187,0.236,5310,0.236,0.29628727080123457,0.08279524814367652
189,0,188,0.2268888888888889,5105,0.2268888888888889,0.28360917294818694,0.07939430015094366
190,0,189,0.24226666666666666,5451,0.24226666666666666,0.30329469426160766,0.0858179808688587
191,0,190,0.23564444444444443,5302,0.23564444444444443,0.29920372079510904,0.08459688790057192
192,0,191,0.23613333333333333,5313,0.23613333333333333,0.29660062292298106,0.08404464542185679
193,0,192,0.2406222222222222,5414,0.2406222222222222,0.3051412218582129,0.08687601137457891
194,0,193,0.24222222222222223,5450,0.24222222222222223,0.30112476572672925,0.0867626161892006
195,0,194,0.23884444444444444,5374,0.23884444444444444,0.29937395986774357,0.08625782434442211
196,0,195,0.2268,5103,0.2268,0.2925581723781799,0.08503352008431486
197,0,196,0.23515555555555556,5291,0.23515555555555556,0.30364044993786843,0.0902079797628661
198,0,197,0.23164444444444443,5212,0.23164444444444443,0.2894145001981768,0.08084816750182001
199,0,198,0.2389777777777778,5377,0.2389777777777778,0.30833787991877337,0.0926823764801892
200,0,199,0.2264,5094,0.2264,0.2879084273515946,0.08110083362869942
201,0,200,0.24053333333333332,5412,0.24053333333333332,0.3061048417004712,0.08880012198848564
202,0,201,0.2368888888888889,5330,0.2368888888888889,0.30157088969933776,0.08789044095466626
203,0,202,0.24106666666666668,5424,0.24106666666666668,0.3059489649887121,0.0867701660471268
204,0,203,0.23951111111111112,5389,0.23951111111111112,0.3015029682072008,0.08323944799060276
205,0,204,0.23693333333333333,5331,0.23693333333333333,0.2971474560764107,0.08338253847895188
206,0,205,0.2328888888888889,5240,0.2328888888888889,0.2919528104231767,0.08393748389766542
207,0,206,0.23275555555555555,5237,0.23275555555555555,0.29529533535143715,0.08432989016823936
208,0,207,0.23675555555555555,5327,0.23675555555555555,0.2936393874075974,0.08084948508441783
209,0,208,0.246,5535,0.246,0.32073269800688364,0.09787857010532636
210,0,209,0.2391111111111111,5380,0.2391111111111111,0.30195305034852804,0.08504978114113927
211,0,210,0.2235111111111111,5029,0.2235111111111111,0.29170443176648925,0.0853826994672192
212,0,211,0.2368,5328,0.2368,0.2977399824128428,0.0838495178572905
213,0,212,0.24284444444444445,5464,0.24284444444444445,0.3039613199188016,0.0879754011643288
214,0,213,0.23573333333333332,5304,0.23573333333333332,0.29620855792562784,0.08320840920656555
215,0,214,0.2396,5391,0.2396,0.30027635752289733,0.08497554860184266
216,0,215,0.23502222222222222,5288,0.23502222222222222,0.30084608068934804,0.08648249713520459
217,0,216,0.23062222222222223,5189,0.23062222222222223,0.2860204853541533,0.07834801199684242
218,0,217,0.24124444444444446,5428,0.24124444444444446,0.30184248057612756,0.08462413165118868
219,0,218,0.2396,5391,0.2396,0.302963004426089,0.08661493038369796
220,0,219,0.2359111111111111,5308,0.2359111111111111,0.2969500949232916,0.08271910691225919
221,0,220,0.23777777777777778,5350,0.23777777777777778,0.3022337471030992,0.08606011302997596
222,0,221,0.24497777777777777,5512,0.24497777777777777,0.3118441042521289,0.08975714888205366
223,0,222,0.2275111111111111,5119,0.2275111111111111,0.28530457758437905,0.08083251632790663
224,0,223,0.23537777777777777,5296,0.23537777777777777,0.29825697675791063,0.08531047526444313
225,0,224,0.24817777777777777,5584,0.24817777777777777,0.30709175101421626,0.08701623937302232
226,0,225,0.24186666666666667,5442,0.24186666666666667,0.30942629487169615,0.08957173779233182
227,0,226,0.23524444444444445,5293,0.23524444444444445,0.28858461053669165,0.07878781990221517
228,0,227,0.232,5220,0.232,0.2930799511967798,0.08209807049372198
229,0,228,0.23133333333333334,5205,0.23133333333333334,0.2921917960298746,0.08332171757269637
230,0,229,0.23373333333333332,5259,0.23373333333333332,0.29933520773687633,0.08738305835305037
231,0,230,0.23275555555555555,5237,0.23275555555555555,0.29473000771885555,0.0809475444553401
232,0,231,0.23146666666666665,5208,0.23146666666666665,0.2913580930568488,0.08325553410154035
233,0,232,0.2336,5256,0.2336,0.2951756580852005,0.08512333455164682
234,0,233,0.24884444444444445,5599,0.24884444444444445,0.31154262607224775,0.08743790543055428
235,0,234,0.23866666666666667,5370,0.23866666666666667,0.30429100750487564,0.08718099977941106
236,0,235,0.23835555555555554,5363,0.23835555555555554,0.301769914567547,0.08599390303673293
237,0,236,0.2331111111111111,5245,0.2331111111111111,0.3029041910368385,0.08802296790281601
238,0,237,0.23946666666666666,5388,0.23946666666666666,0.2968001927315681,0.08127304762828441
239,0,238,0.24724444444444443,5563,0.24724444444444443,0.3106536093198619,0.08908548458768009
240,0,239,0.23924444444444445,5383,0.23924444444444445,0.30328628642525685,0.088322825636905
241,0,240,0.2389777777777778,5377,0.2389777777777778,0.30683495468608446,0.08957168223245732
242,0,241,0.23617777777777776,5314,0.23617777777777776,0.301016305604111,0.0860495282517025
243,0,242,0.24586666666666668,5532,0.24586666666666668,0.30718265511896303,0.0860415182687552
244,0,243,0.22355555555555556,5030,0.22355555555555556,0.2801326599666572,0.08026946771013407
245,0,244,0.22626666666666667,5091,0.22626666666666667,0.2869949486760623,0.07949333905020951
246,0,245,0.2371111111111111,5335,0.2371111111111111,0.2924621338124901,0.07907523741574639
247,0,246,0.22893333333333332,5151,0.22893333333333332,0.2882728874376779,0.08129719243790931
248,0,247,0.2408,5418,0.2408,0.30035222945671125,0.08595937471203154
249,0,248,0.238,5355,0.238,0.30199724793402294,0.0859203268865614
250,0,249,0.2308,5193,0.2308,0.28607280774158206,0.07899134439540582
251,0,250,0.2396,5391,0.2396,0.30556387115223943,0.08970363391623072
252,0,251,0.23737777777777777,5341,0.23737777777777777,0.3017365536921309,0.08717369564960341
253,0,252,0.23413333333333333,5268,0.23413333333333333,0.2864570158171757,0.07912373446687299
254,0,253,0.24746666666666667,5568,0.24746666666666667,0.31193915257085203,0.09232918380422428
255,0,254,0.24022222222222223,5405,0.24022222222222223,0.31014837385882377,0.09123418791685398
256,0,255,0.24013333333333334,5403,0.24013333333333334,0.304229317870684,0.08359108417205027
257,0,256,0.23626666666666668,5316,0.23626666666666668,0.3011671659296259,0.084833182401783
258,0,257,0.23537777777777777,5296,0.23537777777777777,0.28699792423677023,0.07642565729135167
259,0,258,0.23071111111111112,5191,0.23071111111111112,0.2893289197777689,0.08108777884058838
260,0,259,0.2379111111111111,5353,0.2379111111111111,0.2962325597690211,0.08230983668117352
261,0,260,0.22982222222222223,5171,0.22982222222222223,0.2887873216077184,0.08042558438175919
262,0,261,0.23626666666666668,5316,0.23626666666666668,0.3030539067218216,0.08903369934430691
263,0,262,0.248,5580,0.248,0.3173479892496107,0.09425824157253615
264,0,263,0.2376888888888889,5348,0.2376888888888889,0.30496828014309874,0.08928945847030825
265,0,264,0.22848888888888888,5141,0.22848888888888888,0.29162332038590033,0.08390386863704852
266,0,265,0.23377777777777778,5260,0.23377777777777778,0.29400735417240537,0.08405517408270541
267,0,266,0.21973333333333334,4944,0.21973333333333334,0.2817816560067248,0.0781374227620396
268,0,267,0.23973333333333333,5394,0.23973333333333333,0.2980965002476996,0.08457844114673368
269,0,268,0.23924444444444445,5383,0.23924444444444445,0.29884859665030516,0.08509230743163931
270,0,269,0.24186666666666667,5442,0.24186666666666667,0.31199549724231007,0.09004489129020407
271,0,270,0.2392,5382,0.2392,0.30100699935668956,0.08607032250999917
272,0,271,0.23986666666666667,5397,0.23986666666666667,0.3041312258971773,0.08573196101895643
273,0,272,0.24426666666666666,5496,0.24426666666666666,0.31277480009412834,0.09085629138656112
274,0,273,0.2391111111111111,5380,0.2391111111111111,0.30771324868423783,0.08829694183991425
275,0,274,0.2451111111111111,5515,0.2451111111111111,0.32002148887775966,0.09455988224420066
276,0,275,0.2396888888888889,5393,0.2396888888888889,0.3001007012355415,0.0851641747926187
277,0,276,0.22137777777777778,4981,0.22137777777777778,0.28189153324220606,0.08226992776202105
278,0,277,0.23053333333333334,5187,0.23053333333333334,0.2894328086637792,0.08013507823985412
279,0,278,0.22857777777777777,5143,0.22857777777777777,0.27684221813997295,0.07608099959101157
280,0,279,0.2407111111111111,5416,0.2407111111111111,0.30051727637651465,0.08383100097073154
281,0,280,0.2331111111111111,5245,0.2331111111111111,0.2925946625708578,0.08024824733765593
282,0,281,0.24164444444444444,5437,0.24164444444444444,0.30105748050180847,0.08386224959056396
283,0,282,0.2328,5238,0.2328,0.296714975982616,0.08498925005273784
284,0,283,0.2404,5409,0.2404,0.3022299948939669,0.08559925859246748
285,0,284,0.24675555555555556,5552,0.24675555555555556,0.3061274781246689,0.08629891084611992
286,0,285,0.22666666666666666,5100,0.22666666666666666,0.2848198922279533,0.08069224838482891
287,0,286,0.23635555555555557,5318,0.23635555555555557,0.29222663087179124,0.07940987241883812
288,0,287,0.23635555555555557,5318,0.23635555555555557,0.30136174555704015,0.08878489099668326
289,0,288,0.23915555555555557,5381,0.23915555555555557,0.3054686607452826,0.08970732665747706
290,0,289,0.24244444444444443,5455,0.24244444444444443,0.30988458655091655,0.08926437652499158
291,0,290,0.23244444444444445,5230,0.23244444444444445,0.29353465571137277,0.08231190907205944
292,0,291,0.2384,5364,0.2384,0.2990433292139853,0.08518379693768041
293,0,292,0.23617777777777776,5314,0.23617777777777776,0.2930055536309832,0.08250886104137777
294,0,293,0.2439111111111111,5488,0.2439111111111111,0.31321405681374864,0.091774050192811
295,0,294,0.2290222222222222,5153,0.2290222222222222,0.28837694410672887,0.07968589129705808
296,0,295,0.23004444444444444,5176,0.23004444444444444,0.29190696475109545,0.0821491435196032
297,0,296,0.2368888888888889,5330,0.2368888888888889,0.29658627801833887,0.08321399182371439
298,0,297,0.23937777777777777,5386,0.23937777777777777,0.30104814489257364,0.08592261574533488
299,0,298,0.2270222222222222,5108,0.2270222222222222,0.27755787366805756,0.0744147311388236
300,0,299,0.23622222222222222,5315,0.23622222222222222,0.3064900559879744,0.08982179527809643
301,0,300,0.23564444444444443,5302,0.23564444444444443,0.29155676511111395,0.08175470714963852
302,0,301,0.22755555555555557,5120,0.22755555555555557,0.27965756002478637,0.07711414905873669
303,0,302,0.2290222222222222,5153,0.2290222222222222,0.29793134386472314,0.08736024017340814
304,0,303,0.23764444444444444,5347,0.23764444444444444,0.3039182887780942,0.08575544371429426
305,0,304,0.23737777777777777,5341,0.23737777777777777,0.2996453253703468,0.08514880317130652
306,0,305,0.22826666666666667,5136,0.22826666666666667,0.29011059226706015,0.08353781197682632
307,0,306,0.24333333333333335,5475,0.24333333333333335,0.3008177935412808,0.08265512566250748
308,0,307,0.23404444444444444,5266,0.23404444444444444,0.29237391790416967,0.0830304640124239
309,0,308,0.23613333333333333,5313,0.23613333333333333,0.29913188575064664,0.08628728993943638
310,0,309,0.24128888888888889,5429,0.24128888888888889,0.30678609736798573,0.08795678379884667
311,0,310,0.23786666666666667,5352,0.23786666666666667,0.2946836155288958,0.08043985777661453
312,0,311,0.24431111111111112,5497,0.24431111111111112,0.3110813264675991,0.0893546708026157
313,0,312,0.23191111111111112,5218,0.23191111111111112,0.28101167846529385,0.07393172458498606
314,0,313,0.2228,5013,0.2228,0.2773890518441257,0.07688675932270274
315,0,314,0.23937777777777777,5386,0.23937777777777777,0.29584197330690654,0.0835689481933054
316,0,315,0.2320888888888889,5222,0.2320888888888889,0.29763155023922405,0.08766032312308661
317,0,316,0.2376,5346,0.2376,0.29830668962136886,0.08593779108603454
318,0,317,0.2335111111111111,5254,0.2335111111111111,0.2871749335360153,0.07854094560167316
319,0,318,0.2358222222222222,5306,0.2358222222222222,0.29114488093674823,0.07900242215939177
320,0,319,0.23764444444444444,5347,0.23764444444444444,0.2959733955010167,0.08314575884369028
321,0,320,0.2383111111111111,5362,0.2383111111111111,0.298931960700163,0.08434275630132963
322,0,321,0.2316888888888889,5213,0.2316888888888889,0.2964701646357497,0.08689410652402965
323,0,322,0.23826666666666665,5361,0.23826666666666665,0.30269229078514465,0.08592514644615636
324,0,323,0.23906666666666668,5379,0.23906666666666668,0.3016029463814858,0.08729492838319798
325,0,324,0.22662222222222222,5099,0.22662222222222222,0.28529908445728736,0.07819849390404504
326,0,325,0.23075555555555555,5192,0.23075555555555555,0.2892640176138942,0.08393132198757706
327,0,326,0.24302222222222222,5468,0.24302222222222222,0.30105703283819873,0.08255811996312742
328,0,327,0.248,5580,0.248,0.3096507790319038,0.08741647320298526
329,0,328,0.24102222222222222,5423,0.24102222222222222,0.3023993014811529,0.08606742398456509
330,0,329,0.22791111111111112,5128,0.22791111111111112,0.28423469297728093,0.07698180147275303
331,0,330,0.2358222222222222,5306,0.2358222222222222,0.2897477878033852,0.07961867712746952
332,0,331,0.23986666666666667,5397,0.23986666666666667,0.3026126442004744,0.08465372459729792
333,0,332,0.23448888888888889,5276,0.23448888888888889,0.2997436658925362,0.08738708501446783
334,0,333,0.2308,5193,0.2308,0.2921539092203837,0.08247386984007468
335,0,334,0.2426222222222222,5459,0.2426222222222222,0.30542709241076593,0.08662528564755678
336,0,335,0.24195555555555556,5444,0.24195555555555556,0.3039233921941197,0.08545161867374523
337,0,336,0.23555555555555555,5300,0.23555555555555555,0.3017555639437457,0.08722523668573248
338,0,337,0.23373333333333332,5259,0.23373333333333332,0.29564104918773226,0.08372351405662784
339,0,338,0.24817777777777777,5584,0.24817777777777777,0.3108671254940156,0.08686624029141896
340,0,339,0.23191111111111112,5218,0.23191111111111112,0.29463251755676256,0.08419990769185441
341,0,340,0.23226666666666668,5226,0.23226666666666668,0.29909991269703956,0.08654498342365258
342,0,341,0.2376,5346,0.2376,0.2945939872537909,0.0822433440158619
343,0,342,0.24284444444444445,5464,0.24284444444444445,0.3012270462785657,0.08448418649180964
344,0,343,0.22733333333333333,5115,0.22733333333333333,0.2936348867102076,0.08539631181763262
345,0,344,0.2290222222222222,5153,0.2290222222222222,0.28739110230248693,0.08122591889588962
346,0,345,0.24075555555555556,5417,0.24075555555555556,0.3136288148766862,0.09046101436085426
347,0,346,0.22226666666666667,5001,0.22226666666666667,0.27607807434504733,0.0793130279373413
348,0,347,0.24004444444444445,5401,0.24004444444444445,0.30216282192805405,0.08497449439409241
349,0,348,0.22982222222222223,5171,0.22982222222222223,0.2946202675755541,0.0867025743143911
350,0,349,0.22973333333333334,5169,0.22973333333333334,0.2853657136557878,0.08162456365721948
351,0,350,0.2312,5202,0.2312,0.29812919830833173,0.08509543465936789
352,0,351,0.23022222222222222,5180,0.23022222222222222,0.28896453486279217,0.08278757853211771
353,0,352,0.2283111111111111,5137,0.2283111111111111,0.2791144221145094,0.07739039911773711
354,0,353,0.2288888888888889,5150,0.2288888888888889,0.30017595967699323,0.08946653070761199
355,0,354,0.23062222222222223,5189,0.23062222222222223,0.29368671327710044,0.08355779094308494
356,0,355,0.23546666666666666,5298,0.23546666666666666,0.2880913361094445,0.07858479839629443
357,0,356,0.23844444444444443,5365,0.23844444444444443,0.2968440813578405,0.08423210498404139
358,0,357,0.23306666666666667,5244,0.23306666666666667,0.2917336770749506,0.08299947182630908
359,0,358,0.22604444444444444,5086,0.22604444444444444,0.28484472545122624,0.08037587826956394
360,0,359,0.2340888888888889,5267,0.2340888888888889,0.29181499816831563,0.08046989996842888
361,0,360,0.24231111111111112,5452,0.24231111111111112,0.30429223812237355,0.08374461604716835
362,0,361,0.2484888888888889,5591,0.2484888888888889,0.3094526342753304,0.08520670909894087
363,0,362,0.24342222222222223,5477,0.24342222222222223,0.303610183871005,0.08386783402553637
364,0,363,0.24035555555555554,5408,0.24035555555555554,0.29999739099051276,0.08337997191264664
365,0,364,0.23044444444444445,5185,0.23044444444444445,0.28740212572571305,0.07857333205560806
366,0,365,0.23466666666666666,5280,0.23466666666666666,0.2995524704710941,0.08562706066561557
367,0,366,0.22417777777777778,5044,0.22417777777777778,0.27917869309454063,0.07804921867660455
368,0,367,0.23715555555555556,5336,0.23715555555555556,0.30753068632526,0.09427203522431739
369,0,368,0.23195555555555555,5219,0.23195555555555555,0.2897539543304461,0.08031027916288835
370,0,369,0.22586666666666666,5082,0.22586666666666666,0.29448322726357007,0.08565858993222447
371,0,370,0.23715555555555556,5336,0.23715555555555556,0.29529064487539025,0.084705937829727
372,0,371,0.23844444444444443,5365,0.23844444444444443,0.3008039057610669,0.0852052005106273
373,0,372,0.24426666666666666,5496,0.24426666666666666,0.3108828053695226,0.08924775149351093
374,0,373,0.24453333333333332,5502,0.24453333333333332,0.30998643770022977,0.08851518771282973
375,0,374,0.23817777777777777,5359,0.23817777777777777,0.30122943667044666,0.08573182945475316
376,0,375,0.24128888888888889,5429,0.24128888888888889,0.30947315471753856,0.09153966438215506
377,0,376,0.24697777777777777,5557,0.24697777777777777,0.3197875888041093,0.09531878900178183
378,0,377,0.23955555555555555,5390,0.23955555555555555,0.30213546857737117,0.08654154802029992
379,0,378,0.236,5310,0.236,0.3000061256356285,0.08544875920394011
380,0,379,0.22835555555555556,5138,0.22835555555555556,0.29078846449607104,0.08476368038458573
381,0,380,0.23328888888888888,5249,0.23328888888888888,0.2980479685935638,0.08501993460997635
382,0,381,0.2388,5373,0.2388,0.3053356666506512,0.08789934275910097
383,0,382,0.2332,5247,0.2332,0.3012173275866496,0.08957078398783781
384,0,383,0.24484444444444445,5509,0.24484444444444445,0.3126387161764939,0.09284007083442436
385,0,384,0.2409777777777778,5422,0.2409777777777778,0.30520011499501243,0.08627293180427298
386,0,385,0.2332,5247,0.2332,0.29216860442779685,0.08106748254067794
387,0,386,0.23866666666666667,5370,0.23866666666666667,0.29996897198422784,0.0840200055526567
388,0,387,0.23,5175,0.23,0.2940247059300127,0.08498811380771451
389,0,388,0.23915555555555557,5381,0.23915555555555557,0.3020565280484906,0.08602571903931887
390,0,389,0.24155555555555555,5435,0.24155555555555555,0.30581183362902326,0.08851665966203527
391,0,390,0.22822222222222222,5135,0.22822222222222222,0.2860118116241834,0.07861446006737068
392,0,391,0.25226666666666664,5676,0.25226666666666664,0.31502052835935496,0.08944097444984649
393,0,392,0.2324,5229,0.2324,0.2935826842644674,0.08633711412916861
394,0,393,0.2352,5292,0.2352,0.29520398422059313,0.08372558269669185
395,0,394,0.23253333333333334,5232,0.23253333333333334,0.2943996994526819,0.0832062109175069
396,0,395,0.23844444444444443,5365,0.23844444444444443,0.2968095258871919,0.08507816627053744
397,0,396,0.23604444444444445,5311,0.23604444444444445,0.29616521474843904,0.08428071516162008
398,0,397,0.2436888888888889,5483,0.2436888888888889,0.3064970740276046,0.08655007576174469
399,0,398,0.2336,5256,0.2336,0.3029282450437542,0.08743724485987055
400,0,399,0.2359111111111111,5308,0.2359111111111111,0.2995778732965082,0.08543201553360048
401,0,400,0.24257777777777778,5458,0.24257777777777778,0.30371632675571913,0.08729727510690918
402,0,401,0.23573333333333332,5304,0.23573333333333332,0.28832948221337806,0.07721345984613508
403,0,402,0.24897777777777777,5602,0.24897777777777777,0.3223379354198956,0.09307587667157238
404,0,403,0.23395555555555556,5264,0.23395555555555556,0.2869953500745591,0.0789539740377561
405,0,404,0.22813333333333333,5133,0.22813333333333333,0.2918216364064601,0.08220297574941797
406,0,405,0.23271111111111112,5236,0.23271111111111112,0.294541223592602,0.0826491886393703
407,0,406,0.22884444444444443,5149,0.22884444444444443,0.2896014909619119,0.08240234295075827
408,0,407,0.23951111111111112,5389,0.23951111111111112,0.29589479955832965,0.08365521832260027
409,0,408,0.2391111111111111,5380,0.2391111111111111,0.30109161409119056,0.0866297511854914
410,0,409,0.2452,5517,0.2452,0.31375103329672954,0.08994873003307799
411,0,410,0.23191111111111112,5218,0.23191111111111112,0.2935239994034711,0.08406129150584637
412,0,411,0.22933333333333333,5160,0.22933333333333333,0.28953890628032514,0.08158469563582708
413,0,412,0.23137777777777777,5206,0.23137777777777777,0.28263749726445014,0.07740220249967887
414,0,413,0.23462222222222223,5279,0.23462222222222223,0.29193796894955054,0.08209727162569266
415,0,414,0.23515555555555556,5291,0.23515555555555556,0.2942424718526501,0.08267567691814226
416,0,415,0.23328888888888888,5249,0.23328888888888888,0.30065988532936205,0.08991287832947341
417,0,416,0.23857777777777778,5368,0.23857777777777778,0.30053093203081244,0.08596104525705059
418,0,417,0.23173333333333335,5214,0.23173333333333335,0.28934046034602817,0.07980451178942397
419,0,418,0.2311111111111111,5200,0.2311111111111111,0.28485785740372166,0.07723769593167278
420,0,419,0.23213333333333333,5223,0.23213333333333333,0.28558593569989427,0.0793805493671397
421,0,420,0.24293333333333333,5466,0.24293333333333333,0.3056667284027124,0.08681519175986188
422,0,421,0.2379111111111111,5353,0.2379111111111111,0.3027377203280705,0.08602079190635806
423,0,422,0.23284444444444444,5239,0.23284444444444444,0.2911525085872855,0.07979549508821604
424,0,423,0.2304,5184,0.2304,0.29186412796164224,0.08283667973126779
425,0,424,0.2320888888888889,5222,0.2320888888888889,0.2894086158166022,0.08037652582892663
426,0,425,0.2260888888888889,5087,0.2260888888888889,0.2863449723262281,0.0793377608366566
427,0,426,0.23604444444444445,5311,0.23604444444444445,0.29335933473376796,0.07991464190960304
428,0,427,0.2340888888888889,5267,0.2340888888888889,0.2828024425342265,0.07696278572807232
429,0,428,0.2338222222222222,5261,0.2338222222222222,0.2894634492583377,0.08099577786849453
430,0,429,0.23613333333333333,5313,0.23613333333333333,0.2967189363589256,0.0833302793713292
431,0,430,0.24235555555555555,5453,0.24235555555555555,0.3026450692696183,0.08370241967118802
432,0,431,0.23048888888888888,5186,0.23048888888888888,0.2881941031941549,0.07987604443608164
433,0,432,0.22546666666666668,5073,0.22546666666666668,0.2806718390123955,0.077067172646705
434,0,433,0.2270222222222222,5108,0.2270222222222222,0.2816953782024149,0.07959344337268438
435,0,434,0.23248888888888888,5231,0.23248888888888888,0.29139290558869313,0.08115020610000857
436,0,435,0.2222222222222222,5000,0.2222222222222222,0.27956888285667103,0.07985826707264701
437,0,436,0.22577777777777777,5080,0.22577777777777777,0.28982602299723265,0.08275827178413173
438,0,437,0.23328888888888888,5249,0.23328888888888888,0.2976317348318193,0.08476740990944084
439,0,438,0.23822222222222222,5360,0.23822222222222222,0.30228416306356404,0.08662446392527953
440,0,439,0.23537777777777777,5296,0.23537777777777777,0.2953557059041082,0.0824061107917028
441,0,440,0.2378222222222222,5351,0.2378222222222222,0.3016900536569986,0.08581571547487368
442,0,441,0.2301777777777778,5179,0.2301777777777778,0.29435504509045074,0.08526537485295207
443,0,442,0.24195555555555556,5444,0.24195555555555556,0.3036796635460229,0.08533623037600639
444,0,443,0.23564444444444443,5302,0.23564444444444443,0.2921508631205924,0.08146248211050557
445,0,444,0.248,5580,0.248,0.3149601571529963,0.08933086214282399
446,0,445,0.2338222222222222,5261,0.2338222222222222,0.29754770578931716,0.08692774545186892
447,0,446,0.2284,5139,0.2284,0.2967723721509788,0.08758435242832506
448,0,447,0.23284444444444444,5239,0.23284444444444444,0.2975261014110196,0.0867813155615682
449,0,448,0.23915555555555557,5381,0.23915555555555557,0.2915928229229088,0.07888726669047119
450,0,449,0.23893333333333333,5376,0.23893333333333333,0.29481530571918163,0.08141455708237524
451,0,450,0.23937777777777777,5386,0.23937777777777777,0.29797937604899943,0.08381620373196987
452,0,451,0.24142222222222223,5432,0.24142222222222223,0.3004223657512046,0.08439923747464727
453,0,452,0.24684444444444445,5554,0.24684444444444445,0.3099340988403164,0.08859624749012582
454,0,453,0.2396888888888889,5393,0.2396888888888889,0.30592142366837466,0.08819641244950674
455,0,454,0.23222222222222222,5225,0.23222222222222222,0.28960500492048163,0.08206429000737604
456,0,455,0.23404444444444444,5266,0.23404444444444444,0.2905235847287154,0.08153161803650305
457,0,456,0.2392,5382,0.2392,0.2990184067022877,0.08357297170760108
458,0,457,0.24537777777777778,5521,0.24537777777777778,0.3097621349414156,0.0885446186843982
459,0,458,0.2474222222222222,5567,0.2474222222222222,0.31659732973657506,0.09312541393343637
460,0,459,0.24066666666666667,5415,0.24066666666666667,0.31598708347618654,0.09587552269839589
461,0,460,0.24075555555555556,5417,0.24075555555555556,0.30870201034078715,0.087132847757905
462,0,461,0.2439111111111111,5488,0.2439111111111111,0.3075046567573106,0.08717776515292781
463,0,462,0.24444444444444444,5500,0.24444444444444444,0.30816569802310323,0.08820079265489895
464,0,463,0.23786666666666667,5352,0.23786666666666667,0.30123809639229887,0.08391470864202352
465,0,464,0.2383111111111111,5362,0.2383111111111111,0.3061729977604201,0.09035613422100143
466,0,465,0.2284,5139,0.2284,0.2781471017203656,0.07110465588160637
467,0,466,0.24337777777777778,5476,0.24337777777777778,0.302174027422453,0.08846618580294881
468,0,467,0.24893333333333334,5601,0.24893333333333334,0.3061713609726999,0.08431967913313371
469,0,468,0.23773333333333332,5349,0.23773333333333332,0.2968706522738761,0.08339165573967122
470,0,469,0.24177777777777779,5440,0.24177777777777779,0.3017997435280156,0.08473799166965573
471,0,470,0.23777777777777778,5350,0.23777777777777778,0.30181174607616346,0.08542633854302745
472,0,471,0.23924444444444445,5383,0.23924444444444445,0.3009102153026273,0.0837088114364156
473,0,472,0.238,5355,0.238,0.3059041278934165,0.08719792775361522
474,0,473,0.23604444444444445,5311,0.23604444444444445,0.29852627059458736,0.0857099746870027
475,0,474,0.23502222222222222,5288,0.23502222222222222,0.29847822418757547,0.08415385680447676
476,0,475,0.22746666666666668,5118,0.22746666666666668,0.28282499407039663,0.07906607510516289
477,0,476,0.22777777777777777,5125,0.22777777777777777,0.2780496233509715,0.07757729853067794
478,0,477,0.22906666666666667,5154,0.22906666666666667,0.28150514064199245,0.07558824579627642
479,0,478,0.24382222222222222,5486,0.24382222222222222,0.3102998404912601,0.09071393426597489
480,0,479,0.2328,5238,0.2328,0.29299308839500543,0.08254420615098368
481,0,480,0.22604444444444444,5086,0.22604444444444444,0.2817792128513405,0.07582326975481281
482,0,481,0.23693333333333333,5331,0.23693333333333333,0.29910317821562993,0.08811620873391607
483,0,482,0.22982222222222223,5171,0.22982222222222223,0.2833369997236941,0.07730942371017793
484,0,483,0.23373333333333332,5259,0.23373333333333332,0.2955846287830712,0.08381674175318454
485,0,484,0.236,5310,0.236,0.3042224128601528,0.0885551503771789
486,0,485,0.23777777777777778,5350,0.23777777777777778,0.29999423437894934,0.08689555707446793
487,0,486,0.23035555555555556,5183,0.23035555555555556,0.2898789780047149,0.08332302413501352
488,0,487,0.2427111111111111,5461,0.2427111111111111,0.31319386933969257,0.09181264621213255
489,0,488,0.2399111111111111,5398,0.2399111111111111,0.29831741556561286,0.08012595515178406
490,0,489,0.23764444444444444,5347,0.23764444444444444,0.2954365835466463,0.08297980744185388
491,0,490,0.23533333333333334,5295,0.23533333333333334,0.29590283493474784,0.0869103030071874
492,0,491,0.2344,5274,0.2344,0.29343434568603205,0.0834277441378873
493,0,492,0.23444444444444446,5275,0.23444444444444446,0.29736970967464166,0.08465951046394946
494,0,493,0.23342222222222223,5252,0.23342222222222223,0.2950454053730586,0.08171992536795838
495,0,494,0.2323111111111111,5227,0.2323111111111111,0.2909278478523624,0.0814621353496382
496,0,495,0.23715555555555556,5336,0.23715555555555556,0.29915550579426115,0.0837859987090637
497,0,496,0.23942222222222223,5387,0.23942222222222223,0.30488108353667515,0.08806516942342181
498,0,497,0.24008888888888888,5402,0.24008888888888888,0.306925660357668,0.0876054612166706
499,0,498,0.22777777777777777,5125,0.22777777777777777,0.29067708066995446,0.08421435046339135
500,0,499,0.24017777777777777,5404,0.24017777777777777,0.29871191565540245,0.0847455550523605
501,2,0,0.6129777777777777,13792,0.6129777777777777,0.7142225262943974,0.09326646335732912
502,2,1,0.6174666666666667,13893,0.6174666666666667,0.7213512807465581,0.0937135575737291
503,2,2,0.6168444444444444,13879,0.6168444444444444,0.7211884981390584,0.09306409837821489
504,2,3,0.6039111111111111,13588,0.6039111111111111,0.7050143560553289,0.09444029052584033
505,2,4,0.626,14085,0.626,0.7252339582530474,0.09369000213667089
506,2,5,0.6209777777777777,13972,0.6209777777777777,0.7204667925614795,0.09121572994472338
507,2,6,0.6213777777777778,13981,0.6213777777777778,0.7192768299033664,0.08709599260162555
508,2,7,0.6183111111111111,13912,0.6183111111111111,0.7171955217156584,0.0922331118753081
509,2,8,0.6140444444444444,13816,0.6140444444444444,0.7139533881946143,0.09365806728607028
510,2,9,0.6161777777777778,13864,0.6161777777777778,0.718710262688309,0.09466107349978732
511,2,10,0.6168444444444444,13879,0.6168444444444444,0.7171945477052272,0.09237258287283595
512,2,11,0.6211555555555556,13976,0.6211555555555556,0.72293920582723,0.094095030041812
513,2,12,0.6238222222222222,14036,0.6238222222222222,0.7267931674552119,0.09403944016711165
514,2,13,0.6194666666666667,13938,0.6194666666666667,0.71914028811203,0.09270469958427902
515,2,14,0.6195555555555555,13940,0.6195555555555555,0.719373955451313,0.09230202870435944
516,2,15,0.6192444444444445,13933,0.6192444444444445,0.7197290116028872,0.09163140001990083
517,2,16,0.6174222222222222,13892,0.6174222222222222,0.7168139335514199,0.08976108038901365
518,2,17,0.6211111111111111,13975,0.6211111111111111,0.7195821084077596,0.09263449562500436
519,2,18,0.6228444444444444,14014,0.6228444444444444,0.7263278889957909,0.0941308737200662
520,2,19,0.6251555555555556,14066,0.6251555555555556,0.7244382703901506,0.0927558419691443
521,2,20,0.6219555555555556,13994,0.6219555555555556,0.7180977500106658,0.09330422036628473
522,2,21,0.6285333333333334,14142,0.6285333333333334,0.7270316866654525,0.09104271609370126
523,2,22,0.6268,14103,0.6268,0.7219667924598495,0.09099960046205617
524,2,23,0.6224888888888889,14006,0.6224888888888889,0.7252035553903055,0.09010103589328848
525,2,24,0.6232888888888889,14024,0.6232888888888889,0.7187955082574401,0.09126055598614699
526,2,25,0.6203555555555555,13958,0.6203555555555555,0.7172219240453813,0.09234449099087713
527,2,26,0.6238666666666667,14037,0.6238666666666667,0.7242976417262277,0.09448591304007727
528,2,27,0.6248444444444444,14059,0.6248444444444444,0.7300749616975821,0.09307726521403628
529,2,28,0.6232,14022,0.6232,0.726258667169289,0.09227439079445299
530,2,29,0.6195555555555555,13940,0.6195555555555555,0.7190737530447541,0.08984732792061252
531,2,30,0.6264,14094,0.6264,0.7313461897047042,0.09351551763306108
532,2,31,0.6181777777777778,13909,0.6181777777777778,0.7176826285415028,0.09100287550456637
533,2,32,0.6297333333333334,14169,0.6297333333333334,0.725856338395493,0.09193987894016059
534,2,33,0.6121333333333333,13773,0.6121333333333333,0.7132439249338988,0.08999320563534215
535,2,34,0.6199555555555556,13949,0.6199555555555556,0.7204391765942941,0.09148569657872146
536,2,35,0.6140444444444444,13816,0.6140444444444444,0.7131265916287753,0.09526131803621772
537,2,36,0.6159111111111111,13858,0.6159111111111111,0.7200261182408819,0.09158739518554046
538,2,37,0.6195555555555555,13940,0.6195555555555555,0.721721955193507,0.09330402784062346
539,2,38,0.6165333333333334,13872,0.6165333333333334,0.7138444421386163,0.09109072277971127
540,2,39,0.6135555555555555,13805,0.6135555555555555,0.7186381299085195,0.09144013419738961
541,2,40,0.6092888888888889,13709,0.6092888888888889,0.7111893648893873,0.09224142913021922
542,2,41,0.6219555555555556,13994,0.6219555555555556,0.7262426874689705,0.09266343276706365
543,2,42,0.6170666666666667,13884,0.6170666666666667,0.721102868569142,0.09284773543516248
544,2,43,0.6265777777777778,14098,0.6265777777777778,0.7271234053298686,0.09111697983337715
545,2,44,0.6259555555555556,14084,0.6259555555555556,0.7260859378407503,0.09093730828418396
546,2,45,0.6274222222222222,14117,0.6274222222222222,0.7281405752152382,0.09317857419441546
547,2,46,0.6197333333333334,13944,0.6197333333333334,0.718259206248655,0.09492085048736808
548,2,47,0.6192888888888889,13934,0.6192888888888889,0.7210926161001568,0.09413292087067321
549,2,48,0.6196888888888888,13943,0.6196888888888888,0.7220187464440395,0.09295678004882611
550,2,49,0.6071111111111112,13660,0.6071111111111112,0.7041185111801633,0.09177576468927723
551,2,50,0.6127111111111111,13786,0.6127111111111111,0.7151240584595754,0.09528872131390433
552,2,51,0.6215555555555555,13985,0.6215555555555555,0.7214422684278318,0.08907769731303046
553,2,52,0.6197777777777778,13945,0.6197777777777778,0.7142146099135211,0.09073185884027557
554,2,53,0.6230666666666667,14019,0.6230666666666667,0.7254432408900698,0.09462145988601046
555,2,54,0.6195555555555555,13940,0.6195555555555555,0.7115869345228499,0.08707772007071311
556,2,55,0.6279555555555556,14129,0.6279555555555556,0.7219255682059299,0.089356106772104
557,2,56,0.6164888888888889,13871,0.6164888888888889,0.7223980122167717,0.09319701377309766
558,2,57,0.6233777777777778,14026,0.6233777777777778,0.7236167980067976,0.09210642805751948
559,2,58,0.6131555555555556,13796,0.6131555555555556,0.7134283184165605,0.09177488944532851
560,2,59,0.6141333333333333,13818,0.6141333333333333,0.7126995545207749,0.09419068445080517
561,2,60,0.6176444444444444,13897,0.6176444444444444,0.7190836862904159,0.09421801829047152
562,2,61,0.6244888888888889,14051,0.6244888888888889,0.7221102020300714,0.09147983394102685
563,2,62,0.6215555555555555,13985,0.6215555555555555,0.7212513449314468,0.0901202958368633
564,2,63,0.6227111111111111,14011,0.6227111111111111,0.7252828721726818,0.09140547313755058
565,2,64,0.6240888888888889,14042,0.6240888888888889,0.7236319559192869,0.09217849219110637
566,2,65,0.622,13995,0.622,0.7282805899231555,0.09307604874867245
567,2,66,0.6142222222222222,13820,0.6142222222222222,0.711851259591732,0.08960401371600911
568,2,67,0.6233777777777778,14026,0.6233777777777778,0.7203422701047667,0.0915307678161406
569,2,68,0.6228888888888889,14015,0.6228888888888889,0.7188585060326187,0.08810263825656198
570,2,69,0.6098222222222223,13721,0.6098222222222223,0.7162037896381563,0.09298343644228403
571,2,70,0.6253333333333333,14070,0.6253333333333333,0.7218289806154222,0.09225392526792774
572,2,71,0.6321777777777777,14224,0.6321777777777777,0.7289329596168149,0.09132185930807522
573,2,72,0.6230222222222223,14018,0.6230222222222223,0.7245172995563541,0.09217717121840034
574,2,73,0.6200444444444444,13951,0.6200444444444444,0.7171800267148211,0.09302645568284111
575,2,74,0.6095111111111111,13714,0.6095111111111111,0.7184816097051815,0.09206895598314085
576,2,75,0.6218666666666667,13992,0.6218666666666667,0.7248815930393288,0.09487611291142946
577,2,76,0.6204444444444445,13960,0.6204444444444445,0.7187494335360624,0.09032516579883085
578,2,77,0.6203555555555555,13958,0.6203555555555555,0.7217182966322452,0.09143867856949042
579,2,78,0.6256888888888889,14078,0.6256888888888889,0.7204718668349741,0.0921654293292469
580,2,79,0.6212444444444445,13978,0.6212444444444445,0.723136768612854,0.09357216362694386
581,2,80,0.6108,13743,0.6108,0.7095457800828019,0.09230192820282312
582,2,81,0.6149777777777777,13837,0.6149777777777777,0.7253334855272385,0.09203086124605102
583,2,82,0.6220444444444444,13996,0.6220444444444444,0.7221882425080683,0.08936487320737264
584,2,83,0.6155555555555555,13850,0.6155555555555555,0.7191773077542971,0.09283067687478565
585,2,84,0.6201333333333333,13953,0.6201333333333333,0.7191471953156657,0.09128156450764503
586,2,85,0.6253333333333333,14070,0.6253333333333333,0.7267555138857735,0.09037378144736241
587,2,86,0.6160444444444444,13861,0.6160444444444444,0.7084043059737725,0.08947159974120877
588,2,87,0.62,13950,0.62,0.7235669907863386,0.09016388737092604
589,2,88,0.6136,13806,0.6136,0.715746073838504,0.09151636549011416
590,2,89,0.6238222222222222,14036,0.6238222222222222,0.7166367970268245,0.08953983492620782
591,2,90,0.6191555555555556,13931,0.6191555555555556,0.7226606915163118,0.09065978645690326
592,2,91,0.6276888888888889,14123,0.6276888888888889,0.7243141741892397,0.09311753773655689
593,2,92,0.6298666666666667,14172,0.6298666666666667,0.7364818228070924,0.0914321429983544
594,2,93,0.6218222222222223,13991,0.6218222222222223,0.7194673428547744,0.09047280953879566
595,2,94,0.6164888888888889,13871,0.6164888888888889,0.7102676511042922,0.08952289620440927
596,2,95,0.6262666666666666,14091,0.6262666666666666,0.7269166526094579,0.09205486698158555
597,2,96,0.6155111111111111,13849,0.6155111111111111,0.7150231631065761,0.09246778868695033
598,2,97,0.6231555555555556,14021,0.6231555555555556,0.7259707032824938,0.09582310590700453
599,2,98,0.6256,14076,0.6256,0.7230321929465189,0.0933322731610923
600,2,99,0.6193333333333333,13935,0.6193333333333333,0.7229949557393097,0.09179350239324897
601,2,100,0.6196888888888888,13943,0.6196888888888888,0.7154189006137299,0.09231972402150629
602,2,101,0.6167555555555555,13877,0.6167555555555555,0.714176003981612,0.0912516011136475
603,2,102,0.6216,13986,0.6216,0.7214061812157981,0.09138124497334056
604,2,103,0.6271111111111111,14110,0.6271111111111111,0.72807450880184,0.09220965627717315
605,2,104,0.6132,13797,0.6132,0.7109793916556358,0.09178698140013535
606,2,105,0.6261333333333333,14088,0.6261333333333333,0.7247726450317288,0.09426962602190632
607,2,106,0.6259555555555556,14084,0.6259555555555556,0.7260389351038407,0.09260567607855928
608,2,107,0.6232888888888889,14024,0.6232888888888889,0.7247680765804994,0.09320212916876054
609,2,108,0.6248444444444444,14059,0.6248444444444444,0.7274746365132476,0.09426695090346102
610,2,109,0.6174222222222222,13892,0.6174222222222222,0.7200631250969202,0.09406024862656329
611,2,110,0.6212888888888889,13979,0.6212888888888889,0.7225916657820343,0.09283769826357854
612,2,111,0.6249777777777777,14062,0.6249777777777777,0.7237371011327377,0.09158554787045457
613,2,112,0.6196,13941,0.6196,0.7171141400863018,0.0953369459897502
614,2,113,0.6199555555555556,13949,0.6199555555555556,0.7193881298774775,0.09292493680165476
615,2,114,0.6148444444444444,13834,0.6148444444444444,0.7145968021543071,0.09039231357932845
616,2,115,0.6136444444444444,13807,0.6136444444444444,0.7075831349313316,0.09102038703363888
617,2,116,0.6138222222222223,13811,0.6138222222222223,0.713187931074724,0.09013210721410508
618,2,117,0.6311555555555556,14201,0.6311555555555556,0.7321711308745674,0.08939338836848909
619,2,118,0.6170222222222222,13883,0.6170222222222222,0.7185136949895142,0.09209595952627446
620,2,119,0.6296444444444445,14167,0.6296444444444445,0.7201124240675766,0.09068662589338064
621,2,120,0.6140444444444444,13816,0.6140444444444444,0.7137690279561288,0.0899632739271739
622,2,121,0.6227555555555555,14012,0.6227555555555555,0.7230217488375933,0.0935540351139409
623,2,122,0.6189333333333333,13926,0.6189333333333333,0.7230501138671398,0.09468702447335445
624,2,123,0.6097333333333333,13719,0.6097333333333333,0.7181007084017642,0.09598208069253496
625,2,124,0.626,14085,0.626,0.7220648099661163,0.09406876176334505
626,2,125,0.6182222222222222,13910,0.6182222222222222,0.7158684180189023,0.0902833055042601
627,2,126,0.6192,13932,0.6192,0.7222900253936076,0.0946423111812174
628,2,127,0.6183555555555555,13913,0.6183555555555555,0.7214155356397896,0.09310611740344811
629,2,128,0.6224444444444445,14005,0.6224444444444445,0.7213102347671078,0.09480814863831334
630,2,129,0.6282222222222222,14135,0.6282222222222222,0.727357842022706,0.09229032416244085
631,2,130,0.6262222222222222,14090,0.6262222222222222,0.7199208128810367,0.09065012898773658
632,2,131,0.6306666666666667,14190,0.6306666666666667,0.7251169486437542,0.09114302715873604
633,2,132,0.6209777777777777,13972,0.6209777777777777,0.7178902377994723,0.09227701228322545
634,2,133,0.6220444444444444,13996,0.6220444444444444,0.7265872673101674,0.09554752222276194
635,2,134,0.6194666666666667,13938,0.6194666666666667,0.7251809977873468,0.09431453649177794
636,2,135,0.6203555555555555,13958,0.6203555555555555,0.7255534860415586,0.09324433518947535
637,2,136,0.6277333333333334,14124,0.6277333333333334,0.7269484843427086,0.09084484544418893
638,2,137,0.6172888888888889,13889,0.6172888888888889,0.7224852259734814,0.09108437649269165
639,2,138,0.6092888888888889,13709,0.6092888888888889,0.7104886414790427,0.09459361623001078
640,2,139,0.6111111111111112,13750,0.6111111111111112,0.7098591127014815,0.09170337760558858
641,2,140,0.6262666666666666,14091,0.6262666666666666,0.7276472508275525,0.0917578181219211
642,2,141,0.6254222222222222,14072,0.6254222222222222,0.7223120757911518,0.08911755712518578
643,2,142,0.6136444444444444,13807,0.6136444444444444,0.7118960966320708,0.09206512397769635
644,2,143,0.6242666666666666,14046,0.6242666666666666,0.7231270923532755,0.0918140890589215
645,2,144,0.6256888888888889,14078,0.6256888888888889,0.7206190483692368,0.09089683508623861
646,2,145,0.6248,14058,0.6248,0.732138258641292,0.0928171390402731
647,2,146,0.6210666666666667,13974,0.6210666666666667,0.7194538428115272,0.08922187653473927
648,2,147,0.6177333333333334,13899,0.6177333333333334,0.7133051338388035,0.0897459470105697
649,2,148,0.6116444444444444,13762,0.6116444444444444,0.7111151693427,0.09367171415078879
650,2,149,0.6264,14094,0.6264,0.7266103443092952,0.08951081014360311
651,2,150,0.6188888888888889,13925,0.6188888888888889,0.7164926746575216,0.08555620317718977
652,2,151,0.6145777777777778,13828,0.6145777777777778,0.715593811312018,0.09253683386492666
653,2,152,0.6228888888888889,14015,0.6228888888888889,0.7264767012769878,0.08873128006920164
654,2,153,0.6177333333333334,13899,0.6177333333333334,0.721608275443733,0.09338312644054053
655,2,154,0.6162222222222222,13865,0.6162222222222222,0.71940969260091,0.09344096905154982
656,2,155,0.6241777777777778,14044,0.6241777777777778,0.7208380312315341,0.09241661291541625
657,2,156,0.6256888888888889,14078,0.6256888888888889,0.7264357745321676,0.09098382559234108
658,2,157,0.6281333333333333,14133,0.6281333333333333,0.7261197325919387,0.09115190221572499
659,2,158,0.6156444444444444,13852,0.6156444444444444,0.7131801625355251,0.09323467105660298
660,2,159,0.612,13770,0.612,0.7092272407893825,0.09477241358697554
661,2,160,0.6246666666666667,14055,0.6246666666666667,0.7220974574110525,0.09294083495038624
662,2,161,0.6135555555555555,13805,0.6135555555555555,0.7156585791661392,0.09467860348733056
663,2,162,0.6234666666666666,14028,0.6234666666666666,0.7233549632065918,0.09074371691888375
664,2,163,0.6268888888888889,14105,0.6268888888888889,0.7244935244287758,0.09264475620036755
665,2,164,0.6134666666666667,13803,0.6134666666666667,0.7206115106154055,0.09461346908003042
666,2,165,0.6211111111111111,13975,0.6211111111111111,0.7169540943383645,0.09335833638216072
667,2,166,0.6276444444444444,14122,0.6276444444444444,0.7298153230162745,0.09372444620800359
668,2,167,0.6102666666666666,13731,0.6102666666666666,0.7105829246614942,0.09190039348648976
669,2,168,0.6228,14013,0.6228,0.719926930152403,0.09125849609760724
670,2,169,0.618,13905,0.618,0.716402411698611,0.09107769041085519
671,2,170,0.6187111111111111,13921,0.6187111111111111,0.7201724904096227,0.09315318456005113
672,2,171,0.6035555555555555,13580,0.6035555555555555,0.7144553524612645,0.0948999850071804
673,2,172,0.6106666666666667,13740,0.6106666666666667,0.7189625660069601,0.09280138191298544
674,2,173,0.6245777777777778,14053,0.6245777777777778,0.7232098235467779,0.09111088369235555
675,2,174,0.6192444444444445,13933,0.6192444444444445,0.7270794090264389,0.09420080909366725
676,2,175,0.616,13860,0.616,0.7131272322444484,0.09263909527256017
677,2,176,0.6127555555555556,13787,0.6127555555555556,0.7176072850360287,0.09338929584992613
678,2,177,0.6301333333333333,14178,0.6301333333333333,0.7247749313826889,0.08674992126149633
679,2,178,0.6162222222222222,13865,0.6162222222222222,0.7171239975194096,0.09405563849144101
680,2,179,0.6232888888888889,14024,0.6232888888888889,0.7278707647211762,0.0912821006892064
681,2,180,0.6208888888888889,13970,0.6208888888888889,0.7217319938503602,0.09268820444266773
682,2,181,0.6179555555555556,13904,0.6179555555555556,0.720214440082204,0.0900334136952574
683,2,182,0.6150666666666667,13839,0.6150666666666667,0.7116537636443164,0.09013012907936134
684,2,183,0.6239555555555556,14039,0.6239555555555556,0.7276599166924123,0.09086251763539556
685,2,184,0.6289777777777777,14152,0.6289777777777777,0.7241517247947776,0.09113539060105279
686,2,185,0.6198222222222223,13946,0.6198222222222223,0.7172802534680771,0.09088132002019245
687,2,186,0.6276,14121,0.6276,0.7268206246634229,0.0949838401663833
688,2,187,0.6259111111111111,14083,0.6259111111111111,0.7231382255838519,0.09343669274307681
689,2,188,0.6204888888888889,13961,0.6204888888888889,0.7219305372838067,0.09177770044629298
690,2,189,0.6241777777777778,14044,0.6241777777777778,0.722094006116164,0.09251234270380447
691,2,190,0.6150222222222222,13838,0.6150222222222222,0.7111700920564002,0.09387523363263132
692,2,191,0.6345333333333333,14277,0.6345333333333333,0.7340779379165578,0.0910724073927562
693,2,192,0.6244888888888889,14051,0.6244888888888889,0.723921963131847,0.09701121691191787
694,2,193,0.6130666666666666,13794,0.6130666666666666,0.7148526333860974,0.09201523608290745
695,2,194,0.6263555555555556,14093,0.6263555555555556,0.7188496376495062,0.09022997117903667
696,2,195,0.6250222222222223,14063,0.6250222222222223,0.7276686695410878,0.0939118484846598
697,2,196,0.6214666666666666,13983,0.6214666666666666,0.7259504095039316,0.09436700762285855
698,2,197,0.628,14130,0.628,0.724614827211832,0.09125661711715119
699,2,198,0.6140444444444444,13816,0.6140444444444444,0.7131051548331302,0.08815962218905414
700,2,199,0.6193777777777778,13936,0.6193777777777778,0.7129835048816011,0.08723874809584863
701,2,200,0.6168,13878,0.6168,0.720697581745924,0.09119029660134995
702,2,201,0.6278666666666667,14127,0.6278666666666667,0.7237881787726974,0.08963902769531978
703,2,202,0.6168444444444444,13879,0.6168444444444444,0.7205229871414862,0.09390496293473531
704,2,203,0.6114666666666667,13758,0.6114666666666667,0.7100681586393814,0.09323908263199934
705,2,204,0.6202222222222222,13955,0.6202222222222222,0.7260065577166279,0.09059171049896772
706,2,205,0.6214666666666666,13983,0.6214666666666666,0.7237608588832403,0.09060755519323026
707,2,206,0.6224,14004,0.6224,0.7219276254755391,0.09490623082969997
708,2,207,0.6175111111111111,13894,0.6175111111111111,0.7182648320937264,0.09234839590176333
709,2,208,0.6270666666666667,14109,0.6270666666666667,0.726470122872357,0.09165499205704693
710,2,209,0.6227555555555555,14012,0.6227555555555555,0.7266519255424597,0.095353778477677
711,2,210,0.6256888888888889,14078,0.6256888888888889,0.7165496716389426,0.08850020961829065
712,2,211,0.6127555555555556,13787,0.6127555555555556,0.7124871903957151,0.09310620916009917
713,2,212,0.6187111111111111,13921,0.6187111111111111,0.718929157910807,0.09097646725709818
714,2,213,0.6197777777777778,13945,0.6197777777777778,0.7235614571270247,0.09298751302665147
715,2,214,0.6239111111111111,14038,0.6239111111111111,0.7235045886798309,0.09333396232056991
716,2,215,0.6119111111111111,13768,0.6119111111111111,0.7140800067116877,0.09250918048638679
717,2,216,0.6260888888888889,14087,0.6260888888888889,0.7207195000512606,0.09058072376554029
718,2,217,0.6257333333333334,14079,0.6257333333333334,0.7196065197914036,0.09168709939685227
719,2,218,0.6221777777777778,13999,0.6221777777777778,0.7246265217393416,0.09483516591909183
720,2,219,0.6219111111111111,13993,0.6219111111111111,0.7202309079057564,0.09172414862087733
721,2,220,0.616,13860,0.616,0.7144234555155923,0.09253836898550011
722,2,221,0.6240444444444444,14041,0.6240444444444444,0.7294452018538796,0.09308223244217174
723,2,222,0.6188,13923,0.6188,0.7136946034819907,0.09005528653538648
724,2,223,0.6325333333333333,14232,0.6325333333333333,0.7304584372206238,0.09509453474953934
725,2,224,0.6215555555555555,13985,0.6215555555555555,0.7171559856812724,0.09167296004881723
726,2,225,0.6135555555555555,13805,0.6135555555555555,0.7179505252606102,0.0946571383193748
727,2,226,0.6201777777777778,13954,0.6201777777777778,0.7212787555063892,0.09039896417678811
728,2,227,0.6262666666666666,14091,0.6262666666666666,0.729928181261473,0.09032645974822005
729,2,228,0.6182666666666666,13911,0.6182666666666666,0.716262772988572,0.09408978882386612
730,2,229,0.6164,13869,0.6164,0.7262156668244331,0.0957074809754935
731,2,230,0.6226666666666667,14010,0.6226666666666667,0.7196534209497264,0.09029056758609924
732,2,231,0.6216888888888888,13988,0.6216888888888888,0.7247782833755619,0.09018768311972411
733,2,232,0.6161333333333333,13863,0.6161333333333333,0.7141547442911694,0.08978706594143955
734,2,233,0.6236,14031,0.6236,0.7203570516758404,0.09259297405131289
735,2,234,0.6154222222222222,13847,0.6154222222222222,0.7223896447451601,0.09253735210382338
736,2,235,0.6208444444444444,13969,0.6208444444444444,0.718302319701013,0.09230491426790499
737,2,236,0.6260444444444444,14086,0.6260444444444444,0.7264672510183391,0.09441531515352299
738,2,237,0.6288444444444444,14149,0.6288444444444444,0.7256760272630128,0.092605366978467
739,2,238,0.6273333333333333,14115,0.6273333333333333,0.7281302560985531,0.09223646025325684
740,2,239,0.6229333333333333,14016,0.6229333333333333,0.7182668930555951,0.09090327686082049
741,2,240,0.6213777777777778,13981,0.6213777777777778,0.7221252352723189,0.08976507394587219
742,2,241,0.6201333333333333,13953,0.6201333333333333,0.72102481564594,0.09044943550932522
743,2,242,0.6184888888888889,13916,0.6184888888888889,0.7234198243147151,0.09214515778797214
744,2,243,0.6189777777777777,13927,0.6189777777777777,0.7170153025019343,0.09133951496911655
745,2,244,0.6218666666666667,13992,0.6218666666666667,0.7247340191978706,0.09498076477610384
746,2,245,0.6226666666666667,14010,0.6226666666666667,0.7170842360562901,0.08868893804239922
747,2,246,0.6232888888888889,14024,0.6232888888888889,0.7230895006770847,0.09319822718191548
748,2,247,0.6162222222222222,13865,0.6162222222222222,0.722590145702249,0.09458845030174134
749,2,248,0.6128,13788,0.6128,0.7190088264935548,0.09282003161431271
750,2,249,0.6172444444444445,13888,0.6172444444444445,0.7166833124064035,0.09436622407962418
751,2,250,0.6234222222222222,14027,0.6234222222222222,0.7236529256793166,0.0965428180440067
752,2,251,0.624,14040,0.624,0.7227263895887887,0.09144826609365446
753,2,252,0.6204,13959,0.6204,0.7177029295303547,0.09370793591963353
754,2,253,0.6156,13851,0.6156,0.7140099052535653,0.09043987062533444
755,2,254,0.6242222222222222,14045,0.6242222222222222,0.7211584979129516,0.09250296473869989
756,2,255,0.6167111111111111,13876,0.6167111111111111,0.7208743772520002,0.09270830177147076
757,2,256,0.6205777777777778,13963,0.6205777777777778,0.7189806784945341,0.0934619204562097
758,2,257,0.6110222222222222,13748,0.6110222222222222,0.713808196125965,0.09371656084332106
759,2,258,0.622,13995,0.622,0.7219740707913586,0.09166718895335783
760,2,259,0.6074666666666667,13668,0.6074666666666667,0.7068787275258613,0.09356531034694981
761,2,260,0.6155111111111111,13849,0.6155111111111111,0.7185740356161209,0.09293744583743012
762,2,261,0.6199555555555556,13949,0.6199555555555556,0.7190739045508006,0.09125704706415017
763,2,262,0.6200444444444444,13951,0.6200444444444444,0.7190264940032217,0.0912840749798705
764,2,263,0.6239111111111111,14038,0.6239111111111111,0.7258384061691934,0.09138915275640404
765,2,264,0.6254222222222222,14072,0.6254222222222222,0.722957680500496,0.08962224884740475
766,2,265,0.6211555555555556,13976,0.6211555555555556,0.7194098032983869,0.09183479031735325
767,2,266,0.6122666666666666,13776,0.6122666666666666,0.7150842883479046,0.0967076034617891
768,2,267,0.6323111111111112,14227,0.6323111111111112,0.7287616759698857,0.09167344782918775
769,2,268,0.6304888888888889,14186,0.6304888888888889,0.7285117488398407,0.0911509731305099
770,2,269,0.6176,13896,0.6176,0.7204894786149276,0.09347603565659089
771,2,270,0.6241777777777778,14044,0.6241777777777778,0.7296300077337647,0.09411714647816315
772,2,271,0.6203111111111111,13957,0.6203111111111111,0.7280923565389693,0.09500845344555206
773,2,272,0.6242222222222222,14045,0.6242222222222222,0.7203956914839926,0.08994026890306547
774,2,273,0.6205777777777778,13963,0.6205777777777778,0.7240299522048714,0.08979629654548867
775,2,274,0.6207111111111111,13966,0.6207111111111111,0.7211248695979849,0.09408313218654397
776,2,275,0.6160888888888889,13862,0.6160888888888889,0.7144033983669272,0.09306954147717049
777,2,276,0.6189333333333333,13926,0.6189333333333333,0.7198699742494886,0.0940341433509594
778,2,277,0.6200444444444444,13951,0.6200444444444444,0.719832261452562,0.0926101483331223
779,2,278,0.6141333333333333,13818,0.6141333333333333,0.7153716229174133,0.0930634684806482
780,2,279,0.6230666666666667,14019,0.6230666666666667,0.7234753235300866,0.0903135539358472
781,2,280,0.6181777777777778,13909,0.6181777777777778,0.7196285778224298,0.09082289750481758
782,2,281,0.6200888888888889,13952,0.6200888888888889,0.7196848101119201,0.09498642731592268
783,2,282,0.6238222222222222,14036,0.6238222222222222,0.719585440153062,0.091437259472556
784,2,283,0.6289777777777777,14152,0.6289777777777777,0.7297061134247808,0.08979243650875404
785,2,284,0.6210666666666667,13974,0.6210666666666667,0.7197307002299395,0.09078266854292015
786,2,285,0.6161333333333333,13863,0.6161333333333333,0.7134623466952414,0.09181510447107448
787,2,286,0.6260888888888889,14087,0.6260888888888889,0.7236932558022865,0.09184312314541722
788,2,287,0.6213333333333333,13980,0.6213333333333333,0.7222162665727776,0.08858439345477709
789,2,288,0.6280444444444444,14131,0.6280444444444444,0.7292024903049756,0.09306038016992414
790,2,289,0.6180444444444444,13906,0.6180444444444444,0.7215896827231634,0.09557116282024931
791,2,290,0.6132888888888889,13799,0.6132888888888889,0.7191594373698822,0.09288419982560671
792,2,291,0.6149333333333333,13836,0.6149333333333333,0.7187168365868003,0.09392801338910638
793,2,292,0.6162666666666666,13866,0.6162666666666666,0.715677780801946,0.0934675852654882
794,2,293,0.6092444444444445,13708,0.6092444444444445,0.7090850175365812,0.09611068066606333
795,2,294,0.6142666666666666,13821,0.6142666666666666,0.7145270898139428,0.09152057298142653
796,2,295,0.6237777777777778,14035,0.6237777777777778,0.7188604552665171,0.09310923631872031
797,2,296,0.6262222222222222,14090,0.6262222222222222,0.717543780020075,0.09037787721189551
798,2,297,0.6231111111111111,14020,0.6231111111111111,0.7212666823454862,0.09154699131150781
799,2,298,0.6112,13752,0.6112,0.7188187346584082,0.09350155709013154
800,2,299,0.6127111111111111,13786,0.6127111111111111,0.7143368906303772,0.09033148958224568
801,2,300,0.6123111111111111,13777,0.6123111111111111,0.7133714740977524,0.09327726404306023
802,2,301,0.6243111111111111,14047,0.6243111111111111,0.7195171174643286,0.09262342157252286
803,2,302,0.6274222222222222,14117,0.6274222222222222,0.7310319319500023,0.09407915332905964
804,2,303,0.6278222222222222,14126,0.6278222222222222,0.725329566475074,0.09305443471880563
805,2,304,0.6145777777777778,13828,0.6145777777777778,0.7131304416875218,0.08998025414684123
806,2,305,0.6236444444444444,14032,0.6236444444444444,0.7203675726982617,0.09031212573510038
807,2,306,0.6217333333333334,13989,0.6217333333333334,0.7225153095195938,0.09161356036303472
808,2,307,0.6251555555555556,14066,0.6251555555555556,0.7307410581652231,0.09449091807256807
809,2,308,0.6207111111111111,13966,0.6207111111111111,0.7222145018613291,0.0940545493541841
810,2,309,0.6181333333333333,13908,0.6181333333333333,0.718159051370376,0.09320319857884035
811,2,310,0.6236,14031,0.6236,0.7292608627829202,0.09146101616858889
812,2,311,0.6222222222222222,14000,0.6222222222222222,0.7200829232532253,0.09208471340963544
813,2,312,0.6147111111111111,13831,0.6147111111111111,0.7120926953275172,0.09172958691568937
814,2,313,0.6197777777777778,13945,0.6197777777777778,0.7203080334694035,0.09125275389070905
815,2,314,0.6228888888888889,14015,0.6228888888888889,0.7267343913423991,0.09130824892518903
816,2,315,0.6182222222222222,13910,0.6182222222222222,0.717780518696872,0.09365652168515486
817,2,316,0.62,13950,0.62,0.7199623263220468,0.0923919240514654
818,2,317,0.6151111111111112,13840,0.6151111111111112,0.7151919513826667,0.09313048481833312
819,2,318,0.6258666666666667,14082,0.6258666666666667,0.7326359438739611,0.09791169779945963
820,2,319,0.6235555555555555,14030,0.6235555555555555,0.7274336936467366,0.09113931935476097
821,2,320,0.6157777777777778,13855,0.6157777777777778,0.718243034593097,0.0919734791391201
822,2,321,0.6219555555555556,13994,0.6219555555555556,0.7215003276062955,0.09350137953663147
823,2,322,0.6199111111111111,13948,0.6199111111111111,0.7198904430085974,0.09679358212890508
824,2,323,0.6243555555555556,14048,0.6243555555555556,0.7261657687391087,0.09307835611104738
825,2,324,0.6150222222222222,13838,0.6150222222222222,0.7206924636653572,0.09718465659369079
826,2,325,0.6272,14112,0.6272,0.7257282113437382,0.0906520615751576
827,2,326,0.6252888888888889,14069,0.6252888888888889,0.7237699319231119,0.08963240927094951
828,2,327,0.6225333333333334,14007,0.6225333333333334,0.7268279761541045,0.09172654251652088
829,2,328,0.6227111111111111,14011,0.6227111111111111,0.7239023843797218,0.09192541600908186
830,2,329,0.6231111111111111,14020,0.6231111111111111,0.7243947601825484,0.09500818524376899
831,2,330,0.6312,14202,0.6312,0.7252097041191066,0.08994932005884508
832,2,331,0.6176444444444444,13897,0.6176444444444444,0.7216746318959835,0.09324822196063774
833,2,332,0.6134666666666667,13803,0.6134666666666667,0.7104509401128454,0.08969997723723601
834,2,333,0.6210666666666667,13974,0.6210666666666667,0.7197035519059217,0.09204973403046522
835,2,334,0.6154222222222222,13847,0.6154222222222222,0.7180690789211316,0.09469901109619316
836,2,335,0.6289333333333333,14151,0.6289333333333333,0.7256328040437645,0.09220599794040467
837,2,336,0.626,14085,0.626,0.7222164600360576,0.09285747419317816
838,2,337,0.6151555555555556,13841,0.6151555555555556,0.7158981493639018,0.09472329024724274
839,2,338,0.6156888888888888,13853,0.6156888888888888,0.7176896245719135,0.09341613097900889
840,2,339,0.6164888888888889,13871,0.6164888888888889,0.7160650743610484,0.09019636534015678
841,2,340,0.6250666666666667,14064,0.6250666666666667,0.7263814168838504,0.0913534804432396
842,2,341,0.6166222222222222,13874,0.6166222222222222,0.7203498175498881,0.09332845155479808
843,2,342,0.6215111111111111,13984,0.6215111111111111,0.7262041581845918,0.09370326006697562
844,2,343,0.6156,13851,0.6156,0.7138740652067378,0.09249323532693053
845,2,344,0.6169777777777777,13882,0.6169777777777777,0.7211466815026739,0.09171416234969786
846,2,345,0.6243555555555556,14048,0.6243555555555556,0.7225032638255212,0.09024937463173187
847,2,346,0.6171555555555556,13886,0.6171555555555556,0.7173348368629088,0.09320682055925746
848,2,347,0.6218222222222223,13991,0.6218222222222223,0.719600401432709,0.09227973692240105
849,2,348,0.6230666666666667,14019,0.6230666666666667,0.7157442499778551,0.08916477319847191
850,2,349,0.6185333333333334,13917,0.6185333333333334,0.7056686535232263,0.0923019568727924
851,2,350,0.6116888888888888,13763,0.6116888888888888,0.7015856101863729,0.09315789710296277
852,2,351,0.6159555555555556,13859,0.6159555555555556,0.7229103036726953,0.0931747320340339
853,2,352,0.6165333333333334,13872,0.6165333333333334,0.7166594964545032,0.09239884081155884
854,2,353,0.624,14040,0.624,0.7215000163697741,0.09250032027609323
855,2,354,0.6133777777777778,13801,0.6133777777777778,0.7162089618655064,0.09216015064743108
856,2,355,0.6193777777777778,13936,0.6193777777777778,0.7148065936068123,0.09042727368619893
857,2,356,0.6207111111111111,13966,0.6207111111111111,0.7228835113851049,0.0916017144494084
858,2,357,0.6256888888888889,14078,0.6256888888888889,0.7298973298953633,0.09263622046529062
859,2,358,0.6186666666666667,13920,0.6186666666666667,0.7168730500274486,0.09266892604516724
860,2,359,0.6227555555555555,14012,0.6227555555555555,0.7270611715123952,0.0909011595036523
861,2,360,0.6206666666666667,13965,0.6206666666666667,0.7195007257451692,0.09076273363172932
862,2,361,0.6272888888888889,14114,0.6272888888888889,0.7243622443606396,0.09151055502795526
863,2,362,0.6167555555555555,13877,0.6167555555555555,0.7233441222242404,0.09588541663271659
864,2,363,0.6208888888888889,13970,0.6208888888888889,0.7208086247750708,0.09282945772608711
865,2,364,0.6223111111111111,14002,0.6223111111111111,0.7230870577330816,0.09183830747743477
866,2,365,0.6243111111111111,14047,0.6243111111111111,0.721833594570192,0.09156347482420205
867,2,366,0.6258666666666667,14082,0.6258666666666667,0.7220442404864716,0.09009796363527682
868,2,367,0.6150666666666667,13839,0.6150666666666667,0.7132288362652152,0.09093048944195864
869,2,368,0.6231111111111111,14020,0.6231111111111111,0.719895351264708,0.09159657723720069
870,2,369,0.6116444444444444,13762,0.6116444444444444,0.7197191701610541,0.0945801460192551
871,2,370,0.6158666666666667,13857,0.6158666666666667,0.7156126204955168,0.08996860720108313
872,2,371,0.6202666666666666,13956,0.6202666666666666,0.7213991680135969,0.08844170569825202
873,2,372,0.6161333333333333,13863,0.6161333333333333,0.7134926921572383,0.09226050757794675
874,2,373,0.6179555555555556,13904,0.6179555555555556,0.7212196710089093,0.0928090349481384
875,2,374,0.6237777777777778,14035,0.6237777777777778,0.7261557811082037,0.09283993910255993
876,2,375,0.6168888888888889,13880,0.6168888888888889,0.7167955417610127,0.09371754069757919
877,2,376,0.6229777777777777,14017,0.6229777777777777,0.7247796047852264,0.09312116506316666
878,2,377,0.6232444444444445,14023,0.6232444444444445,0.7170547400499693,0.08918102566162807
879,2,378,0.6208888888888889,13970,0.6208888888888889,0.720616380480857,0.09182599447266344
880,2,379,0.6276,14121,0.6276,0.7255813611241473,0.09298237887653056
881,2,380,0.6229777777777777,14017,0.6229777777777777,0.7238427094027162,0.09022624834934938
882,2,381,0.6157777777777778,13855,0.6157777777777778,0.7152091017925596,0.09269827115801484
883,2,382,0.6068444444444444,13654,0.6068444444444444,0.7110251317594937,0.09182784405430809
884,2,383,0.6191555555555556,13931,0.6191555555555556,0.7174011355686024,0.09053403908732477
885,2,384,0.6229777777777777,14017,0.6229777777777777,0.7232687548550153,0.0934532228335422
886,2,385,0.6219555555555556,13994,0.6219555555555556,0.725607905783988,0.09422716250977292
887,2,386,0.6259555555555556,14084,0.6259555555555556,0.7129065709841605,0.09094982755659087
888,2,387,0.6210222222222223,13973,0.6210222222222223,0.7279343155662107,0.09561273159755866
889,2,388,0.6260444444444444,14086,0.6260444444444444,0.7255040792661895,0.09155594892530335
890,2,389,0.6139555555555556,13814,0.6139555555555556,0.7181963794301777,0.09221768356077217
891,2,390,0.6225333333333334,14007,0.6225333333333334,0.7198554398830045,0.09052338619341571
892,2,391,0.6181777777777778,13909,0.6181777777777778,0.7157943228952576,0.09173532612062547
893,2,392,0.6185333333333334,13917,0.6185333333333334,0.7193342635212022,0.09034355823999535
894,2,393,0.6248888888888889,14060,0.6248888888888889,0.7307099386987788,0.09248918694265743
895,2,394,0.6263111111111112,14092,0.6263111111111112,0.725336216351136,0.08816611715622408
896,2,395,0.6205333333333334,13962,0.6205333333333334,0.7184400567417563,0.09174449869407794
897,2,396,0.6205333333333334,13962,0.6205333333333334,0.7231311938145591,0.09634023872498557
898,2,397,0.6174666666666667,13893,0.6174666666666667,0.7175144286146622,0.09074237710371233
899,2,398,0.6228888888888889,14015,0.6228888888888889,0.7251140817190318,0.09211080822081351
900,2,399,0.6241333333333333,14043,0.6241333333333333,0.7245596788231828,0.09054809367420152
901,2,400,0.6184444444444445,13915,0.6184444444444445,0.7239846471602308,0.09499905323860179
902,2,401,0.6216444444444444,13987,0.6216444444444444,0.7181022481086621,0.08754941626323877
903,2,402,0.6248444444444444,14059,0.6248444444444444,0.7263956448701595,0.09304092437939115
904,2,403,0.6220444444444444,13996,0.6220444444444444,0.7189657608798053,0.08820475056372637
905,2,404,0.6164,13869,0.6164,0.7185919561267091,0.093107641383579
906,2,405,0.6268888888888889,14105,0.6268888888888889,0.7315652682467463,0.09098376101708101
907,2,406,0.6289333333333333,14151,0.6289333333333333,0.7267466074981282,0.08982976336797181
908,2,407,0.6221777777777778,13999,0.6221777777777778,0.7214652057041131,0.09065978247660876
909,2,408,0.6208444444444444,13969,0.6208444444444444,0.7300916529242625,0.09216205440647277
910,2,409,0.6169777777777777,13882,0.6169777777777777,0.7168105839834437,0.09310671824835029
911,2,410,0.6143111111111111,13822,0.6143111111111111,0.7177439663119707,0.09044318132018164
912,2,411,0.6211555555555556,13976,0.6211555555555556,0.7277246553975876,0.08949360876220094
913,2,412,0.6212888888888889,13979,0.6212888888888889,0.7194063595641754,0.08983858527486542
914,2,413,0.6178666666666667,13902,0.6178666666666667,0.7181306033153638,0.08914977477984883
915,2,414,0.6202222222222222,13955,0.6202222222222222,0.7064566024466046,0.08678536057301783
916,2,415,0.6244444444444445,14050,0.6244444444444445,0.7158183316936938,0.0896652412075833
917,2,416,0.6164888888888889,13871,0.6164888888888889,0.7132564299768421,0.09378459395252542
918,2,417,0.6258666666666667,14082,0.6258666666666667,0.7259872555129323,0.09253703282406583
919,2,418,0.6165777777777778,13873,0.6165777777777778,0.717076542158538,0.09355182892701512
920,2,419,0.6224444444444445,14005,0.6224444444444445,0.7237158068566468,0.0895071527684891
921,2,420,0.6284888888888889,14141,0.6284888888888889,0.7257621776207543,0.09226412662522772
922,2,421,0.6147555555555556,13832,0.6147555555555556,0.7168863782233614,0.09121569586169274
923,2,422,0.6146666666666667,13830,0.6146666666666667,0.7186099758051199,0.09162396699288038
924,2,423,0.6174222222222222,13892,0.6174222222222222,0.7204695389927501,0.092633346020879
925,2,424,0.6228444444444444,14014,0.6228444444444444,0.7214134396023393,0.09298476085656497
926,2,425,0.6307111111111111,14191,0.6307111111111111,0.7306007860165005,0.09279323391406831
927,2,426,0.6312,14202,0.6312,0.7303621469877557,0.09351473529652536
928,2,427,0.6129777777777777,13792,0.6129777777777777,0.7165604916909424,0.08962148508936779
929,2,428,0.6244,14049,0.6244,0.7268532155891294,0.09410721727696705
930,2,429,0.6209777777777777,13972,0.6209777777777777,0.7189948163739479,0.09169771095673174
931,2,430,0.6148444444444444,13834,0.6148444444444444,0.7271954063675724,0.09773751858465102
932,2,431,0.6250222222222223,14063,0.6250222222222223,0.7240317550121723,0.08894460479071131
933,2,432,0.6153777777777778,13846,0.6153777777777778,0.7218461723888457,0.09459137672740689
934,2,433,0.6176444444444444,13897,0.6176444444444444,0.7170475163918326,0.09484791010432406
935,2,434,0.6247111111111111,14056,0.6247111111111111,0.719120969130902,0.09332978991442605
936,2,435,0.6296,14166,0.6296,0.7289656184118509,0.09241903839959717
937,2,436,0.6195555555555555,13940,0.6195555555555555,0.7171896538145301,0.09143417314217378
938,2,437,0.6239111111111111,14038,0.6239111111111111,0.7205207975824169,0.09076549824646798
939,2,438,0.6161333333333333,13863,0.6161333333333333,0.7224289103892103,0.09054587971694598
940,2,439,0.6184444444444445,13915,0.6184444444444445,0.7229243312677102,0.09158692868182493
941,2,440,0.6220888888888889,13997,0.6220888888888889,0.7227855107329602,0.09140542463325246
942,2,441,0.6208888888888889,13970,0.6208888888888889,0.7168115061925501,0.09020445180414968
943,2,442,0.622,13995,0.622,0.7222832608152902,0.09334335669869709
944,2,443,0.6169777777777777,13882,0.6169777777777777,0.7231631848016953,0.09324270601719375
945,2,444,0.6223555555555556,14003,0.6223555555555556,0.7190015906630827,0.09198599013411941
946,2,445,0.6273333333333333,14115,0.6273333333333333,0.7230406731867922,0.09181365334973265
947,2,446,0.6139555555555556,13814,0.6139555555555556,0.7188194719140881,0.09303577190494948
948,2,447,0.6273777777777778,14116,0.6273777777777778,0.7267764312343961,0.09071680600089028
949,2,448,0.6155555555555555,13850,0.6155555555555555,0.7215164190669349,0.09423804082226342
950,2,449,0.6070222222222222,13658,0.6070222222222222,0.709500269693808,0.09334858767066008
951,2,450,0.6188444444444444,13924,0.6188444444444444,0.715753835019405,0.0923032416890526
952,2,451,0.6164888888888889,13871,0.6164888888888889,0.7193123133819055,0.09069711606725306
953,2,452,0.6268444444444444,14104,0.6268444444444444,0.7183972084218556,0.0913709222709335
954,2,453,0.6206222222222222,13964,0.6206222222222222,0.71792857314163,0.09144478559932409
955,2,454,0.6290666666666667,14154,0.6290666666666667,0.727819814780848,0.09232400900596259
956,2,455,0.6144,13824,0.6144,0.7173602047081177,0.09210907313041058
957,2,456,0.6249777777777777,14062,0.6249777777777777,0.7259551166972955,0.09326650002988651
958,2,457,0.6174222222222222,13892,0.6174222222222222,0.716438145750479,0.0944994626784216
959,2,458,0.6091111111111112,13705,0.6091111111111112,0.7099526918067858,0.09463239124973609
960,2,459,0.6268888888888889,14105,0.6268888888888889,0.7293821008833132,0.09432676820064193
961,2,460,0.6188888888888889,13925,0.6188888888888889,0.7272118517133562,0.09361669764717286
962,2,461,0.6192,13932,0.6192,0.718477797032045,0.09313861464527208
963,2,462,0.6226666666666667,14010,0.6226666666666667,0.7201812149581633,0.09088299169618475
964,2,463,0.6095111111111111,13714,0.6095111111111111,0.7104377788364565,0.09243383613511519
965,2,464,0.6150666666666667,13839,0.6150666666666667,0.7144772130905324,0.0918512948615383
966,2,465,0.6089333333333333,13701,0.6089333333333333,0.7120107345932041,0.09136426364994128
967,2,466,0.6232888888888889,14024,0.6232888888888889,0.719056822324547,0.08827541280128429
968,2,467,0.6240888888888889,14042,0.6240888888888889,0.7211554160976322,0.09035938668764004
969,2,468,0.6183555555555555,13913,0.6183555555555555,0.7246399801167738,0.09377077925683368
970,2,469,0.6151111111111112,13840,0.6151111111111112,0.7149513204272708,0.08955819689153136
971,2,470,0.6346666666666667,14280,0.6346666666666667,0.7268949116182001,0.08721662765068115
972,2,471,0.6121777777777778,13774,0.6121777777777778,0.7085681094631643,0.0941268243641247
973,2,472,0.6334222222222222,14252,0.6334222222222222,0.7333134093631231,0.09310208438158124
974,2,473,0.6247555555555555,14057,0.6247555555555555,0.717791822773406,0.08974852020088055
975,2,474,0.6149333333333333,13836,0.6149333333333333,0.7129317242652417,0.09033261036868626
976,2,475,0.6201333333333333,13953,0.6201333333333333,0.7218522365420024,0.090911932525657
977,2,476,0.6262666666666666,14091,0.6262666666666666,0.720908592666138,0.08895887705676256
978,2,477,0.6176888888888888,13898,0.6176888888888888,0.7210867519233307,0.09129602023462362
979,2,478,0.6137777777777778,13810,0.6137777777777778,0.7127129471265147,0.09462460800317245
980,2,479,0.6214222222222222,13982,0.6214222222222222,0.7238929531821267,0.09282508656650235
981,2,480,0.6147555555555556,13832,0.6147555555555556,0.7105770539217676,0.09154218017001613
982,2,481,0.6214222222222222,13982,0.6214222222222222,0.7204240083287092,0.09153310134629997
983,2,482,0.6156888888888888,13853,0.6156888888888888,0.7087327613253978,0.09218124899983003
984,2,483,0.6296888888888889,14168,0.6296888888888889,0.7326626582116239,0.09105086692422149
985,2,484,0.6259111111111111,14083,0.6259111111111111,0.7248231536354713,0.09210586875177224
986,2,485,0.6212888888888889,13979,0.6212888888888889,0.7248819269684511,0.09188774850307152
987,2,486,0.6100444444444444,13726,0.6100444444444444,0.7102213738944178,0.09191907331290365
988,2,487,0.6305777777777778,14188,0.6305777777777778,0.7271205816748184,0.08942421626827096
989,2,488,0.6205333333333334,13962,0.6205333333333334,0.7180157312711078,0.08951960812318693
990,2,489,0.6156888888888888,13853,0.6156888888888888,0.708355195767025,0.09015913183391909
991,2,490,0.6156,13851,0.6156,0.7175437544321801,0.09282588286146914
992,2,491,0.6137777777777778,13810,0.6137777777777778,0.7133898085956982,0.09028010256885804
993,2,492,0.6139555555555556,13814,0.6139555555555556,0.7200818407307817,0.09355097297567297
994,2,493,0.6215111111111111,13984,0.6215111111111111,0.7272638612478545,0.09350393806672828
995,2,494,0.6244888888888889,14051,0.6244888888888889,0.7251548223532029,0.09258294194298933
996,2,495,0.6155555555555555,13850,0.6155555555555555,0.715783874755173,0.09089391461444501
997,2,496,0.6225333333333334,14007,0.6225333333333334,0.7198974321220073,0.09301170131833303
998,2,497,0.6236888888888888,14033,0.6236888888888888,0.7208092471232135,0.08975073660538684
999,2,498,0.6336444444444445,14257,0.6336444444444445,0.7290490570570063,0.08938196502016477
1000,2,499,0.6242222222222222,14045,0.6242222222222222,0.7275764614194086,0.08950401707042446
1001,4,0,0.6634666666666666,14928,0.6634666666666666,0.782704951142594,0.07752290842399914
1002,4,1,0.6653777777777777,14971,0.6653777777777777,0.7890697291362706,0.0808300395224709
1003,4,2,0.6664444444444444,14995,0.6664444444444444,0.7856816360670643,0.0781641115523579
1004,4,3,0.6707111111111111,15091,0.6707111111111111,0.7862527788795343,0.07631220704128507
1005,4,4,0.6688444444444445,15049,0.6688444444444445,0.7899991909737738,0.07861360662732568
1006,4,5,0.6649333333333334,14961,0.6649333333333334,0.7808367175484023,0.07681485521690444
1007,4,6,0.668,15030,0.668,0.7857889545831853,0.07773649632287374
1008,4,7,0.6633777777777777,14926,0.6633777777777777,0.7846233866177688,0.07749851627696748
1009,4,8,0.6671555555555555,15011,0.6671555555555555,0.7835608132418319,0.07561199017228144
1010,4,9,0.6666222222222222,14999,0.6666222222222222,0.7820754119831587,0.07378909249117584
1011,4,10,0.6711555555555555,15101,0.6711555555555555,0.7867114696186723,0.07580229758911596
1012,4,11,0.6641777777777778,14944,0.6641777777777778,0.7804474821593929,0.07861821805656473
1013,4,12,0.6656,14976,0.6656,0.7833379746301375,0.07770567830544427
1014,4,13,0.6709333333333334,15096,0.6709333333333334,0.7891439771904493,0.07703599233592699
1015,4,14,0.6624888888888889,14906,0.6624888888888889,0.7790006692816499,0.07676618799277907
1016,4,15,0.6658222222222222,14981,0.6658222222222222,0.7828580813660273,0.07933114066686583
1017,4,16,0.6642666666666667,14946,0.6642666666666667,0.7807550909753106,0.07877517227133475
1018,4,17,0.6696,15066,0.6696,0.7800560272890124,0.07510952868696542
1019,4,18,0.6641777777777778,14944,0.6641777777777778,0.7864875755665124,0.08033451738356087
1020,4,19,0.6668888888888889,15005,0.6668888888888889,0.790165594756642,0.08011420370532263
1021,4,20,0.6671555555555555,15011,0.6671555555555555,0.7849689695317176,0.07764754002573718
1022,4,21,0.6666222222222222,14999,0.6666222222222222,0.7825969236846363,0.07814231967788109
1023,4,22,0.6681777777777778,15034,0.6681777777777778,0.7899819768866532,0.07981293484739922
1024,4,23,0.6626222222222222,14909,0.6626222222222222,0.778835375940731,0.07841280576145541
1025,4,24,0.6637777777777778,14935,0.6637777777777778,0.7789502134076699,0.07901447359019975
1026,4,25,0.6654222222222222,14972,0.6654222222222222,0.7837912214737515,0.07811048990605642
1027,4,26,0.6679555555555555,15029,0.6679555555555555,0.7852057528692645,0.07774636228803629
1028,4,27,0.6692444444444444,15058,0.6692444444444444,0.7884989279539965,0.08031412174075292
1029,4,28,0.6653333333333333,14970,0.6653333333333333,0.7888587683393636,0.07967631247425691
1030,4,29,0.6669777777777778,15007,0.6669777777777778,0.7871948677125852,0.07870750912214408
1031,4,30,0.6676,15021,0.6676,0.7872553063295932,0.07794969919406476
1032,4,31,0.6610666666666667,14874,0.6610666666666667,0.7796170201750625,0.08084290252395467
1033,4,32,0.6617333333333333,14889,0.6617333333333333,0.7821979320501907,0.07677494881322548
1034,4,33,0.6604,14859,0.6604,0.7843407170365331,0.07947216952148782
1035,4,34,0.6648888888888889,14960,0.6648888888888889,0.7820827141616822,0.07801179958439225
1036,4,35,0.6614222222222222,14882,0.6614222222222222,0.7855962327577609,0.07969206039731186
1037,4,36,0.6628888888888889,14915,0.6628888888888889,0.7829036710225366,0.07687296533614615
1038,4,37,0.6712,15102,0.6712,0.7844801159963732,0.07597361262891814
1039,4,38,0.6663555555555556,14993,0.6663555555555556,0.7860807842641371,0.07885876548469666
1040,4,39,0.6643555555555556,14948,0.6643555555555556,0.7819248234860215,0.07515663790087809
1041,4,40,0.6625333333333333,14907,0.6625333333333333,0.7756222968351316,0.07708245957820721
1042,4,41,0.6636888888888889,14933,0.6636888888888889,0.7775418976516042,0.07531476676918347
1043,4,42,0.6630666666666667,14919,0.6630666666666667,0.7841763448094812,0.08044480679551373
1044,4,43,0.6647111111111111,14956,0.6647111111111111,0.7822144896159392,0.07912793629690372
1045,4,44,0.6634666666666666,14928,0.6634666666666666,0.7760863595773181,0.07597840169827974
1046,4,45,0.6626222222222222,14909,0.6626222222222222,0.7832239563738707,0.07886690119009697
1047,4,46,0.6694666666666667,15063,0.6694666666666667,0.7897048638974267,0.07796447190805475
1048,4,47,0.6651555555555556,14966,0.6651555555555556,0.7795415437863152,0.0741587012438107
1049,4,48,0.6637777777777778,14935,0.6637777777777778,0.7816119769274504,0.07826830917806207
1050,4,49,0.6653333333333333,14970,0.6653333333333333,0.7800185822766741,0.07447381511819408
1051,4,50,0.6687111111111111,15046,0.6687111111111111,0.782359950244574,0.07728708736092586
1052,4,51,0.6676888888888889,15023,0.6676888888888889,0.7870685761467676,0.0790665824306605
1053,4,52,0.6660888888888888,14987,0.6660888888888888,0.7849541807077595,0.07926293917110791
1054,4,53,0.6678222222222222,15026,0.6678222222222222,0.7854634380092379,0.07541437061126804
1055,4,54,0.6666666666666666,15000,0.6666666666666666,0.786187053147052,0.07770080876581921
1056,4,55,0.6647555555555555,14957,0.6647555555555555,0.7858629704047425,0.07725946604489953
1057,4,56,0.6632444444444444,14923,0.6632444444444444,0.7824718181916359,0.07871981977466105
1058,4,57,0.6682666666666667,15036,0.6682666666666667,0.7798082841456291,0.07565843677552316
1059,4,58,0.6720444444444444,15121,0.6720444444444444,0.7862784242554788,0.07684705948581184
1060,4,59,0.6700888888888888,15077,0.6700888888888888,0.7857130674001211,0.0766900701932241
1061,4,60,0.6686666666666666,15045,0.6686666666666666,0.7865520682830063,0.07650033882004095
1062,4,61,0.6613777777777777,14881,0.6613777777777777,0.7803072015305857,0.0776070485475788
1063,4,62,0.6644888888888889,14951,0.6644888888888889,0.7831685530355105,0.07631429824905607
1064,4,63,0.6701333333333334,15078,0.6701333333333334,0.790170927010806,0.07955052150738247
1065,4,64,0.6660444444444444,14986,0.6660444444444444,0.7869161792916279,0.0778701221284898
1066,4,65,0.6676888888888889,15023,0.6676888888888889,0.7854884063670606,0.07390760099441239
1067,4,66,0.6627111111111111,14911,0.6627111111111111,0.7806170939422608,0.07791253740438757
1068,4,67,0.6677333333333333,15024,0.6677333333333333,0.7827175749931813,0.07550060608279413
1069,4,68,0.6673333333333333,15015,0.6673333333333333,0.7865278119639029,0.07751551367572751
1070,4,69,0.6652888888888889,14969,0.6652888888888889,0.7769094565145633,0.07567589617247247
1071,4,70,0.6680888888888888,15032,0.6680888888888888,0.7856864195593328,0.07753070158398169
1072,4,71,0.6720888888888888,15122,0.6720888888888888,0.7868809758233966,0.07533563567357203
1073,4,72,0.6682222222222223,15035,0.6682222222222223,0.7865859745666092,0.0767504014434936
1074,4,73,0.6689333333333334,15051,0.6689333333333334,0.7844679958118755,0.0782878922914911
1075,4,74,0.6670222222222222,15008,0.6670222222222222,0.7778865991358968,0.07477076925992471
1076,4,75,0.6566222222222222,14774,0.6566222222222222,0.773968421202356,0.08053479506150672
1077,4,76,0.6604,14859,0.6604,0.7812190371228112,0.07816799034577293
1078,4,77,0.6660444444444444,14986,0.6660444444444444,0.7834037190465072,0.07972144766180374
1079,4,78,0.6629333333333334,14916,0.6629333333333334,0.781862148212788,0.07955236373883788
1080,4,79,0.6633777777777777,14926,0.6633777777777777,0.7800672409865295,0.0769191150220808
1081,4,80,0.6653777777777777,14971,0.6653777777777777,0.785313103637608,0.07636277214267688
1082,4,81,0.6649333333333334,14961,0.6649333333333334,0.78461388394577,0.07817531795773387
1083,4,82,0.6712444444444444,15103,0.6712444444444444,0.7847972920713093,0.07475214573203628
1084,4,83,0.6690222222222222,15053,0.6690222222222222,0.7878200568735482,0.07558146460066578
1085,4,84,0.662,14895,0.662,0.7781518701560987,0.07813329389459436
1086,4,85,0.6678222222222222,15026,0.6678222222222222,0.7821549273846231,0.07707021703141276
1087,4,86,0.6682222222222223,15035,0.6682222222222223,0.7889603554065373,0.07917103990458131
1088,4,87,0.6665777777777778,14998,0.6665777777777778,0.7844041458658688,0.0797036053080234
1089,4,88,0.6638222222222222,14936,0.6638222222222222,0.7771329767754851,0.0774461850470176
1090,4,89,0.6708444444444445,15094,0.6708444444444445,0.7870755378675616,0.07461935055414474
1091,4,90,0.6723555555555556,15128,0.6723555555555556,0.7885709782318814,0.07533129711328986
1092,4,91,0.6688,15048,0.6688,0.790889375323269,0.07788700995913246
1093,4,92,0.6572888888888889,14789,0.6572888888888889,0.7768664534824139,0.07873830211780455
1094,4,93,0.6695111111111111,15064,0.6695111111111111,0.7865180461133534,0.07728921156824704
1095,4,94,0.6665333333333333,14997,0.6665333333333333,0.7840084665461848,0.07721131090964198
1096,4,95,0.664,14940,0.664,0.7837965850856159,0.07911203880685565
1097,4,96,0.6610666666666667,14874,0.6610666666666667,0.7812129086780945,0.07806789745354564
1098,4,97,0.6682666666666667,15036,0.6682666666666667,0.7835801181886324,0.0796664447553141
1099,4,98,0.6703555555555556,15083,0.6703555555555556,0.7898354293225581,0.0756208721202184
1100,4,99,0.6616,14886,0.6616,0.7823917919964983,0.07848348076664635
1101,4,100,0.6684444444444444,15040,0.6684444444444444,0.7872848705146406,0.07933424070855377
1102,4,101,0.6725333333333333,15132,0.6725333333333333,0.7868187313780589,0.07548298290654289
1103,4,102,0.6649777777777778,14962,0.6649777777777778,0.7846359862139842,0.0768810223612693
1104,4,103,0.6685333333333333,15042,0.6685333333333333,0.7842544206404187,0.07897443070872782
1105,4,104,0.6685777777777778,15043,0.6685777777777778,0.78818252576207,0.07752941977082618
1106,4,105,0.6717777777777778,15115,0.6717777777777778,0.7875769689496698,0.07782360196865422
1107,4,106,0.6651111111111111,14965,0.6651111111111111,0.7833573006450183,0.07760178275142372
1108,4,107,0.6657333333333333,14979,0.6657333333333333,0.7842744618963828,0.07639451137499925
1109,4,108,0.6673777777777777,15016,0.6673777777777777,0.7840024810434997,0.07844384714111753
1110,4,109,0.6616,14886,0.6616,0.7836806654729336,0.07900909751575964
1111,4,110,0.6663555555555556,14993,0.6663555555555556,0.7871271708579873,0.07884772632213498
1112,4,111,0.6674666666666667,15018,0.6674666666666667,0.7832685608203995,0.07665589682412141
1113,4,112,0.6722666666666667,15126,0.6722666666666667,0.7899446293507812,0.07534205642508449
1114,4,113,0.6652,14967,0.6652,0.7815612445701233,0.0795500474344212
1115,4,114,0.668,15030,0.668,0.7899231352638009,0.07743682537030243
1116,4,115,0.6665333333333333,14997,0.6665333333333333,0.788919541156749,0.07774871229767719
1117,4,116,0.6690222222222222,15053,0.6690222222222222,0.7879620363077461,0.07760262510468811
1118,4,117,0.6658222222222222,14981,0.6658222222222222,0.7855246810064684,0.07695074784515298
1119,4,118,0.6628,14913,0.6628,0.7746046957906794,0.07572900006642545
1120,4,119,0.6692,15057,0.6692,0.7868204217450607,0.07647862726897679
1121,4,120,0.6694666666666667,15063,0.6694666666666667,0.7893467550834949,0.07845967215355486
1122,4,121,0.6684,15039,0.6684,0.7846633623945979,0.07716433819233037
1123,4,122,0.6651111111111111,14965,0.6651111111111111,0.7828980531421579,0.07831811139009145
1124,4,123,0.6631555555555556,14921,0.6631555555555556,0.7840488544012957,0.079614104161406
1125,4,124,0.6680444444444444,15031,0.6680444444444444,0.7858958025963344,0.07630898352081124
1126,4,125,0.6650222222222222,14963,0.6650222222222222,0.781361400154147,0.0782306293521142
1127,4,126,0.6603111111111111,14857,0.6603111111111111,0.7824500053878272,0.08016134380466897
1128,4,127,0.6619111111111111,14893,0.6619111111111111,0.7824934257439294,0.0808488455099694
1129,4,128,0.6637777777777778,14935,0.6637777777777778,0.7798180165117827,0.07371746923841452
1130,4,129,0.6655111111111112,14974,0.6655111111111112,0.7856583361573564,0.07687032495471503
1131,4,130,0.6621777777777778,14899,0.6621777777777778,0.7812804062823334,0.07633518069861486
1132,4,131,0.6685777777777778,15043,0.6685777777777778,0.7888100058941532,0.07756710354608523
1133,4,132,0.6673333333333333,15015,0.6673333333333333,0.7897609133024944,0.07819044882244845
1134,4,133,0.6664888888888889,14996,0.6664888888888889,0.7825721668785897,0.07666051149457746
1135,4,134,0.6597777777777778,14845,0.6597777777777778,0.7790738112364225,0.07830061819467174
1136,4,135,0.6657333333333333,14979,0.6657333333333333,0.7844500034725707,0.07767290206232337
1137,4,136,0.6632,14922,0.6632,0.7825181265802087,0.07671988785319557
1138,4,137,0.6655111111111112,14974,0.6655111111111112,0.7843590660780961,0.0790329310318306
1139,4,138,0.6639111111111111,14938,0.6639111111111111,0.7809311319443772,0.07599349608381199
1140,4,139,0.6609333333333334,14871,0.6609333333333334,0.7851309907850048,0.08030606385972637
1141,4,140,0.6687111111111111,15046,0.6687111111111111,0.7842257448453919,0.07579833674934397
1142,4,141,0.664,14940,0.664,0.7860210646715777,0.07757252671144162
1143,4,142,0.6672444444444444,15013,0.6672444444444444,0.7857682807175208,0.0770625657433973
1144,4,143,0.6644888888888889,14951,0.6644888888888889,0.7823509723113006,0.0795647422371567
1145,4,144,0.6659555555555555,14984,0.6659555555555555,0.7840125806707338,0.08093355917904328
1146,4,145,0.6682666666666667,15036,0.6682666666666667,0.7864671018170406,0.07706023078463399
1147,4,146,0.6676888888888889,15023,0.6676888888888889,0.7839407683688999,0.07807673444487705
1148,4,147,0.6633333333333333,14925,0.6633333333333333,0.7826964836208561,0.07985330729168807
1149,4,148,0.672,15120,0.672,0.788024607758514,0.07755278744956813
1150,4,149,0.6632444444444444,14923,0.6632444444444444,0.7844897176411947,0.07825552615226114
1151,4,150,0.6674666666666667,15018,0.6674666666666667,0.7840624506342784,0.07564161191411867
1152,4,151,0.6737777777777778,15160,0.6737777777777778,0.7920756605188671,0.07840939280219948
1153,4,152,0.6679555555555555,15029,0.6679555555555555,0.7874920420917495,0.07806481574064511
1154,4,153,0.6666666666666666,15000,0.6666666666666666,0.7812056641159012,0.07598456866547149
1155,4,154,0.6646666666666666,14955,0.6646666666666666,0.7816419767369688,0.07796499946459773
1156,4,155,0.6665777777777778,14998,0.6665777777777778,0.7859344092366716,0.08134760168135147
1157,4,156,0.6700444444444444,15076,0.6700444444444444,0.7820365312303992,0.07549807988591829
1158,4,157,0.6629777777777778,14917,0.6629777777777778,0.7827194236362268,0.0797828093666934
1159,4,158,0.6715555555555556,15110,0.6715555555555556,0.7945689491609187,0.07729010489266158
1160,4,159,0.662,14895,0.662,0.7845872138853793,0.07970305803468591
1161,4,160,0.6648888888888889,14960,0.6648888888888889,0.7831127212945156,0.0774335135746656
1162,4,161,0.6658666666666667,14982,0.6658666666666667,0.7796396981700074,0.07602159051064718
1163,4,162,0.6664888888888889,14996,0.6664888888888889,0.7852527891993434,0.07808059629460117
1164,4,163,0.6623555555555556,14903,0.6623555555555556,0.784505081144322,0.07968526842361234
1165,4,164,0.6634666666666666,14928,0.6634666666666666,0.7828922304770027,0.0768829787793506
1166,4,165,0.67,15075,0.67,0.7891327122037141,0.07768160259768063
1167,4,166,0.6703111111111111,15082,0.6703111111111111,0.7858906594708521,0.07835037251998231
1168,4,167,0.6657333333333333,14979,0.6657333333333333,0.7824432462084403,0.07767729718970762
1169,4,168,0.6669777777777778,15007,0.6669777777777778,0.782959657053383,0.07654402207139663
1170,4,169,0.6594222222222222,14837,0.6594222222222222,0.7792359979353252,0.07803474152566411
1171,4,170,0.6644888888888889,14951,0.6644888888888889,0.7828260019887255,0.07731328273924917
1172,4,171,0.6756444444444445,15202,0.6756444444444445,0.7874024682333343,0.07624947733937415
1173,4,172,0.666,14985,0.666,0.7802083708718935,0.0757849847007893
1174,4,173,0.6687555555555555,15047,0.6687555555555555,0.7859042712750222,0.07712140526731688
1175,4,174,0.6715555555555556,15110,0.6715555555555556,0.7896558063386887,0.07557169814383001
1176,4,175,0.6686222222222222,15044,0.6686222222222222,0.7862519450905725,0.07846434578698257
1177,4,176,0.6697777777777778,15070,0.6697777777777778,0.7799201565329303,0.07606630171945925
1178,4,177,0.6685777777777778,15043,0.6685777777777778,0.7836206357744671,0.07628808091944515
1179,4,178,0.6626666666666666,14910,0.6626666666666666,0.7809922678028306,0.0791771340482001
1180,4,179,0.6599555555555555,14849,0.6599555555555555,0.7802415052733388,0.08147586896088627
1181,4,180,0.6681333333333334,15033,0.6681333333333334,0.7854688141499205,0.07549764628384138
1182,4,181,0.6688444444444445,15049,0.6688444444444445,0.7869137747471624,0.07821537115731833
1183,4,182,0.6688888888888889,15050,0.6688888888888889,0.7855598783699841,0.07638536368016387
1184,4,183,0.6589777777777778,14827,0.6589777777777778,0.7804729074507215,0.08018577627256526
1185,4,184,0.6677777777777778,15025,0.6677777777777778,0.7813986277780746,0.07613647562613328
1186,4,185,0.6688,15048,0.6688,0.7860207425242182,0.07773750355442494
1187,4,186,0.6723555555555556,15128,0.6723555555555556,0.7917251128525012,0.07748838348107215
1188,4,187,0.6672,15012,0.6672,0.7812138404595892,0.07685678175451724
1189,4,188,0.6634666666666666,14928,0.6634666666666666,0.7821365119970722,0.07895097465395172
1190,4,189,0.6646222222222222,14954,0.6646222222222222,0.7861312513535046,0.07900057560577728
1191,4,190,0.6642222222222223,14945,0.6642222222222223,0.7850528129031188,0.0755781255149625
1192,4,191,0.6625777777777778,14908,0.6625777777777778,0.781817136864102,0.07806098420785829
1193,4,192,0.6690666666666667,15054,0.6690666666666667,0.7879409348748437,0.08025917275845551
1194,4,193,0.6653777777777777,14971,0.6653777777777777,0.7886613114267569,0.0801322400637298
1195,4,194,0.6723111111111111,15127,0.6723111111111111,0.7875644989529669,0.07705901138801202
1196,4,195,0.668,15030,0.668,0.78545810861414,0.07682406595958362
1197,4,196,0.6635111111111112,14929,0.6635111111111112,0.7787423101267162,0.08046040864013561
1198,4,197,0.666,14985,0.666,0.7877221765605534,0.0805622674662776
1199,4,198,0.6665777777777778,14998,0.6665777777777778,0.781154423682385,0.07626642179608158
1200,4,199,0.6704888888888889,15086,0.6704888888888889,0.7890543320951966,0.07455220062462044
1201,4,200,0.6668,15003,0.6668,0.7876045969362934,0.07841594514374524
1202,4,201,0.6696444444444445,15067,0.6696444444444445,0.7853006959249308,0.07625656982441469
1203,4,202,0.6728444444444445,15139,0.6728444444444445,0.7887640432401113,0.07552131641251106
1204,4,203,0.6676888888888889,15023,0.6676888888888889,0.7926505590803347,0.07771905045483671
1205,4,204,0.6709333333333334,15096,0.6709333333333334,0.788719584508944,0.07611716317355934
1206,4,205,0.6686222222222222,15044,0.6686222222222222,0.7865921663855517,0.0761733240664061
1207,4,206,0.6666222222222222,14999,0.6666222222222222,0.7828075586223971,0.07468958194922826
1208,4,207,0.6609333333333334,14871,0.6609333333333334,0.7848754061495191,0.08209231326756575
1209,4,208,0.6648,14958,0.6648,0.7829748660784691,0.07833296955784114
1210,4,209,0.6645777777777778,14953,0.6645777777777778,0.7886655523608638,0.0806640292155714
1211,4,210,0.6611111111111111,14875,0.6611111111111111,0.7817279548345971,0.0773220816003169
1212,4,211,0.6657777777777778,14980,0.6657777777777778,0.7855347007637603,0.0768388781906958
1213,4,212,0.6669777777777778,15007,0.6669777777777778,0.7828681811787201,0.07731149778094176
1214,4,213,0.6662666666666667,14991,0.6662666666666667,0.7859739647789374,0.08038859722044268
1215,4,214,0.6709333333333334,15096,0.6709333333333334,0.7863880582683549,0.07431151434405243
1216,4,215,0.6644,14949,0.6644,0.7790956159092326,0.07577112608060989
1217,4,216,0.6637777777777778,14935,0.6637777777777778,0.7815708333479393,0.07796889771462626
1218,4,217,0.6692888888888889,15059,0.6692888888888889,0.7847723102972625,0.07538947835759516
1219,4,218,0.6695555555555556,15065,0.6695555555555556,0.7835174379501073,0.07388034575807143
1220,4,219,0.6697333333333333,15069,0.6697333333333333,0.7839983705157408,0.07560851217321347
1221,4,220,0.6638666666666667,14937,0.6638666666666667,0.7819732142145672,0.07838752810019949
1222,4,221,0.6644888888888889,14951,0.6644888888888889,0.7826231461275789,0.08040136467238634
1223,4,222,0.6646666666666666,14955,0.6646666666666666,0.7813410008572347,0.07646560868132952
1224,4,223,0.6690222222222222,15053,0.6690222222222222,0.7827981253035073,0.0783088621372609
1225,4,224,0.6689333333333334,15051,0.6689333333333334,0.7855361365531452,0.07756824999498921
1226,4,225,0.6635555555555556,14930,0.6635555555555556,0.780217388793556,0.07791937880028599
1227,4,226,0.6636888888888889,14933,0.6636888888888889,0.7822185184022031,0.07783419809948701
1228,4,227,0.6649333333333334,14961,0.6649333333333334,0.7817675964074652,0.0778585459521387
1229,4,228,0.6680888888888888,15032,0.6680888888888888,0.78401620137881,0.07755470707606091
1230,4,229,0.6669333333333334,15006,0.6669333333333334,0.7878764166588532,0.0784187720170122
1231,4,230,0.6620888888888888,14897,0.6620888888888888,0.7785294267448769,0.0769572977776347
1232,4,231,0.6653333333333333,14970,0.6653333333333333,0.7844604184187214,0.08030673057288536
1233,4,232,0.6736,15156,0.6736,0.7914818840654771,0.07642299729298475
1234,4,233,0.6660444444444444,14986,0.6660444444444444,0.7767448610728549,0.07420843779570037
1235,4,234,0.6631555555555556,14921,0.6631555555555556,0.7825448990135386,0.08045725655310763
1236,4,235,0.6623111111111111,14902,0.6623111111111111,0.7816475075345655,0.08015599591180096
1237,4,236,0.6630666666666667,14919,0.6630666666666667,0.7826508120930243,0.07982933614306957
1238,4,237,0.6703555555555556,15083,0.6703555555555556,0.7907771145675034,0.07804591615082934
1239,4,238,0.6624888888888889,14906,0.6624888888888889,0.7807729337111612,0.07694967947893584
1240,4,239,0.6635555555555556,14930,0.6635555555555556,0.7814682338622604,0.07797257217377912
1241,4,240,0.6690222222222222,15053,0.6690222222222222,0.7872197694882493,0.07759405609535228
1242,4,241,0.6686666666666666,15045,0.6686666666666666,0.786232115442052,0.07713352120389198
1243,4,242,0.6673777777777777,15016,0.6673777777777777,0.7887079764576215,0.07920070329169246
1244,4,243,0.6713777777777777,15106,0.6713777777777777,0.791607211981172,0.07611007066341614
1245,4,244,0.6644444444444444,14950,0.6644444444444444,0.7828029589264787,0.07664514394569863
1246,4,245,0.6689333333333334,15051,0.6689333333333334,0.784462966827492,0.07533145814896938
1247,4,246,0.6645333333333333,14952,0.6645333333333333,0.7803175355857717,0.07603947231896825
1248,4,247,0.6684444444444444,15040,0.6684444444444444,0.788233064091728,0.07809272995982564
1249,4,248,0.6654222222222222,14972,0.6654222222222222,0.7882487099883565,0.08025670171103816
1250,4,249,0.6716,15111,0.6716,0.7871758875765729,0.07473299962675416
1251,4,250,0.6648888888888889,14960,0.6648888888888889,0.7844724132751579,0.07963200535299236
1252,4,251,0.6690666666666667,15054,0.6690666666666667,0.780962039145873,0.07355024152296002
1253,4,252,0.666,14985,0.666,0.7856267002748599,0.07560529532960097
1254,4,253,0.664,14940,0.664,0.7802681169189625,0.07466898165164991
1255,4,254,0.6688,15048,0.6688,0.7856408153556492,0.07822572473620898
1256,4,255,0.6753333333333333,15195,0.6753333333333333,0.7926659061995311,0.07567167259005357
1257,4,256,0.6712888888888889,15104,0.6712888888888889,0.7884070771870385,0.07633407284302252
1258,4,257,0.6664888888888889,14996,0.6664888888888889,0.7844456301209127,0.07569142348842585
1259,4,258,0.6667111111111111,15001,0.6667111111111111,0.7841419888653729,0.07821704907854637
1260,4,259,0.6588888888888889,14825,0.6588888888888889,0.776883915073931,0.07689227537483871
1261,4,260,0.6636444444444445,14932,0.6636444444444445,0.7816949203100553,0.07614460272835515
1262,4,261,0.6659555555555555,14984,0.6659555555555555,0.78386292273221,0.08037805481429033
1263,4,262,0.6714222222222223,15107,0.6714222222222223,0.7901684279719228,0.07686447536143358
1264,4,263,0.6642222222222223,14945,0.6642222222222223,0.7807122312279648,0.07515107956581964
1265,4,264,0.6587555555555555,14822,0.6587555555555555,0.7808441109094238,0.08095353401732194
1266,4,265,0.6755555555555556,15200,0.6755555555555556,0.7886713654710202,0.0755496593944877
1267,4,266,0.6621777777777778,14899,0.6621777777777778,0.7861163781930244,0.08302397283802199
1268,4,267,0.6632,14922,0.6632,0.780552881988591,0.07692021374318087
1269,4,268,0.6726666666666666,15135,0.6726666666666666,0.7894246512615671,0.07464440209727095
1270,4,269,0.6639555555555555,14939,0.6639555555555555,0.7852707300911133,0.08005898498636392
1271,4,270,0.6684,15039,0.6684,0.7818033526977839,0.07408150093779316
1272,4,271,0.6710222222222222,15098,0.6710222222222222,0.7854995244640474,0.07223067448841854
1273,4,272,0.6641333333333334,14943,0.6641333333333334,0.7791696863466748,0.07493499238168748
1274,4,273,0.6717333333333333,15114,0.6717333333333333,0.7897620943719793,0.07661170771091996
1275,4,274,0.6683111111111111,15037,0.6683111111111111,0.7899002744320199,0.07826991944777371
1276,4,275,0.6681333333333334,15033,0.6681333333333334,0.7848090343996021,0.07690968425742944
1277,4,276,0.6662666666666667,14991,0.6662666666666667,0.7831092492577537,0.07583693885235286
1278,4,277,0.6622666666666667,14901,0.6622666666666667,0.7836136240424023,0.07856328686748422
1279,4,278,0.6682666666666667,15036,0.6682666666666667,0.7880883279467746,0.07590054081573967
1280,4,279,0.6738666666666666,15162,0.6738666666666666,0.7865376923992607,0.07672587229393325
1281,4,280,0.6714666666666667,15108,0.6714666666666667,0.7896620201287083,0.07837730870535405
1282,4,281,0.6683555555555556,15038,0.6683555555555556,0.7802568304127954,0.07701343644150938
1283,4,282,0.6638222222222222,14936,0.6638222222222222,0.7808251540976304,0.07556363988335414
1284,4,283,0.6636888888888889,14933,0.6636888888888889,0.7826398001526998,0.08099368556390908
1285,4,284,0.6613777777777777,14881,0.6613777777777777,0.7758530090595144,0.07681781588672251
1286,4,285,0.6652,14967,0.6652,0.7834667535242463,0.07768851030690634
1287,4,286,0.6652888888888889,14969,0.6652888888888889,0.7797274337841295,0.07597621960581707
1288,4,287,0.6644444444444444,14950,0.6644444444444444,0.7810602842034927,0.07895071860358185
1289,4,288,0.6616,14886,0.6616,0.7793613137240548,0.08100113943565623
1290,4,289,0.6672888888888889,15014,0.6672888888888889,0.781362121952168,0.07698306386445558
1291,4,290,0.6691555555555555,15056,0.6691555555555555,0.7829673428236277,0.0745043339510006
1292,4,291,0.6712444444444444,15103,0.6712444444444444,0.7896450628338729,0.07760207364076507
1293,4,292,0.6668444444444445,15004,0.6668444444444445,0.7857243125334863,0.07844024839395516
1294,4,293,0.6667555555555555,15002,0.6667555555555555,0.7849621417075051,0.07731602702618662
1295,4,294,0.672,15120,0.672,0.789430043397918,0.07705134019493867
1296,4,295,0.6679555555555555,15029,0.6679555555555555,0.784837325954601,0.07829143002390723
1297,4,296,0.6615111111111112,14884,0.6615111111111112,0.7814255874960642,0.0790034743205626
1298,4,297,0.6684,15039,0.6684,0.7874240569215945,0.0769095078091028
1299,4,298,0.6651555555555556,14966,0.6651555555555556,0.7832114948869977,0.07840753220975348
1300,4,299,0.6738222222222222,15161,0.6738222222222222,0.7891803209288661,0.07710642897060763
1301,4,300,0.6709333333333334,15096,0.6709333333333334,0.7891251146296704,0.07763322243698677
1302,4,301,0.6604444444444444,14860,0.6604444444444444,0.7783968730198435,0.07909735499069541
1303,4,302,0.6603555555555556,14858,0.6603555555555556,0.7760618613731953,0.07629335691299469
1304,4,303,0.6672888888888889,15014,0.6672888888888889,0.784937056634628,0.07976326007139274
1305,4,304,0.6662222222222223,14990,0.6662222222222223,0.7913036954160005,0.08160494592443085
1306,4,305,0.6668444444444445,15004,0.6668444444444445,0.7911090902049398,0.0796062446764231
1307,4,306,0.6682666666666667,15036,0.6682666666666667,0.7829195976050388,0.07411651893068272
1308,4,307,0.6594222222222222,14837,0.6594222222222222,0.7819414666476419,0.08211050607927184
1309,4,308,0.6658666666666667,14982,0.6658666666666667,0.7906374013664369,0.07857722779223388
1310,4,309,0.6667555555555555,15002,0.6667555555555555,0.7815353232706006,0.076126056189617
1311,4,310,0.6665333333333333,14997,0.6665333333333333,0.7843851337940341,0.07639820790659005
1312,4,311,0.6631111111111111,14920,0.6631111111111111,0.7800992950065917,0.07800921706183613
1313,4,312,0.6648444444444445,14959,0.6648444444444445,0.7806398712282262,0.07776076749450551
1314,4,313,0.6647555555555555,14957,0.6647555555555555,0.7842417896554256,0.07770944571410285
1315,4,314,0.6671111111111111,15010,0.6671111111111111,0.7829687621563965,0.07783924274757292
1316,4,315,0.6685333333333333,15042,0.6685333333333333,0.785547175240449,0.07784033110767351
1317,4,316,0.6592,14832,0.6592,0.7791203841559503,0.07914169617816645
1318,4,317,0.6694222222222223,15062,0.6694222222222223,0.7882956174566387,0.07793005979586597
1319,4,318,0.6694666666666667,15063,0.6694666666666667,0.7842099341247579,0.07591497807684958
1320,4,319,0.6663111111111111,14992,0.6663111111111111,0.7818149246619736,0.07322745480787705
1321,4,320,0.6678222222222222,15026,0.6678222222222222,0.7851148719187665,0.0791146928924836
1322,4,321,0.6689777777777778,15052,0.6689777777777778,0.7863583112473044,0.07857293387545464
1323,4,322,0.6646666666666666,14955,0.6646666666666666,0.7818392177129021,0.0796857280194767
1324,4,323,0.6663111111111111,14992,0.6663111111111111,0.7859834855621106,0.07856655024494356
1325,4,324,0.6636888888888889,14933,0.6636888888888889,0.785735925149533,0.07840118496105372
1326,4,325,0.6687555555555555,15047,0.6687555555555555,0.7843804257311361,0.07767168549563414
1327,4,326,0.6715111111111111,15109,0.6715111111111111,0.7917445142272848,0.07762491550946385
1328,4,327,0.6652888888888889,14969,0.6652888888888889,0.7816056162743881,0.07837468594531641
1329,4,328,0.6683111111111111,15037,0.6683111111111111,0.7858990315465717,0.07847788650505924
1330,4,329,0.6681777777777778,15034,0.6681777777777778,0.7858229340292557,0.07511538829563015
1331,4,330,0.6630222222222222,14918,0.6630222222222222,0.7769515804945794,0.07648268187875945
1332,4,331,0.6636444444444445,14932,0.6636444444444445,0.7825369279618912,0.0775908823757936
1333,4,332,0.6605333333333333,14862,0.6605333333333333,0.7787209672834613,0.07666789139872597
1334,4,333,0.6689777777777778,15052,0.6689777777777778,0.7862297453468203,0.0757890555730077
1335,4,334,0.6718666666666666,15117,0.6718666666666666,0.785346398055147,0.07436694884706213
1336,4,335,0.6684,15039,0.6684,0.787588331197504,0.07765739610091348
1337,4,336,0.6652444444444444,14968,0.6652444444444444,0.7820664649109792,0.07837109243830666
1338,4,337,0.6676888888888889,15023,0.6676888888888889,0.7861268969932138,0.07867688259445033
1339,4,338,0.6648,14958,0.6648,0.7863588762213896,0.07812032188797881
1340,4,339,0.6688,15048,0.6688,0.7858971922485667,0.0772988112138916
1341,4,340,0.6664444444444444,14995,0.6664444444444444,0.7848681174514375,0.07907416975853722
1342,4,341,0.6734666666666667,15153,0.6734666666666667,0.7891165089322538,0.07606646666156025
1343,4,342,0.6635555555555556,14930,0.6635555555555556,0.779887767409014,0.07590416413717176
1344,4,343,0.6642666666666667,14946,0.6642666666666667,0.7826353664280616,0.07935400470912019
1345,4,344,0.6695555555555556,15065,0.6695555555555556,0.785884173968677,0.07599642163631769
1346,4,345,0.6707555555555555,15092,0.6707555555555555,0.7897504586002537,0.0796095112962257
1347,4,346,0.6607111111111111,14866,0.6607111111111111,0.7813042310561616,0.07786084812361556
1348,4,347,0.6643111111111111,14947,0.6643111111111111,0.7856698670204584,0.0784888489546644
1349,4,348,0.6696888888888889,15068,0.6696888888888889,0.7804784437684443,0.0781399958776314
1350,4,349,0.6614666666666666,14883,0.6614666666666666,0.7806431958815564,0.08054217259359307
1351,4,350,0.6686666666666666,15045,0.6686666666666666,0.7804479251556236,0.07439052733797376
1352,4,351,0.6682222222222223,15035,0.6682222222222223,0.7856940106697622,0.07861439619303211
1353,4,352,0.6692,15057,0.6692,0.7825663951519324,0.0765726040291471
1354,4,353,0.6666222222222222,14999,0.6666222222222222,0.7857665135238655,0.07601152558227693
1355,4,354,0.6701777777777778,15079,0.6701777777777778,0.7862540955481488,0.07623686523831164
1356,4,355,0.6637333333333333,14934,0.6637333333333333,0.7787615973465855,0.07667274604279059
1357,4,356,0.6672,15012,0.6672,0.788370802609969,0.0783625247403756
1358,4,357,0.668,15030,0.668,0.7823561751941701,0.07579497682926305
1359,4,358,0.6704,15084,0.6704,0.7854184433999956,0.07644279569879932
1360,4,359,0.6673333333333333,15015,0.6673333333333333,0.7866231525333609,0.07577917025047307
1361,4,360,0.6645777777777778,14953,0.6645777777777778,0.7814317377576475,0.0737494716481145
1362,4,361,0.6721777777777778,15124,0.6721777777777778,0.7881133363385817,0.07794956541635926
1363,4,362,0.6667555555555555,15002,0.6667555555555555,0.7859829606838035,0.0797273915286828
1364,4,363,0.6709777777777778,15097,0.6709777777777778,0.790544871429557,0.07756023485785861
1365,4,364,0.6670222222222222,15008,0.6670222222222222,0.7938259261259155,0.0821002478389438
1366,4,365,0.6664888888888889,14996,0.6664888888888889,0.787667534459282,0.07874378258280966
1367,4,366,0.6625333333333333,14907,0.6625333333333333,0.7803192507651698,0.07606802430418487
1368,4,367,0.6711555555555555,15101,0.6711555555555555,0.7891965540357249,0.07970513549872028
1369,4,368,0.6716,15111,0.6716,0.7886557151546442,0.07835039481913712
1370,4,369,0.6610666666666667,14874,0.6610666666666667,0.7782158814083063,0.0765946720479623
1371,4,370,0.6691111111111111,15055,0.6691111111111111,0.7857136348870059,0.07750132428346822
1372,4,371,0.6675555555555556,15020,0.6675555555555556,0.7864506202017212,0.07761421601060066
1373,4,372,0.6667111111111111,15001,0.6667111111111111,0.7848914990677411,0.08026123758972073
1374,4,373,0.6656888888888889,14978,0.6656888888888889,0.7836706447013677,0.0803381907359501
1375,4,374,0.6663111111111111,14992,0.6663111111111111,0.7791450966820815,0.07609215628577098
1376,4,375,0.6673333333333333,15015,0.6673333333333333,0.7884648769010848,0.07699058027608667
1377,4,376,0.6679111111111111,15028,0.6679111111111111,0.7842228780661075,0.07622913490835928
1378,4,377,0.6763111111111111,15217,0.6763111111111111,0.792510191559546,0.07556960412584071
1379,4,378,0.6684,15039,0.6684,0.7818970279805526,0.07595391003576943
1380,4,379,0.6657333333333333,14979,0.6657333333333333,0.7825554142958767,0.07599784928670145
1381,4,380,0.6676444444444445,15022,0.6676444444444445,0.785085932869735,0.0744166031590074
1382,4,381,0.6636444444444445,14932,0.6636444444444445,0.7862243480596347,0.08096145900611121
1383,4,382,0.6669333333333334,15006,0.6669333333333334,0.7827514290276821,0.07891187820820814
1384,4,383,0.6652888888888889,14969,0.6652888888888889,0.7792219829194544,0.07483830277010582
1385,4,384,0.6613777777777777,14881,0.6613777777777777,0.7835683846410175,0.0776454747588305
1386,4,385,0.6681777777777778,15034,0.6681777777777778,0.7824019719460021,0.0736798705581786
1387,4,386,0.6655555555555556,14975,0.6655555555555556,0.7842530971212445,0.07876119449404545
1388,4,387,0.6638222222222222,14936,0.6638222222222222,0.7799352014627865,0.07722758969360137
1389,4,388,0.6668,15003,0.6668,0.7817684306354361,0.07719508603789593
1390,4,389,0.6656,14976,0.6656,0.786179904695481,0.08100683545870253
1391,4,390,0.6668444444444445,15004,0.6668444444444445,0.783586049773883,0.07717233746874835
1392,4,391,0.6742666666666667,15171,0.6742666666666667,0.7896202305212628,0.07496296373967336
1393,4,392,0.6624444444444444,14905,0.6624444444444444,0.7798828416102055,0.07740131884827695
1394,4,393,0.6724888888888889,15131,0.6724888888888889,0.7916075837624161,0.07875721678142372
1395,4,394,0.6673777777777777,15016,0.6673777777777777,0.7844469694237396,0.0749721154244978
1396,4,395,0.6672,15012,0.6672,0.7867427890294799,0.07764007675718321
1397,4,396,0.6732444444444444,15148,0.6732444444444444,0.7845715795353336,0.07605675356740572
1398,4,397,0.6673777777777777,15016,0.6673777777777777,0.7787767703376318,0.07345165221646195
1399,4,398,0.6635555555555556,14930,0.6635555555555556,0.7830339820970239,0.07719116857470082
1400,4,399,0.6652444444444444,14968,0.6652444444444444,0.7848844606120218,0.0768110064013676
1401,4,400,0.6663111111111111,14992,0.6663111111111111,0.7889482652879715,0.07994769563299296
1402,4,401,0.6668444444444445,15004,0.6668444444444445,0.7892955506185566,0.07996185217997821
1403,4,402,0.6714222222222223,15107,0.6714222222222223,0.7859081801343109,0.07632119980000916
1404,4,403,0.6688444444444445,15049,0.6688444444444445,0.7897928828353165,0.0790949759614334
1405,4,404,0.6645333333333333,14952,0.6645333333333333,0.7885125310023159,0.07831466865814424
1406,4,405,0.6647555555555555,14957,0.6647555555555555,0.7855614080428475,0.07992480339989627
1407,4,406,0.6595555555555556,14840,0.6595555555555556,0.7831553171630041,0.0822618942783725
1408,4,407,0.6629333333333334,14916,0.6629333333333334,0.7835568534913558,0.07968718219073627
1409,4,408,0.6644888888888889,14951,0.6644888888888889,0.789326098045829,0.07727939519925
1410,4,409,0.6667555555555555,15002,0.6667555555555555,0.7805894047112358,0.07394159432044532
1411,4,410,0.6676444444444445,15022,0.6676444444444445,0.7834830713369371,0.07783031019516097
1412,4,411,0.6633333333333333,14925,0.6633333333333333,0.7842133544042631,0.07929967426955777
1413,4,412,0.6696,15066,0.6696,0.788521682999876,0.07878505149390608
1414,4,413,0.6627111111111111,14911,0.6627111111111111,0.7847354138557326,0.07916577572657028
1415,4,414,0.6706222222222222,15089,0.6706222222222222,0.7839069029922549,0.07500145998054637
1416,4,415,0.6644444444444444,14950,0.6644444444444444,0.783027612364001,0.0767246410193041
1417,4,416,0.6590222222222222,14828,0.6590222222222222,0.7760252676434858,0.07550679605125594
1418,4,417,0.6661333333333334,14988,0.6661333333333334,0.7875791791576433,0.0785557772458566
1419,4,418,0.6674222222222223,15017,0.6674222222222223,0.7862474468415278,0.07787301418311587
1420,4,419,0.6596444444444445,14842,0.6596444444444445,0.7823375944846506,0.07907826153935911
1421,4,420,0.6632444444444444,14923,0.6632444444444444,0.7816333187206578,0.07904062588611828
1422,4,421,0.6719555555555555,15119,0.6719555555555555,0.7846182928134666,0.07570680634542631
1423,4,422,0.6688888888888889,15050,0.6688888888888889,0.7854318513803519,0.07688709515121435
1424,4,423,0.6666666666666666,15000,0.6666666666666666,0.7844616369586136,0.07683356855320823
1425,4,424,0.6640888888888888,14942,0.6640888888888888,0.7809457368394478,0.07818828805331283
1426,4,425,0.6654222222222222,14972,0.6654222222222222,0.7810017721410801,0.07640529713007649
1427,4,426,0.6660888888888888,14987,0.6660888888888888,0.7868210062268022,0.07815485096912224
1428,4,427,0.6584444444444445,14815,0.6584444444444445,0.7832496714542072,0.08141955308510793
1429,4,428,0.6705333333333333,15087,0.6705333333333333,0.7882583724697511,0.07769691402540632
1430,4,429,0.6649777777777778,14962,0.6649777777777778,0.7851573083559182,0.07782235406581069
1431,4,430,0.6708444444444445,15094,0.6708444444444445,0.7841621284686947,0.07669282251263848
1432,4,431,0.6646666666666666,14955,0.6646666666666666,0.7831210268799919,0.07974621653407063
1433,4,432,0.6656444444444445,14977,0.6656444444444445,0.7827476424150703,0.07813760509574265
1434,4,433,0.6647555555555555,14957,0.6647555555555555,0.7842379599954927,0.07709653151448888
1435,4,434,0.6666222222222222,14999,0.6666222222222222,0.7891372197420066,0.08040074219997854
1436,4,435,0.6672888888888889,15014,0.6672888888888889,0.7854754143942657,0.07694125437291748
1437,4,436,0.6677333333333333,15024,0.6677333333333333,0.7901397585806448,0.07813844352504057
1438,4,437,0.6653777777777777,14971,0.6653777777777777,0.7850387500202836,0.07741087649160167
1439,4,438,0.6643111111111111,14947,0.6643111111111111,0.7831392476088702,0.07922898915277307
1440,4,439,0.6658666666666667,14982,0.6658666666666667,0.7843247758651279,0.0779245235185657
1441,4,440,0.6649777777777778,14962,0.6649777777777778,0.7854989294915603,0.07879670684922274
1442,4,441,0.6657333333333333,14979,0.6657333333333333,0.7834827860402743,0.07717171847593249
1443,4,442,0.6598666666666667,14847,0.6598666666666667,0.7701988241689384,0.07537632981805963
1444,4,443,0.6638666666666667,14937,0.6638666666666667,0.7819179394906058,0.07955860450944478
1445,4,444,0.6586666666666666,14820,0.6586666666666666,0.7802801881253464,0.07791704402088728
1446,4,445,0.6660888888888888,14987,0.6660888888888888,0.7874868837663876,0.0791978410832607
1447,4,446,0.6643555555555556,14948,0.6643555555555556,0.7801046989364901,0.07694963190236005
1448,4,447,0.6664444444444444,14995,0.6664444444444444,0.7881299527732158,0.07786756106509904
1449,4,448,0.6599555555555555,14849,0.6599555555555555,0.7794869645773623,0.07917462367989933
1450,4,449,0.6676444444444445,15022,0.6676444444444445,0.7877151647689548,0.07884483600760327
1451,4,450,0.6681777777777778,15034,0.6681777777777778,0.7868601351967845,0.07762060997571262
1452,4,451,0.6661777777777778,14989,0.6661777777777778,0.7846196103061114,0.07951637982086353
1453,4,452,0.6694666666666667,15063,0.6694666666666667,0.7877631015090144,0.07994339061475664
1454,4,453,0.6725777777777778,15133,0.6725777777777778,0.7942095658843162,0.07718712056763753
1455,4,454,0.6594222222222222,14837,0.6594222222222222,0.7824067542240087,0.0787088452490703
1456,4,455,0.6652444444444444,14968,0.6652444444444444,0.7820896783457506,0.07740745785136813
1457,4,456,0.6738666666666666,15162,0.6738666666666666,0.7892012767914307,0.07694037799129046
1458,4,457,0.6691111111111111,15055,0.6691111111111111,0.7855277815151551,0.07664637083917718
1459,4,458,0.6667111111111111,15001,0.6667111111111111,0.7817685496410418,0.07662001863469754
1460,4,459,0.6664888888888889,14996,0.6664888888888889,0.7831853633496537,0.0770308531632054
1461,4,460,0.6639111111111111,14938,0.6639111111111111,0.7747121029489796,0.07451223926992744
1462,4,461,0.6632444444444444,14923,0.6632444444444444,0.7844236580200508,0.07941772108818052
1463,4,462,0.6667555555555555,15002,0.6667555555555555,0.7800853394899273,0.07271359432190716
1464,4,463,0.6607555555555555,14867,0.6607555555555555,0.7793170540532807,0.07856878552148255
1465,4,464,0.6703111111111111,15082,0.6703111111111111,0.7830803990305808,0.07386358440583843
1466,4,465,0.6675111111111112,15019,0.6675111111111112,0.7870999526111304,0.07826882670001999
1467,4,466,0.6678222222222222,15026,0.6678222222222222,0.7877077596550938,0.08097256389086407
1468,4,467,0.6686222222222222,15044,0.6686222222222222,0.7824843822387161,0.07492405619488354
1469,4,468,0.6694222222222223,15062,0.6694222222222223,0.7841298890047608,0.07740638338368648
1470,4,469,0.6631111111111111,14920,0.6631111111111111,0.7779551706520943,0.0755714054220714
1471,4,470,0.6628888888888889,14915,0.6628888888888889,0.7810215172566345,0.07767873611748985
1472,4,471,0.6647111111111111,14956,0.6647111111111111,0.7857421255350772,0.07796633059960337
1473,4,472,0.6724,15129,0.6724,0.7858851031322007,0.07522258696010108
1474,4,473,0.6688,15048,0.6688,0.7876525064071829,0.0759616504679122
1475,4,474,0.6659555555555555,14984,0.6659555555555555,0.7801108936219602,0.076046248664384
1476,4,475,0.6681777777777778,15034,0.6681777777777778,0.7858265056475014,0.07610741038608053
1477,4,476,0.6644444444444444,14950,0.6644444444444444,0.7844910518848147,0.07833345706610716
1478,4,477,0.6647111111111111,14956,0.6647111111111111,0.7795898224515551,0.07654369859637368
1479,4,478,0.6694666666666667,15063,0.6694666666666667,0.7821861261317934,0.07592201695932345
1480,4,479,0.6710666666666667,15099,0.6710666666666667,0.7872808664195386,0.07615868924482419
1481,4,480,0.6655555555555556,14975,0.6655555555555556,0.7811895214164459,0.07888512051548144
1482,4,481,0.664,14940,0.664,0.780264135519116,0.07623280997030292
1483,4,482,0.6628888888888889,14915,0.6628888888888889,0.7870004234869316,0.08260270148975278
1484,4,483,0.6682222222222223,15035,0.6682222222222223,0.7877479937769595,0.07748829767579479
1485,4,484,0.6636444444444445,14932,0.6636444444444445,0.7739129579499225,0.07514900013211313
1486,4,485,0.6628888888888889,14915,0.6628888888888889,0.7795846619279108,0.07758205477271535
1487,4,486,0.6710222222222222,15098,0.6710222222222222,0.7871605591402383,0.07624099493323357
1488,4,487,0.6700444444444444,15076,0.6700444444444444,0.7831708181345285,0.0750862518279746
1489,4,488,0.6621777777777778,14899,0.6621777777777778,0.7868077668719596,0.08000321964888514
1490,4,489,0.6656444444444445,14977,0.6656444444444445,0.78341291499619,0.08008858942351238
1491,4,490,0.6655111111111112,14974,0.6655111111111112,0.7840101396780798,0.07757413321528032
1492,4,491,0.6636444444444445,14932,0.6636444444444445,0.7857604795730532,0.07843859435921781
1493,4,492,0.6621777777777778,14899,0.6621777777777778,0.7772638783973251,0.07788606227842437
1494,4,493,0.6667555555555555,15002,0.6667555555555555,0.7866091811790624,0.07698918167992298
1495,4,494,0.6661333333333334,14988,0.6661333333333334,0.7840874242155523,0.07664207273706365
1496,4,495,0.6687555555555555,15047,0.6687555555555555,0.7826419694166856,0.07513047319073712
1497,4,496,0.6637333333333333,14934,0.6637333333333333,0.7838776374499321,0.0794463107083587
1498,4,497,0.6592444444444444,14833,0.6592444444444444,0.7801330554422153,0.08036006676436037
1499,4,498,0.6625777777777778,14908,0.6625777777777778,0.7869426344937753,0.08089834636706482
1500,4,499,0.6657333333333333,14979,0.6657333333333333,0.786761405467283,0.07796927111390915
1501,6,0,0.6607111111111111,14866,0.6607111111111111,0.79127004726209,0.0830893909039279
1502,6,1,0.6547111111111111,14731,0.6547111111111111,0.7883049859968235,0.08398137342497315
1503,6,2,0.6590222222222222,14828,0.6590222222222222,0.7928665259803845,0.0848611342689983
1504,6,3,0.66,14850,0.66,0.793977258130997,0.0832882931820557
1505,6,4,0.6551555555555556,14741,0.6551555555555556,0.7898459039718536,0.08496915055387537
1506,6,5,0.6549777777777778,14737,0.6549777777777778,0.7881568598667452,0.08597599420492649
1507,6,6,0.6582222222222223,14810,0.6582222222222223,0.7901786264876315,0.08589552137322895
1508,6,7,0.6575111111111112,14794,0.6575111111111112,0.7874235972020517,0.0844121287613848
1509,6,8,0.6591111111111111,14830,0.6591111111111111,0.7928013562912897,0.08395095537352962
1510,6,9,0.6590666666666667,14829,0.6590666666666667,0.7894747630032151,0.08303067965769556
1511,6,10,0.6550222222222222,14738,0.6550222222222222,0.7927924251671947,0.08627001836148512
1512,6,11,0.6568444444444445,14779,0.6568444444444445,0.7921920531206397,0.08758591648425028
1513,6,12,0.6575111111111112,14794,0.6575111111111112,0.7925668101627489,0.08680893164403516
1514,6,13,0.6587555555555555,14822,0.6587555555555555,0.792272625018349,0.08391418589324301
1515,6,14,0.6555555555555556,14750,0.6555555555555556,0.7905895177159814,0.08624999401931589
1516,6,15,0.6568888888888889,14780,0.6568888888888889,0.7895137611044153,0.0864615716126661
1517,6,16,0.6549777777777778,14737,0.6549777777777778,0.7906222281557362,0.08583900383022314
1518,6,17,0.6557333333333333,14754,0.6557333333333333,0.7899195355433896,0.08525919833168916
1519,6,18,0.6580888888888888,14807,0.6580888888888888,0.7925621585247152,0.08801602334468235
1520,6,19,0.6553333333333333,14745,0.6553333333333333,0.7897864809778071,0.08517969287646728
1521,6,20,0.6624888888888889,14906,0.6624888888888889,0.7910862540508111,0.08001151947183974
1522,6,21,0.6601777777777778,14854,0.6601777777777778,0.7967303257159141,0.08326687426520703
1523,6,22,0.6532,14697,0.6532,0.7860039976880743,0.08419441496365962
1524,6,23,0.6553777777777777,14746,0.6553777777777777,0.791068338406273,0.08573604005551323
1525,6,24,0.6597333333333333,14844,0.6597333333333333,0.7925780929134444,0.08598043700731907
1526,6,25,0.6580888888888888,14807,0.6580888888888888,0.7920092197377835,0.08477899708983595
1527,6,26,0.6585777777777778,14818,0.6585777777777778,0.7870650783527107,0.08243266500578987
1528,6,27,0.6546222222222222,14729,0.6546222222222222,0.7867260875128154,0.08460680126258706
1529,6,28,0.6642666666666667,14946,0.6642666666666667,0.795411710456155,0.08288165158971196
1530,6,29,0.6617333333333333,14889,0.6617333333333333,0.7921877758533165,0.0823816178050939
1531,6,30,0.6559111111111111,14758,0.6559111111111111,0.7885678881521065,0.08533098166406242
1532,6,31,0.6569333333333334,14781,0.6569333333333334,0.7906454696996515,0.08521959818322006
1533,6,32,0.6572888888888889,14789,0.6572888888888889,0.7920723180430151,0.08669665677865729
1534,6,33,0.6559555555555555,14759,0.6559555555555555,0.7872590170169288,0.08163263210139901
1535,6,34,0.6571111111111111,14785,0.6571111111111111,0.792429263914053,0.08531433978632398
1536,6,35,0.6600444444444444,14851,0.6600444444444444,0.7864047701413864,0.08260115026704702
1537,6,36,0.6570666666666667,14784,0.6570666666666667,0.7904184241818973,0.08193777923916196
1538,6,37,0.6555555555555556,14750,0.6555555555555556,0.7957820188477601,0.08914507269175256
1539,6,38,0.6526222222222222,14684,0.6526222222222222,0.7898252072902278,0.08697944611289002
1540,6,39,0.6636,14931,0.6636,0.7970283309893574,0.08505963305530004
1541,6,40,0.6562666666666667,14766,0.6562666666666667,0.7911898592729962,0.08659383671826953
1542,6,41,0.6542222222222223,14720,0.6542222222222223,0.7936961664466281,0.08705018059718746
1543,6,42,0.6601333333333333,14853,0.6601333333333333,0.7934135165214976,0.08479673621989324
1544,6,43,0.6611111111111111,14875,0.6611111111111111,0.7932712065662387,0.0826211559459476
1545,6,44,0.6576888888888889,14798,0.6576888888888889,0.7907514158637863,0.08405503970418597
1546,6,45,0.6538222222222222,14711,0.6538222222222222,0.7906759740530667,0.08867955864699624
1547,6,46,0.6558222222222222,14756,0.6558222222222222,0.7891302492517763,0.08510505815569021
1548,6,47,0.6555555555555556,14750,0.6555555555555556,0.7910441939065758,0.08515861931914263
1549,6,48,0.654,14715,0.654,0.7910335539940583,0.0865053886873802
1550,6,49,0.6571111111111111,14785,0.6571111111111111,0.7879026982312458,0.08143820518403323
1551,6,50,0.6556,14751,0.6556,0.7924570600512273,0.08616079244807018
1552,6,51,0.6557777777777778,14755,0.6557777777777778,0.7914131268104186,0.08717807137270062
1553,6,52,0.6580444444444444,14806,0.6580444444444444,0.7953093825012523,0.0885786373341531
1554,6,53,0.6577777777777778,14800,0.6577777777777778,0.7868979229825976,0.0821836068987065
1555,6,54,0.6531111111111111,14695,0.6531111111111111,0.791910911840828,0.08769410896239825
1556,6,55,0.6571111111111111,14785,0.6571111111111111,0.788748435742296,0.08317159309959231
1557,6,56,0.6515111111111112,14659,0.6515111111111112,0.7845482661006976,0.08694077455068532
1558,6,57,0.6588,14823,0.6588,0.7908200809540166,0.08426034871859711
1559,6,58,0.6614222222222222,14882,0.6614222222222222,0.7954355810231309,0.08402075484421796
1560,6,59,0.6537333333333334,14709,0.6537333333333334,0.7901291628494168,0.08651086231372757
1561,6,60,0.6564444444444445,14770,0.6564444444444445,0.7863023105130538,0.0854957396787678
1562,6,61,0.6613777777777777,14881,0.6613777777777777,0.796362538636705,0.08515495433434714
1563,6,62,0.6548,14733,0.6548,0.7898565972316369,0.08643849769068677
1564,6,63,0.6584888888888889,14816,0.6584888888888889,0.790469842390609,0.08260779607546992
1565,6,64,0.6521777777777777,14674,0.6521777777777777,0.7877006374814547,0.08632232187288232
1566,6,65,0.6558666666666667,14757,0.6558666666666667,0.7897774030573479,0.08659216067523814
1567,6,66,0.6588888888888889,14825,0.6588888888888889,0.788792826327289,0.08292067048244368
1568,6,67,0.6551111111111111,14740,0.6551111111111111,0.790397138673738,0.08757473783920808
1569,6,68,0.6548888888888889,14735,0.6548888888888889,0.7910052545690016,0.08580075734869298
1570,6,69,0.6610222222222222,14873,0.6610222222222222,0.7943779316291134,0.0828609674498556
1571,6,70,0.6581333333333333,14808,0.6581333333333333,0.7878549882445834,0.08288779715054356
1572,6,71,0.6513777777777778,14656,0.6513777777777778,0.7829421375869499,0.0843233314892614
1573,6,72,0.6493777777777778,14611,0.6493777777777778,0.7856159918784577,0.08879708199460369
1574,6,73,0.658,14805,0.658,0.7950594936558285,0.08542226491674515
1575,6,74,0.6596444444444445,14842,0.6596444444444445,0.7911934414882188,0.08274178564075545
1576,6,75,0.6552444444444444,14743,0.6552444444444444,0.7926818251390735,0.08885662842735861
1577,6,76,0.6587555555555555,14822,0.6587555555555555,0.7927433900653894,0.08375537039003782
1578,6,77,0.6530666666666667,14694,0.6530666666666667,0.7851426625814294,0.08197336348833105
1579,6,78,0.6583555555555556,14813,0.6583555555555556,0.7952198691361839,0.08531785242166982
1580,6,79,0.6507555555555555,14642,0.6507555555555555,0.7877594857873139,0.08698121299828594
1581,6,80,0.6544888888888889,14726,0.6544888888888889,0.7870984616538934,0.08340846302004935
1582,6,81,0.6564,14769,0.6564,0.7879091211693438,0.08674902465117319
1583,6,82,0.6600888888888888,14852,0.6600888888888888,0.7896387922860751,0.08391264634261637
1584,6,83,0.6616444444444445,14887,0.6616444444444445,0.7893003189340825,0.07980784232969967
1585,6,84,0.6604,14859,0.6604,0.7893436693852541,0.0810809100557037
1586,6,85,0.6531555555555556,14696,0.6531555555555556,0.7902979809911024,0.08666239948392426
1587,6,86,0.6556,14751,0.6556,0.7923360763403992,0.08674503316109847
1588,6,87,0.6550222222222222,14738,0.6550222222222222,0.7921945266226021,0.0862071758982176
1589,6,88,0.654,14715,0.654,0.788874133537275,0.0858822740127532
1590,6,89,0.658,14805,0.658,0.7915390973975623,0.08409006901689005
1591,6,90,0.6522222222222223,14675,0.6522222222222223,0.7917652060596794,0.09000049171782909
1592,6,91,0.6623555555555556,14903,0.6623555555555556,0.7944302741624166,0.08357867518097943
1593,6,92,0.6567111111111111,14776,0.6567111111111111,0.7956712008493311,0.08796668934198182
1594,6,93,0.6568888888888889,14780,0.6568888888888889,0.79145889388244,0.08431168137509924
1595,6,94,0.6561333333333333,14763,0.6561333333333333,0.7851745510934426,0.08125211355142822
1596,6,95,0.6548,14733,0.6548,0.785530536371332,0.08205625863052869
1597,6,96,0.6541333333333333,14718,0.6541333333333333,0.7923010929952001,0.08556556234190957
1598,6,97,0.6586666666666666,14820,0.6586666666666666,0.7896519229736924,0.0840874802304537
1599,6,98,0.6613777777777777,14881,0.6613777777777777,0.793855344873002,0.08530134448361142
1600,6,99,0.6516888888888889,14663,0.6516888888888889,0.7864516435809517,0.08716275862860053
1601,6,100,0.6545777777777778,14728,0.6545777777777778,0.7835518525878259,0.0809542146152191
1602,6,101,0.6564,14769,0.6564,0.7948228452669073,0.08797890897820287
1603,6,102,0.6589333333333334,14826,0.6589333333333334,0.7912198010435254,0.08267158543973809
1604,6,103,0.6622666666666667,14901,0.6622666666666667,0.7925972988541671,0.08307606873458913
1605,6,104,0.6586222222222222,14819,0.6586222222222222,0.7897397085740037,0.08417419826562901
1606,6,105,0.6632444444444444,14923,0.6632444444444444,0.7946753445447922,0.08432603340315305
1607,6,106,0.6604888888888889,14861,0.6604888888888889,0.7907066137599683,0.08323555795463224
1608,6,107,0.6593333333333333,14835,0.6593333333333333,0.7941987263974416,0.08505849519822367
1609,6,108,0.6583111111111111,14812,0.6583111111111111,0.7929913529839958,0.08313739727848628
1610,6,109,0.6564888888888889,14771,0.6564888888888889,0.7889648292280017,0.08419342557950553
1611,6,110,0.6605777777777778,14863,0.6605777777777778,0.7975000202894955,0.08611325548728077
1612,6,111,0.6564444444444445,14770,0.6564444444444445,0.7895021817960303,0.08529387881280912
1613,6,112,0.654,14715,0.654,0.7873999777154692,0.08341559095527738
1614,6,113,0.6596888888888889,14843,0.6596888888888889,0.7909900243382944,0.08436803768497199
1615,6,114,0.6516888888888889,14663,0.6516888888888889,0.7866396113493617,0.08638721564182554
1616,6,115,0.6612,14877,0.6612,0.7967952790079919,0.08478777263209189
1617,6,116,0.6532444444444444,14698,0.6532444444444444,0.7842417049961917,0.08197424945662588
1618,6,117,0.6560888888888889,14762,0.6560888888888889,0.784215795053524,0.08223079124962455
1619,6,118,0.6567555555555555,14777,0.6567555555555555,0.7926205834333231,0.08608729773262352
1620,6,119,0.6621333333333334,14898,0.6621333333333334,0.7948189508928705,0.08354736900598296
1621,6,120,0.6616888888888889,14888,0.6616888888888889,0.7951873049930477,0.0825685380325233
1622,6,121,0.6602222222222223,14855,0.6602222222222223,0.790165688182333,0.08276190258308797
1623,6,122,0.6540444444444444,14716,0.6540444444444444,0.7912849562635113,0.08613447083493418
1624,6,123,0.6491555555555556,14606,0.6491555555555556,0.7837473682262533,0.08722575590485948
1625,6,124,0.6569333333333334,14781,0.6569333333333334,0.7919536828076851,0.0857965594677321
1626,6,125,0.6560444444444444,14761,0.6560444444444444,0.7858084616517541,0.08259018965972884
1627,6,126,0.6590666666666667,14829,0.6590666666666667,0.788170335598867,0.0833793539917177
1628,6,127,0.6541333333333333,14718,0.6541333333333333,0.78721087565321,0.08481847968321371
1629,6,128,0.6573777777777777,14791,0.6573777777777777,0.7912633303365731,0.08512025227026687
1630,6,129,0.6596,14841,0.6596,0.7934813143148409,0.08555026020647032
1631,6,130,0.6522666666666667,14676,0.6522666666666667,0.7861599751275696,0.08499832639672097
1632,6,131,0.6558222222222222,14756,0.6558222222222222,0.7916324595358191,0.08716462475095056
1633,6,132,0.6580444444444444,14806,0.6580444444444444,0.7885090297412293,0.0812366209164962
1634,6,133,0.6569333333333334,14781,0.6569333333333334,0.7850757670704015,0.08122813332110872
1635,6,134,0.6590666666666667,14829,0.6590666666666667,0.7873341642956111,0.08078049309702819
1636,6,135,0.6523111111111111,14677,0.6523111111111111,0.7837627796743782,0.08389687986627846
1637,6,136,0.6537777777777778,14710,0.6537777777777778,0.7893353987412997,0.08818110898502605
1638,6,137,0.6572444444444444,14788,0.6572444444444444,0.7934521940715941,0.08600453521749397
1639,6,138,0.6522222222222223,14675,0.6522222222222223,0.7875626659328532,0.0847282429335482
1640,6,139,0.6596444444444445,14842,0.6596444444444445,0.7914596892639272,0.08264545328613457
1641,6,140,0.6574666666666666,14793,0.6574666666666666,0.7908246262604424,0.08507601532684708
1642,6,141,0.6584,14814,0.6584,0.7899510140150573,0.08333410891885158
1643,6,142,0.6529777777777778,14692,0.6529777777777778,0.7850213039070352,0.08423596395138083
1644,6,143,0.6537333333333334,14709,0.6537333333333334,0.7882711582303796,0.08662227771782674
1645,6,144,0.6606222222222222,14864,0.6606222222222222,0.7922918236257149,0.08303423156568436
1646,6,145,0.6589333333333334,14826,0.6589333333333334,0.7934168544740992,0.08480824233214392
1647,6,146,0.652,14670,0.652,0.7838089873817142,0.08578763335742343
1648,6,147,0.6580444444444444,14806,0.6580444444444444,0.7888072989310438,0.08229375061404857
1649,6,148,0.6503555555555556,14633,0.6503555555555556,0.7867699277955814,0.08761118603855236
1650,6,149,0.652,14670,0.652,0.7863990920311242,0.08532325519781116
1651,6,150,0.6558222222222222,14756,0.6558222222222222,0.7920384735285123,0.08560158335149048
1652,6,151,0.6519555555555555,14669,0.6519555555555555,0.7845771741994473,0.08519908360495954
1653,6,152,0.6547111111111111,14731,0.6547111111111111,0.789186804206503,0.08590138471176326
1654,6,153,0.6569333333333334,14781,0.6569333333333334,0.7876113992168229,0.08306456006172076
1655,6,154,0.6626222222222222,14909,0.6626222222222222,0.7908610909194577,0.08074413642417284
1656,6,155,0.6565333333333333,14772,0.6565333333333333,0.789309166354534,0.08561918795750073
1657,6,156,0.6553777777777777,14746,0.6553777777777777,0.7872679119910074,0.08253013931957982
1658,6,157,0.6564888888888889,14771,0.6564888888888889,0.7881737500637112,0.08406765182041567
1659,6,158,0.6543111111111111,14722,0.6543111111111111,0.7872232037289668,0.08531725586018948
1660,6,159,0.6610666666666667,14874,0.6610666666666667,0.7954564578616834,0.08665538601436289
1661,6,160,0.6547111111111111,14731,0.6547111111111111,0.793854035102712,0.08606945853734607
1662,6,161,0.6544444444444445,14725,0.6544444444444445,0.7910693623087828,0.08667816388100132
1663,6,162,0.6541333333333333,14718,0.6541333333333333,0.7859542113830531,0.08361404914100726
1664,6,163,0.6569777777777778,14782,0.6569777777777778,0.7913268486192493,0.08464362417559597
1665,6,164,0.6572,14787,0.6572,0.7915328162895628,0.0841577393019155
1666,6,165,0.656,14760,0.656,0.7891667084111417,0.08375488560394503
1667,6,166,0.6506222222222222,14639,0.6506222222222222,0.7865470650806318,0.08560876615297251
1668,6,167,0.6559111111111111,14758,0.6559111111111111,0.7895852198072024,0.08324925466947908
1669,6,168,0.6614222222222222,14882,0.6614222222222222,0.7944237213437628,0.08255169254529111
1670,6,169,0.6524,14679,0.6524,0.7869147997439369,0.08734687927414107
1671,6,170,0.6596,14841,0.6596,0.7912959951474935,0.08319823690285161
1672,6,171,0.6590666666666667,14829,0.6590666666666667,0.7937410541005993,0.08626523305892879
1673,6,172,0.6552444444444444,14743,0.6552444444444444,0.790027417832741,0.08648269890976623
1674,6,173,0.6536444444444445,14707,0.6536444444444445,0.7873223089005253,0.0847758984910705
1675,6,174,0.6650222222222222,14963,0.6650222222222222,0.7928954192424802,0.07950716505424289
1676,6,175,0.6573777777777777,14791,0.6573777777777777,0.7903770647942963,0.0864247756695353
1677,6,176,0.6584888888888889,14816,0.6584888888888889,0.7900082653754997,0.08360014204366996
1678,6,177,0.6555555555555556,14750,0.6555555555555556,0.7862317551166887,0.0826014793427654
1679,6,178,0.6542222222222223,14720,0.6542222222222223,0.7895652283750324,0.0825717232105572
1680,6,179,0.6594222222222222,14837,0.6594222222222222,0.7930498861270445,0.08377373342879825
1681,6,180,0.6575111111111112,14794,0.6575111111111112,0.7950898923626537,0.08767662964278847
1682,6,181,0.6617333333333333,14889,0.6617333333333333,0.793298306997883,0.08318472655199777
1683,6,182,0.6518222222222222,14666,0.6518222222222222,0.784216893453717,0.08417742975203048
1684,6,183,0.6547555555555555,14732,0.6547555555555555,0.793689707697738,0.08871134651768763
1685,6,184,0.6576888888888889,14798,0.6576888888888889,0.7907292827953124,0.08523100555201192
1686,6,185,0.6516444444444445,14662,0.6516444444444445,0.7842254271031806,0.08592846014622967
1687,6,186,0.6559555555555555,14759,0.6559555555555555,0.7883246262319845,0.08394513990961915
1688,6,187,0.6565333333333333,14772,0.6565333333333333,0.7916927320002435,0.08613031139842971
1689,6,188,0.6564444444444445,14770,0.6564444444444445,0.7911252334462063,0.08612887057334714
1690,6,189,0.6540888888888889,14717,0.6540888888888889,0.7894975644272731,0.08469512377834526
1691,6,190,0.6552,14742,0.6552,0.7879510645947848,0.08575586566380908
1692,6,191,0.6545777777777778,14728,0.6545777777777778,0.7870500213146033,0.08241100286079017
1693,6,192,0.6600444444444444,14851,0.6600444444444444,0.7929270176999714,0.08507461946527103
1694,6,193,0.6506222222222222,14639,0.6506222222222222,0.7843710600653031,0.08392151902267607
1695,6,194,0.6556444444444445,14752,0.6556444444444445,0.7891013390613513,0.08510421375219444
1696,6,195,0.6597333333333333,14844,0.6597333333333333,0.7932284648103587,0.08535878016619088
1697,6,196,0.6557333333333333,14754,0.6557333333333333,0.791968031770204,0.08370229752969062
1698,6,197,0.6588444444444445,14824,0.6588444444444445,0.7953306653706824,0.08499831394724718
1699,6,198,0.6609333333333334,14871,0.6609333333333334,0.7958313596512879,0.08585799697120843
1700,6,199,0.6530222222222222,14693,0.6530222222222222,0.7928842544893988,0.08684107374338372
1701,6,200,0.6531555555555556,14696,0.6531555555555556,0.7884136124303445,0.08497085215931678
1702,6,201,0.6584888888888889,14816,0.6584888888888889,0.7909585312451264,0.0829725989483834
1703,6,202,0.6582222222222223,14810,0.6582222222222223,0.7920214804649526,0.08571033659446328
1704,6,203,0.6593333333333333,14835,0.6593333333333333,0.7964073216073935,0.08734153287931833
1705,6,204,0.6518222222222222,14666,0.6518222222222222,0.7844058528197971,0.08561689285172472
1706,6,205,0.6583555555555556,14813,0.6583555555555556,0.7909824752112677,0.0841198235763406
1707,6,206,0.6553777777777777,14746,0.6553777777777777,0.7893279290403419,0.0838123210471029
1708,6,207,0.6534222222222222,14702,0.6534222222222222,0.7874365253748723,0.08587741120078947
1709,6,208,0.6555111111111112,14749,0.6555111111111112,0.793096547920922,0.0860875382073417
1710,6,209,0.6566666666666666,14775,0.6566666666666666,0.7939195621563206,0.08915888912637827
1711,6,210,0.6598666666666667,14847,0.6598666666666667,0.7933188724221367,0.08510590796412462
1712,6,211,0.6554666666666666,14748,0.6554666666666666,0.7942135697810314,0.08669218335524191
1713,6,212,0.6585777777777778,14818,0.6585777777777778,0.7911380597761789,0.08324198496479664
1714,6,213,0.6528888888888889,14690,0.6528888888888889,0.787946865846348,0.0853588739543816
1715,6,214,0.6581333333333333,14808,0.6581333333333333,0.7892217732404404,0.08307402118476896
1716,6,215,0.6584888888888889,14816,0.6584888888888889,0.7905670539247903,0.0866383223739118
1717,6,216,0.6521777777777777,14674,0.6521777777777777,0.7850487125005325,0.0849558158444446
1718,6,217,0.6579555555555555,14804,0.6579555555555555,0.7903645926697038,0.0828354048320734
1719,6,218,0.6568444444444445,14779,0.6568444444444445,0.7930286953752487,0.08758979335285588
1720,6,219,0.6544888888888889,14726,0.6544888888888889,0.7851695901192534,0.08355544301761729
1721,6,220,0.6558222222222222,14756,0.6558222222222222,0.789760099965976,0.08633155094833546
1722,6,221,0.6562666666666667,14766,0.6562666666666667,0.7930863183368939,0.08697838837087778
1723,6,222,0.6567555555555555,14777,0.6567555555555555,0.7879847075679097,0.08367489127160323
1724,6,223,0.6615111111111112,14884,0.6615111111111112,0.7957303365120688,0.08622388154963008
1725,6,224,0.6571555555555556,14786,0.6571555555555556,0.7890745204189709,0.08370807215695862
1726,6,225,0.6542666666666667,14721,0.6542666666666667,0.7914617868964747,0.08648863980998586
1727,6,226,0.6566666666666666,14775,0.6566666666666666,0.7878879274077419,0.08330357153776467
1728,6,227,0.6556,14751,0.6556,0.7917071383192623,0.08643783574318531
1729,6,228,0.6598222222222222,14846,0.6598222222222222,0.7913044466964061,0.08376841769503998
1730,6,229,0.6538666666666667,14712,0.6538666666666667,0.7879523897594779,0.08410874621122463
1731,6,230,0.6561333333333333,14763,0.6561333333333333,0.7856992580009998,0.08432388100185603
1732,6,231,0.6516888888888889,14663,0.6516888888888889,0.7860724574726253,0.08741984610695057
1733,6,232,0.6542666666666667,14721,0.6542666666666667,0.7884396626226604,0.08709439370708545
1734,6,233,0.6580444444444444,14806,0.6580444444444444,0.7858114556876213,0.08308385508624454
1735,6,234,0.6595111111111112,14839,0.6595111111111112,0.7923428391635842,0.0844169502949929
1736,6,235,0.6569333333333334,14781,0.6569333333333334,0.7883153995016613,0.0824128213456858
1737,6,236,0.6548,14733,0.6548,0.7877076863998574,0.08509283305972953
1738,6,237,0.6555111111111112,14749,0.6555111111111112,0.7899384838014518,0.08389289582238155
1739,6,238,0.6597777777777778,14845,0.6597777777777778,0.7916708138733732,0.08524970781748475
1740,6,239,0.6531111111111111,14695,0.6531111111111111,0.7879410736093959,0.08553243659930133
1741,6,240,0.6570222222222222,14783,0.6570222222222222,0.7903741004778222,0.08438151916090178
1742,6,241,0.6493333333333333,14610,0.6493333333333333,0.7866009320971779,0.08836619035769103
1743,6,242,0.6575555555555556,14795,0.6575555555555556,0.7935843728593869,0.08356457483164208
1744,6,243,0.6558222222222222,14756,0.6558222222222222,0.7876641944162811,0.08391360873768419
1745,6,244,0.6545333333333333,14727,0.6545333333333333,0.7893643901272239,0.08451766886403655
1746,6,245,0.6597777777777778,14845,0.6597777777777778,0.7924589078899434,0.08503342193540336
1747,6,246,0.6628888888888889,14915,0.6628888888888889,0.7954706302553783,0.08164424337903861
1748,6,247,0.6556,14751,0.6556,0.7887037645691637,0.08847885687914728
1749,6,248,0.6542222222222223,14720,0.6542222222222223,0.7873314781652624,0.08444789208334783
1750,6,249,0.6566666666666666,14775,0.6566666666666666,0.7868294121555329,0.0838195268844504
1751,6,250,0.6579555555555555,14804,0.6579555555555555,0.7906168167742929,0.08307557443103272
1752,6,251,0.6528,14688,0.6528,0.7868573142330898,0.08501948945365335
1753,6,252,0.6554666666666666,14748,0.6554666666666666,0.7854167443957866,0.082834680615602
1754,6,253,0.6595111111111112,14839,0.6595111111111112,0.7915630448677097,0.08337872492470463
1755,6,254,0.6576888888888889,14798,0.6576888888888889,0.7911566357724578,0.08404778778974495
1756,6,255,0.6575111111111112,14794,0.6575111111111112,0.7926615820927949,0.087951532649536
1757,6,256,0.6610222222222222,14873,0.6610222222222222,0.7965217603801841,0.08252258096407052
1758,6,257,0.6594222222222222,14837,0.6594222222222222,0.792719034248536,0.08377520324931048
1759,6,258,0.6563111111111111,14767,0.6563111111111111,0.7915813833469055,0.08561053584210764
1760,6,259,0.6563111111111111,14767,0.6563111111111111,0.7909748299343714,0.08561853151342518
1761,6,260,0.6560444444444444,14761,0.6560444444444444,0.7840775636271718,0.081057364244046
1762,6,261,0.6583111111111111,14812,0.6583111111111111,0.7949488727580574,0.0861573180770988
1763,6,262,0.6542666666666667,14721,0.6542666666666667,0.7870790417216834,0.08384887949207603
1764,6,263,0.6497777777777778,14620,0.6497777777777778,0.7874185521701434,0.08541267967846226
1765,6,264,0.6600888888888888,14852,0.6600888888888888,0.7922591024710779,0.08325471693696532
1766,6,265,0.6541333333333333,14718,0.6541333333333333,0.787533846710114,0.08405246186794808
1767,6,266,0.6548444444444445,14734,0.6548444444444445,0.7859663500442697,0.08263940841895326
1768,6,267,0.6555111111111112,14749,0.6555111111111112,0.7924390289383871,0.08676768359837043
1769,6,268,0.6522222222222223,14675,0.6522222222222223,0.7877038516980449,0.08716560248795462
1770,6,269,0.6568,14778,0.6568,0.7918244277994552,0.08498671286320018
1771,6,270,0.6567111111111111,14776,0.6567111111111111,0.7940408283328385,0.0871727460417123
1772,6,271,0.6567555555555555,14777,0.6567555555555555,0.7889426121445113,0.08447570715141349
1773,6,272,0.6571111111111111,14785,0.6571111111111111,0.7913766793716216,0.08487454900411286
1774,6,273,0.6570222222222222,14783,0.6570222222222222,0.7905514036352653,0.08404473506350257
1775,6,274,0.6565333333333333,14772,0.6565333333333333,0.7919643649770927,0.0857789049209561
1776,6,275,0.6575111111111112,14794,0.6575111111111112,0.7926495870298096,0.08486221968627015
1777,6,276,0.6551111111111111,14740,0.6551111111111111,0.7873280180173859,0.08502875035186122
1778,6,277,0.6574666666666666,14793,0.6574666666666666,0.7900180040939174,0.08411143920254895
1779,6,278,0.6547555555555555,14732,0.6547555555555555,0.7879896824993157,0.08341737765267167
1780,6,279,0.6568888888888889,14780,0.6568888888888889,0.790426567193097,0.08532549325515357
1781,6,280,0.6512,14652,0.6512,0.7890739032927233,0.08579301855188756
1782,6,281,0.6514222222222222,14657,0.6514222222222222,0.7847696506948064,0.08639467735226711
1783,6,282,0.6579111111111111,14803,0.6579111111111111,0.792623852237733,0.0831270687658465
1784,6,283,0.6554222222222222,14747,0.6554222222222222,0.7882526598899153,0.08440856621807785
1785,6,284,0.6544888888888889,14726,0.6544888888888889,0.7905402380876982,0.08717487970665136
1786,6,285,0.6515111111111112,14659,0.6515111111111112,0.7867869289261665,0.08586373638224748
1787,6,286,0.6545333333333333,14727,0.6545333333333333,0.7890970491576897,0.08714269086655163
1788,6,287,0.6539555555555555,14714,0.6539555555555555,0.7898501191586309,0.08679093974001031
1789,6,288,0.6556,14751,0.6556,0.7927488290769594,0.08864581953482407
1790,6,289,0.6570222222222222,14783,0.6570222222222222,0.7926047118182137,0.08515681022159646
1791,6,290,0.6567555555555555,14777,0.6567555555555555,0.7894999801751448,0.08300354920939962
1792,6,291,0.6556888888888889,14753,0.6556888888888889,0.7912661333545185,0.08405478978223607
1793,6,292,0.6565777777777778,14773,0.6565777777777778,0.7879962904687502,0.08337315229592276
1794,6,293,0.6574666666666666,14793,0.6574666666666666,0.7915055126029525,0.08519294069341019
1795,6,294,0.6550666666666667,14739,0.6550666666666667,0.7840873614952911,0.08114489218255608
1796,6,295,0.6557333333333333,14754,0.6557333333333333,0.7892662064840533,0.08443732166571938
1797,6,296,0.6564,14769,0.6564,0.7898571510435435,0.0860916276195936
1798,6,297,0.6568444444444445,14779,0.6568444444444445,0.7904819119800963,0.08554693218946355
1799,6,298,0.6599111111111111,14848,0.6599111111111111,0.7941051447663376,0.08313073234746454
1800,6,299,0.6584888888888889,14816,0.6584888888888889,0.7957324449158256,0.0875678192472351
1801,6,300,0.6557777777777778,14755,0.6557777777777778,0.7893458803609205,0.08550789753818291
1802,6,301,0.6551555555555556,14741,0.6551555555555556,0.7902666485812069,0.08692884548438028
1803,6,302,0.6581333333333333,14808,0.6581333333333333,0.7923698827887105,0.08500636382186864
1804,6,303,0.6596444444444445,14842,0.6596444444444445,0.7928446043837848,0.08553985680447895
1805,6,304,0.6576888888888889,14798,0.6576888888888889,0.7899817394057279,0.08557214615847904
1806,6,305,0.6560444444444444,14761,0.6560444444444444,0.7846317489835819,0.08317507553766111
1807,6,306,0.6559111111111111,14758,0.6559111111111111,0.7859460497537332,0.08214021262356978
1808,6,307,0.6589777777777778,14827,0.6589777777777778,0.790340276151067,0.08425272336721196
1809,6,308,0.6512,14652,0.6512,0.7828806592495725,0.08361314255090078
1810,6,309,0.6576444444444445,14797,0.6576444444444445,0.7916902797768198,0.08591975997666966
1811,6,310,0.6562222222222223,14765,0.6562222222222223,0.7900900341644439,0.08438604366179638
1812,6,311,0.6588,14823,0.6588,0.79376791457411,0.08620595720574609
1813,6,312,0.6568888888888889,14780,0.6568888888888889,0.7841124355250187,0.08326008936196037
1814,6,313,0.6536888888888889,14708,0.6536888888888889,0.7907392415156997,0.08557945776131666
1815,6,314,0.6624,14904,0.6624,0.7966700150088337,0.08565207306820374
1816,6,315,0.6519111111111111,14668,0.6519111111111111,0.7836608171639046,0.08440922777349219
1817,6,316,0.6563111111111111,14767,0.6563111111111111,0.7933857115771349,0.08833640798913321
1818,6,317,0.6596,14841,0.6596,0.7943708124096547,0.08427116009229559
1819,6,318,0.6558666666666667,14757,0.6558666666666667,0.7926599944453563,0.08591784499518178
1820,6,319,0.6615111111111112,14884,0.6615111111111112,0.794354761344437,0.08614105531625571
1821,6,320,0.6544444444444445,14725,0.6544444444444445,0.7879572680722964,0.08291487646354992
1822,6,321,0.6576444444444445,14797,0.6576444444444445,0.7871582122836813,0.08243635635675667
1823,6,322,0.6586666666666666,14820,0.6586666666666666,0.7874034470533438,0.08294362221938166
1824,6,323,0.6528888888888889,14690,0.6528888888888889,0.7868976885454187,0.08448557305477136
1825,6,324,0.6579111111111111,14803,0.6579111111111111,0.7947422605547168,0.08642364532569011
1826,6,325,0.6586222222222222,14819,0.6586222222222222,0.7935614292943755,0.0831883391246135
1827,6,326,0.6574666666666666,14793,0.6574666666666666,0.7880761077526692,0.08271220420174842
1828,6,327,0.6550222222222222,14738,0.6550222222222222,0.7886227559954395,0.08350869690787228
1829,6,328,0.6532888888888889,14699,0.6532888888888889,0.7882743854692303,0.08579380539869501
1830,6,329,0.6494666666666666,14613,0.6494666666666666,0.7838004811563367,0.08570875308818823
1831,6,330,0.6552,14742,0.6552,0.7923731862880657,0.08685332344679103
1832,6,331,0.6477777777777778,14575,0.6477777777777778,0.7837431223644344,0.08605342604588521
1833,6,332,0.6564888888888889,14771,0.6564888888888889,0.789413944644769,0.0825067088037802
1834,6,333,0.6595555555555556,14840,0.6595555555555556,0.7925198224366637,0.08423258674628704
1835,6,334,0.6551555555555556,14741,0.6551555555555556,0.7900365180063018,0.08738210916272036
1836,6,335,0.6572,14787,0.6572,0.7922918446268206,0.08615360379718677
1837,6,336,0.6552444444444444,14743,0.6552444444444444,0.7883719032498838,0.0856356449869269
1838,6,337,0.6584444444444445,14815,0.6584444444444445,0.7928364086439132,0.08447254569428647
1839,6,338,0.6546222222222222,14729,0.6546222222222222,0.7876085541573014,0.08403927882693744
1840,6,339,0.6557333333333333,14754,0.6557333333333333,0.7896781986125921,0.08554462185237435
1841,6,340,0.6525333333333333,14682,0.6525333333333333,0.7835489162356496,0.08499462968357094
1842,6,341,0.6526666666666666,14685,0.6526666666666666,0.7900279295202149,0.08665016739576001
1843,6,342,0.6541777777777777,14719,0.6541777777777777,0.7877510949467676,0.08252321985283334
1844,6,343,0.6576,14796,0.6576,0.7888126694077334,0.08038619588278413
1845,6,344,0.6547555555555555,14732,0.6547555555555555,0.7857444525554741,0.08391437144667012
1846,6,345,0.6522666666666667,14676,0.6522666666666667,0.7878014857058007,0.08553431887564018
1847,6,346,0.6548888888888889,14735,0.6548888888888889,0.7882535320023112,0.08420960013425932
1848,6,347,0.6569333333333334,14781,0.6569333333333334,0.7875323930348496,0.08415550258877384
1849,6,348,0.6591111111111111,14830,0.6591111111111111,0.7917752605424755,0.08459350118169344
1850,6,349,0.6549777777777778,14737,0.6549777777777778,0.7877784036026515,0.08209160264665821
1851,6,350,0.6535111111111112,14704,0.6535111111111112,0.7898493738357453,0.08720814465972218
1852,6,351,0.6574222222222222,14792,0.6574222222222222,0.7939191278678899,0.08540903947739521
1853,6,352,0.6576444444444445,14797,0.6576444444444445,0.7851298597630897,0.08114772603141739
1854,6,353,0.6597777777777778,14845,0.6597777777777778,0.7898885241249013,0.0837178633665545
1855,6,354,0.6578666666666667,14802,0.6578666666666667,0.7945278219736255,0.08784512958647943
1856,6,355,0.6616888888888889,14888,0.6616888888888889,0.7927966246210205,0.08283928872862578
1857,6,356,0.6544888888888889,14726,0.6544888888888889,0.7882654576599522,0.08503637813002912
1858,6,357,0.6579555555555555,14804,0.6579555555555555,0.7922910739962497,0.08440806855890642
1859,6,358,0.6595555555555556,14840,0.6595555555555556,0.7903223056424941,0.0842267729466485
1860,6,359,0.6563555555555556,14768,0.6563555555555556,0.7839487049599635,0.08218981494001759
1861,6,360,0.6579555555555555,14804,0.6579555555555555,0.7908821498253098,0.08281593888452705
1862,6,361,0.6624444444444444,14905,0.6624444444444444,0.7920058465237391,0.08298604265251285
1863,6,362,0.654,14715,0.654,0.7832446889347706,0.08321277528113682
1864,6,363,0.6598666666666667,14847,0.6598666666666667,0.790553424036564,0.08137333226295569
1865,6,364,0.6533777777777777,14701,0.6533777777777777,0.7843029210774208,0.08499812959788546
1866,6,365,0.6539555555555555,14714,0.6539555555555555,0.7870059752042393,0.08526430714925386
1867,6,366,0.6532444444444444,14698,0.6532444444444444,0.7848377934006912,0.08409961233839168
1868,6,367,0.6558222222222222,14756,0.6558222222222222,0.7907541916165001,0.08523183262241518
1869,6,368,0.6558666666666667,14757,0.6558666666666667,0.7873592024853437,0.08441933150335558
1870,6,369,0.6553333333333333,14745,0.6553333333333333,0.7877535397398695,0.08251999826925294
1871,6,370,0.6596888888888889,14843,0.6596888888888889,0.7892737409805629,0.08157772359027432
1872,6,371,0.6533333333333333,14700,0.6533333333333333,0.7906111542248486,0.08779384341764505
1873,6,372,0.6536888888888889,14708,0.6536888888888889,0.7887478017875561,0.0848075051996773
1874,6,373,0.6604888888888889,14861,0.6604888888888889,0.7925038510926492,0.08281017231099913
1875,6,374,0.6587555555555555,14822,0.6587555555555555,0.7898476800925778,0.08295301024223047
1876,6,375,0.6623555555555556,14903,0.6623555555555556,0.7926336559011185,0.07985726756519039
1877,6,376,0.6582222222222223,14810,0.6582222222222223,0.7944893516622733,0.0869834313056366
1878,6,377,0.6550222222222222,14738,0.6550222222222222,0.7900133058978502,0.08482934120401457
1879,6,378,0.6552,14742,0.6552,0.7899281170391739,0.08739640729500639
1880,6,379,0.6577777777777778,14800,0.6577777777777778,0.7903697491697028,0.0845538512508337
1881,6,380,0.6612888888888889,14879,0.6612888888888889,0.795890487680139,0.08334214626868773
1882,6,381,0.6560888888888889,14762,0.6560888888888889,0.7963896526538156,0.0886660075227222
1883,6,382,0.6563555555555556,14768,0.6563555555555556,0.7888666176894286,0.08313794369444222
1884,6,383,0.6558666666666667,14757,0.6558666666666667,0.788075193752886,0.08391156588426804
1885,6,384,0.6566222222222222,14774,0.6566222222222222,0.7908268776877768,0.08644881842161432
1886,6,385,0.6571111111111111,14785,0.6571111111111111,0.7902468380113142,0.08376971189258234
1887,6,386,0.6596,14841,0.6596,0.7927220902980381,0.08441881976700086
1888,6,387,0.6562222222222223,14765,0.6562222222222223,0.788873173966006,0.08474111784494108
1889,6,388,0.6555111111111112,14749,0.6555111111111112,0.7911019581273845,0.0886031216407612
1890,6,389,0.6581333333333333,14808,0.6581333333333333,0.7886057388146519,0.08409777119242193
1891,6,390,0.6542222222222223,14720,0.6542222222222223,0.790807376183649,0.08794078662622355
1892,6,391,0.6569777777777778,14782,0.6569777777777778,0.7934950076003918,0.0852537588292071
1893,6,392,0.6545333333333333,14727,0.6545333333333333,0.793641071938813,0.08981229597885249
1894,6,393,0.6569777777777778,14782,0.6569777777777778,0.788914301776921,0.08319113672572419
1895,6,394,0.6547555555555555,14732,0.6547555555555555,0.7895140097030884,0.08425387780036434
1896,6,395,0.6578666666666667,14802,0.6578666666666667,0.7935387832682727,0.08605182933139777
1897,6,396,0.6572888888888889,14789,0.6572888888888889,0.7890052788230829,0.08396933672220358
1898,6,397,0.6554666666666666,14748,0.6554666666666666,0.791557349063819,0.08607014168014893
1899,6,398,0.6559555555555555,14759,0.6559555555555555,0.7889517363729754,0.08487919605129116
1900,6,399,0.6572888888888889,14789,0.6572888888888889,0.7923429366686603,0.08631711159596846
1901,6,400,0.6555555555555556,14750,0.6555555555555556,0.7885347243065013,0.08356905541859899
1902,6,401,0.6549333333333334,14736,0.6549333333333334,0.7869764680540997,0.08269953069829653
1903,6,402,0.6596444444444445,14842,0.6596444444444445,0.792958297959477,0.08439191826543845
1904,6,403,0.6557777777777778,14755,0.6557777777777778,0.7912189202132311,0.08546013734335677
1905,6,404,0.6543555555555556,14723,0.6543555555555556,0.7915498787880254,0.08856521493590395
1906,6,405,0.6576888888888889,14798,0.6576888888888889,0.7906451098217269,0.08424721270215535
1907,6,406,0.6516,14661,0.6516,0.7903665485554906,0.08639834700688558
1908,6,407,0.6575555555555556,14795,0.6575555555555556,0.7903206723370706,0.08475540976200123
1909,6,408,0.6576,14796,0.6576,0.7906652813061098,0.08341081022443976
1910,6,409,0.6581333333333333,14808,0.6581333333333333,0.7919142841955211,0.0839083012026926
1911,6,410,0.6548444444444445,14734,0.6548444444444445,0.7904913533694569,0.08552941809800359
1912,6,411,0.6559555555555555,14759,0.6559555555555555,0.7905790409352725,0.08541244291716331
1913,6,412,0.6557333333333333,14754,0.6557333333333333,0.7919836633254626,0.08582454790634213
1914,6,413,0.6564444444444445,14770,0.6564444444444445,0.7904091848326952,0.08439778358619683
1915,6,414,0.6531111111111111,14695,0.6531111111111111,0.7886479328743834,0.0858467890666477
1916,6,415,0.6559555555555555,14759,0.6559555555555555,0.7904654055475249,0.08761292349907585
1917,6,416,0.6546666666666666,14730,0.6546666666666666,0.7882887783141778,0.08518584255424934
1918,6,417,0.6585333333333333,14817,0.6585333333333333,0.7934336513177108,0.08500049382203675
1919,6,418,0.6550666666666667,14739,0.6550666666666667,0.7860226899817483,0.08264510023541928
1920,6,419,0.6574666666666666,14793,0.6574666666666666,0.7904574197330292,0.08241517675731189
1921,6,420,0.6591111111111111,14830,0.6591111111111111,0.78969406713739,0.0836039505135117
1922,6,421,0.6542666666666667,14721,0.6542666666666667,0.789421929762418,0.0863965363447967
1923,6,422,0.6651555555555556,14966,0.6651555555555556,0.8011995678466218,0.08796775142136948
1924,6,423,0.654,14715,0.654,0.7878487528222893,0.08887541085583789
1925,6,424,0.6538666666666667,14712,0.6538666666666667,0.7890603689710521,0.08333234321257331
1926,6,425,0.6540444444444444,14716,0.6540444444444444,0.7903551939540244,0.08662794095476169
1927,6,426,0.6612444444444444,14878,0.6612444444444444,0.7978844344082134,0.08651429901214584
1928,6,427,0.6572444444444444,14788,0.6572444444444444,0.789493876651445,0.08574152871170894
1929,6,428,0.6537777777777778,14710,0.6537777777777778,0.789269053183002,0.08569510268336544
1930,6,429,0.6594222222222222,14837,0.6594222222222222,0.7933172546068212,0.08497915678256182
1931,6,430,0.6589777777777778,14827,0.6589777777777778,0.7919210776103525,0.08378352206971486
1932,6,431,0.6557777777777778,14755,0.6557777777777778,0.7951699482159333,0.0884615115469824
1933,6,432,0.6576444444444445,14797,0.6576444444444445,0.7917753499559711,0.085120970865483
1934,6,433,0.6528,14688,0.6528,0.7886659986539841,0.0878349792897452
1935,6,434,0.6592,14832,0.6592,0.788051477587104,0.08141472856920035
1936,6,435,0.6570222222222222,14783,0.6570222222222222,0.7927475251475493,0.08724510041223787
1937,6,436,0.6596,14841,0.6596,0.7959612822355541,0.08314512071929595
1938,6,437,0.6589777777777778,14827,0.6589777777777778,0.7911704406148874,0.08407781798904346
1939,6,438,0.6563111111111111,14767,0.6563111111111111,0.792834854408987,0.08615610796231367
1940,6,439,0.6579111111111111,14803,0.6579111111111111,0.7898868150242793,0.08436606671526195
1941,6,440,0.6556444444444445,14752,0.6556444444444445,0.7849024766710093,0.08284294173697761
1942,6,441,0.6530222222222222,14693,0.6530222222222222,0.7860609667251294,0.0859717073100721
1943,6,442,0.6587111111111111,14821,0.6587111111111111,0.7933783462660938,0.08345532058814807
1944,6,443,0.6612888888888889,14879,0.6612888888888889,0.7922365564239675,0.0853573387583889
1945,6,444,0.6593333333333333,14835,0.6593333333333333,0.7896635953196603,0.08461039569160904
1946,6,445,0.6563111111111111,14767,0.6563111111111111,0.7877587509989685,0.0832513894405903
1947,6,446,0.652,14670,0.652,0.7903265649924066,0.08720434894484622
1948,6,447,0.6534666666666666,14703,0.6534666666666666,0.7891263723366811,0.08766506405054436
1949,6,448,0.6531111111111111,14695,0.6531111111111111,0.7858771114353931,0.08351844960098409
1950,6,449,0.6550222222222222,14738,0.6550222222222222,0.7873318035853525,0.08396153233419947
1951,6,450,0.6527111111111111,14686,0.6527111111111111,0.7873516443395566,0.08681948823764629
1952,6,451,0.6577777777777778,14800,0.6577777777777778,0.7881411831184812,0.08270613645566088
1953,6,452,0.6550666666666667,14739,0.6550666666666667,0.7882410227920756,0.08231566139938083
1954,6,453,0.6588,14823,0.6588,0.794166636820284,0.08438690388156979
1955,6,454,0.6658222222222222,14981,0.6658222222222222,0.796876416673468,0.08251501757011394
1956,6,455,0.6581777777777778,14809,0.6581777777777778,0.7892670427375028,0.08253808339967467
1957,6,456,0.6561777777777777,14764,0.6561777777777777,0.7913938895308475,0.08435326613275572
1958,6,457,0.6555555555555556,14750,0.6555555555555556,0.7891376057624766,0.08462015674946832
1959,6,458,0.6555555555555556,14750,0.6555555555555556,0.7859306881676607,0.08245807331763964
1960,6,459,0.6582666666666667,14811,0.6582666666666667,0.7896521324150686,0.08190547956177438
1961,6,460,0.6562222222222223,14765,0.6562222222222223,0.7897024113056501,0.08489066261356058
1962,6,461,0.6576444444444445,14797,0.6576444444444445,0.7884198507913502,0.08236588695026835
1963,6,462,0.6521777777777777,14674,0.6521777777777777,0.7855281956755353,0.08582546712253315
1964,6,463,0.6549333333333334,14736,0.6549333333333334,0.7885564763723198,0.08705853846301931
1965,6,464,0.6514222222222222,14657,0.6514222222222222,0.7909461375583275,0.08890457967133868
1966,6,465,0.6501333333333333,14628,0.6501333333333333,0.7866621018447737,0.08657919267288544
1967,6,466,0.6573777777777777,14791,0.6573777777777777,0.7946692022278408,0.08360926991110751
1968,6,467,0.6595555555555556,14840,0.6595555555555556,0.7948278436162916,0.08321989915958582
1969,6,468,0.6585777777777778,14818,0.6585777777777778,0.7913280631113162,0.08312793000118532
1970,6,469,0.6614666666666666,14883,0.6614666666666666,0.7914944788300964,0.08206585838462392
1971,6,470,0.6618666666666667,14892,0.6618666666666667,0.7922106683989093,0.08213101046848932
1972,6,471,0.6560444444444444,14761,0.6560444444444444,0.7906341803382757,0.08568124789209106
1973,6,472,0.6592444444444444,14833,0.6592444444444444,0.7932757075768315,0.08327229805276878
1974,6,473,0.6549777777777778,14737,0.6549777777777778,0.7897548105372532,0.08393034558898183
1975,6,474,0.6535555555555556,14705,0.6535555555555556,0.7882310055052596,0.08588520644694575
1976,6,475,0.6528888888888889,14690,0.6528888888888889,0.785375214944437,0.08602566254479715
1977,6,476,0.6521333333333333,14673,0.6521333333333333,0.7874252974993359,0.08606859208508312
1978,6,477,0.66,14850,0.66,0.7955247355973897,0.0856286186956037
1979,6,478,0.6568444444444445,14779,0.6568444444444445,0.7916983674183983,0.08444332863010201
1980,6,479,0.6604888888888889,14861,0.6604888888888889,0.7973441686020369,0.08751115348613218
1981,6,480,0.6512,14652,0.6512,0.7903704159402446,0.08734019637223785
1982,6,481,0.6564444444444445,14770,0.6564444444444445,0.7872464644424898,0.08380779382574809
1983,6,482,0.6562222222222223,14765,0.6562222222222223,0.7894708129472654,0.0865145272040984
1984,6,483,0.6544444444444445,14725,0.6544444444444445,0.7825450255547198,0.08121396798484244
1985,6,484,0.6560444444444444,14761,0.6560444444444444,0.7897805697049705,0.08546565336537479
1986,6,485,0.6534222222222222,14702,0.6534222222222222,0.7898447529909586,0.08489962254151463
1987,6,486,0.6562666666666667,14766,0.6562666666666667,0.7941458588457168,0.08731879634849457
1988,6,487,0.6567111111111111,14776,0.6567111111111111,0.7863240612173017,0.07916232822239577
1989,6,488,0.6544888888888889,14726,0.6544888888888889,0.7889756280031069,0.08419275520819824
1990,6,489,0.6602666666666667,14856,0.6602666666666667,0.7923488383832449,0.08599704774837279
1991,6,490,0.6572888888888889,14789,0.6572888888888889,0.7930419346257005,0.08746235355072525
1992,6,491,0.6568,14778,0.6568,0.7910192385086386,0.08368607630341014
1993,6,492,0.6596,14841,0.6596,0.7884652260415144,0.0802443570260692
1994,6,493,0.6612444444444444,14878,0.6612444444444444,0.7934177932505444,0.08384527149477576
1995,6,494,0.6542222222222223,14720,0.6542222222222223,0.7842150456717616,0.08478805864124965
1996,6,495,0.6550222222222222,14738,0.6550222222222222,0.7873950875755554,0.08463370911927519
1997,6,496,0.6582222222222223,14810,0.6582222222222223,0.7928651279685575,0.08545760235096839
1998,6,497,0.6598666666666667,14847,0.6598666666666667,0.7925816061380933,0.08515527357628604
1999,6,498,0.6560444444444444,14761,0.6560444444444444,0.7870692736817599,0.08332757074539507
2000,6,499,0.6543555555555556,14723,0.6543555555555556,0.7896902517685599,0.0850352380283136
2001,8,0,0.6373777777777778,14341,0.6373777777777778,0.7746782873488332,0.09259268023176088
2002,8,1,0.6394666666666666,14388,0.6394666666666666,0.7829165688938968,0.09495742775714497
2003,8,2,0.6394222222222222,14387,0.6394222222222222,0.7840914979139302,0.09762778842934171
2004,8,3,0.6383111111111112,14362,0.6383111111111112,0.7810694297464206,0.09367180898120922
2005,8,4,0.6315555555555555,14210,0.6315555555555555,0.7769090311370856,0.09466129097776788
2006,8,5,0.6345777777777778,14278,0.6345777777777778,0.7816520330137966,0.0961064944778719
2007,8,6,0.6366222222222222,14324,0.6366222222222222,0.7800781560445248,0.09337983495164653
2008,8,7,0.6392888888888889,14384,0.6392888888888889,0.7793318191223659,0.09392548402272625
2009,8,8,0.6361777777777777,14314,0.6361777777777777,0.7802884705047622,0.09584554199702149
2010,8,9,0.6309777777777777,14197,0.6309777777777777,0.7751978779948928,0.09580313475924739
2011,8,10,0.6396888888888889,14393,0.6396888888888889,0.7806524627501299,0.09267184305527802
2012,8,11,0.6368,14328,0.6368,0.7805140712960941,0.09544003947748676
2013,8,12,0.6370666666666667,14334,0.6370666666666667,0.7803214788889012,0.09676669386296355
2014,8,13,0.6338666666666667,14262,0.6338666666666667,0.7775262386339526,0.09409284570051309
2015,8,14,0.6402666666666667,14406,0.6402666666666667,0.7833980314836783,0.09413853994380117
2016,8,15,0.6384888888888889,14366,0.6384888888888889,0.7794728678564531,0.09477603441071572
2017,8,16,0.6337777777777778,14260,0.6337777777777778,0.7795845332567344,0.0985122244853421
2018,8,17,0.6387555555555555,14372,0.6387555555555555,0.7828229610752081,0.09546898174570573
2019,8,18,0.6357333333333334,14304,0.6357333333333334,0.7819599932061853,0.09886970099780241
2020,8,19,0.6365333333333333,14322,0.6365333333333333,0.778238182798329,0.09373821507506185
2021,8,20,0.6375555555555555,14345,0.6375555555555555,0.782119112081441,0.096626716703023
2022,8,21,0.6409333333333334,14421,0.6409333333333334,0.7804423579757398,0.0937190487832978
2023,8,22,0.6343111111111112,14272,0.6343111111111112,0.7837219088093998,0.09765085074811823
2024,8,23,0.6401777777777777,14404,0.6401777777777777,0.7833615434138073,0.09538020366286962
2025,8,24,0.6345777777777778,14278,0.6345777777777778,0.7790760713498662,0.09728661753161638
2026,8,25,0.6351111111111111,14290,0.6351111111111111,0.7773898935615601,0.09500163414301017
2027,8,26,0.6358222222222222,14306,0.6358222222222222,0.7817578873048603,0.09646936332754102
2028,8,27,0.6416888888888889,14438,0.6416888888888889,0.7837139287088772,0.09306367735355194
2029,8,28,0.6368444444444444,14329,0.6368444444444444,0.7801491060052803,0.09510014108381612
2030,8,29,0.6376888888888889,14348,0.6376888888888889,0.7793872222238414,0.09218405950526108
2031,8,30,0.6405333333333333,14412,0.6405333333333333,0.7819563100747469,0.09281664413318394
2032,8,31,0.6394666666666666,14388,0.6394666666666666,0.7778524890586823,0.0927469124686758
2033,8,32,0.6411111111111111,14425,0.6411111111111111,0.7850155682568983,0.09436761504477947
2034,8,33,0.6347555555555555,14282,0.6347555555555555,0.7786752705334968,0.09503624352772763
2035,8,34,0.6364,14319,0.6364,0.7769741199466473,0.09369430043389212
2036,8,35,0.6356888888888889,14303,0.6356888888888889,0.7790639035429873,0.09681894502173242
2037,8,36,0.638,14355,0.638,0.7832296060309957,0.09470623807918183
2038,8,37,0.6401777777777777,14404,0.6401777777777777,0.7786077453025039,0.09185528980567285
2039,8,38,0.6346222222222222,14279,0.6346222222222222,0.7786364906161242,0.0949284313530208
2040,8,39,0.6354666666666666,14298,0.6354666666666666,0.7758205884008141,0.09301390384525238
2041,8,40,0.6424888888888889,14456,0.6424888888888889,0.786177224274013,0.09370936372926936
2042,8,41,0.6359111111111111,14308,0.6359111111111111,0.7821195828116164,0.09801907876426916
2043,8,42,0.6419111111111111,14443,0.6419111111111111,0.781648351244759,0.0926961779604658
2044,8,43,0.6381777777777777,14359,0.6381777777777777,0.7803619550281794,0.09444612135644868
2045,8,44,0.6420444444444444,14446,0.6420444444444444,0.7840318681014776,0.09369186869665544
2046,8,45,0.6330222222222223,14243,0.6330222222222223,0.7777419381304322,0.09722809941787636
2047,8,46,0.6350666666666667,14289,0.6350666666666667,0.7751989418009553,0.09099667511705518
2048,8,47,0.6381333333333333,14358,0.6381333333333333,0.7765639481114217,0.09251066010300091
2049,8,48,0.6367555555555555,14327,0.6367555555555555,0.7790355378942504,0.09599207367853463
2050,8,49,0.6384,14364,0.6384,0.7765122471874294,0.09262543486501472
2051,8,50,0.6360444444444444,14311,0.6360444444444444,0.7791606532575952,0.09703015986916604
2052,8,51,0.6344888888888889,14276,0.6344888888888889,0.7764473171859746,0.09362522939811312
2053,8,52,0.6372444444444444,14338,0.6372444444444444,0.7791506982843708,0.09437073325528937
2054,8,53,0.6361777777777777,14314,0.6361777777777777,0.7842369437872541,0.09812270630385758
2055,8,54,0.6366222222222222,14324,0.6366222222222222,0.7808927871981542,0.0942296565885726
2056,8,55,0.6372444444444444,14338,0.6372444444444444,0.7780869865573068,0.09457075874897095
2057,8,56,0.6364888888888889,14321,0.6364888888888889,0.7822482140170695,0.09689959473087938
2058,8,57,0.6427555555555555,14462,0.6427555555555555,0.7814369950778921,0.09402567139989547
2059,8,58,0.6361777777777777,14314,0.6361777777777777,0.7775917582856894,0.0947734565609157
2060,8,59,0.6368444444444444,14329,0.6368444444444444,0.7780115539387573,0.09547320769931207
2061,8,60,0.6340444444444444,14266,0.6340444444444444,0.7794483420087969,0.09407594680381626
2062,8,61,0.6319555555555556,14219,0.6319555555555556,0.7778333380291488,0.09945454578989922
2063,8,62,0.6404888888888889,14411,0.6404888888888889,0.7837786386075744,0.09359573753959152
2064,8,63,0.6363111111111112,14317,0.6363111111111112,0.7787696341260363,0.09518060621713176
2065,8,64,0.6348888888888888,14285,0.6348888888888888,0.7809680143763819,0.09743575810660757
2066,8,65,0.6348444444444444,14284,0.6348444444444444,0.7804126933948516,0.09625818734520837
2067,8,66,0.6343555555555556,14273,0.6343555555555556,0.7765408358258313,0.09520937898138197
2068,8,67,0.6324888888888889,14231,0.6324888888888889,0.7769701450326987,0.09713870640855864
2069,8,68,0.6412444444444444,14428,0.6412444444444444,0.7828173496708619,0.0958269294429093
2070,8,69,0.6365777777777778,14323,0.6365777777777778,0.7795448876646284,0.09696403800390199
2071,8,70,0.6388,14373,0.6388,0.7789065924811699,0.09288662242331214
2072,8,71,0.6366222222222222,14324,0.6366222222222222,0.7778736276258028,0.09288220433657762
2073,8,72,0.6369777777777778,14332,0.6369777777777778,0.78205399229354,0.09678412740166029
2074,8,73,0.6417777777777778,14440,0.6417777777777778,0.7824763976858378,0.0911591936750659
2075,8,74,0.6368444444444444,14329,0.6368444444444444,0.7804355137345799,0.09794312182854675
2076,8,75,0.6453777777777778,14521,0.6453777777777778,0.7862158069200498,0.095471886021899
2077,8,76,0.6339111111111111,14263,0.6339111111111111,0.778514901301355,0.0935714881393949
2078,8,77,0.6366666666666667,14325,0.6366666666666667,0.7767293807043139,0.0955073822713989
2079,8,78,0.6376888888888889,14348,0.6376888888888889,0.7772559214526202,0.0914214831481279
2080,8,79,0.6402666666666667,14406,0.6402666666666667,0.7792182233073878,0.09373191090775064
2081,8,80,0.6291111111111111,14155,0.6291111111111111,0.7698370786219804,0.09340281593674844
2082,8,81,0.6380888888888889,14357,0.6380888888888889,0.7760028555697344,0.09386518380514854
2083,8,82,0.6373777777777778,14341,0.6373777777777778,0.7791746423782955,0.09447687228444406
2084,8,83,0.6414666666666666,14433,0.6414666666666666,0.7836846896522256,0.09704481835731459
2085,8,84,0.6393777777777778,14386,0.6393777777777778,0.7823252573239211,0.09291535076569098
2086,8,85,0.6422666666666667,14451,0.6422666666666667,0.7806975246014412,0.0914139217954089
2087,8,86,0.6392,14382,0.6392,0.7765748268960273,0.0926529780340767
2088,8,87,0.6373777777777778,14341,0.6373777777777778,0.7765153166649112,0.09293611214826622
2089,8,88,0.6409777777777778,14422,0.6409777777777778,0.781457523121145,0.09399403979028163
2090,8,89,0.6356,14301,0.6356,0.7849388681857276,0.10071470513505344
2091,8,90,0.6374666666666666,14343,0.6374666666666666,0.7788516423180969,0.0905646291554814
2092,8,91,0.6375111111111111,14344,0.6375111111111111,0.7820903333621895,0.09461716786314579
2093,8,92,0.6370222222222223,14333,0.6370222222222223,0.7744552447244513,0.0912245112844264
2094,8,93,0.6414222222222222,14432,0.6414222222222222,0.7807698215085872,0.09106679336253187
2095,8,94,0.6341333333333333,14268,0.6341333333333333,0.7818944369740252,0.09938297998624977
2096,8,95,0.6383111111111112,14362,0.6383111111111112,0.7819951164628322,0.09299305702729695
2097,8,96,0.6401777777777777,14404,0.6401777777777777,0.7815007125506302,0.09211730747280908
2098,8,97,0.6384444444444445,14365,0.6384444444444445,0.7787981652528944,0.0933696147357164
2099,8,98,0.6385777777777778,14368,0.6385777777777778,0.7824887531272077,0.09416525270908946
2100,8,99,0.6361777777777777,14314,0.6361777777777777,0.7792877700514332,0.09575818526207616
2101,8,100,0.6388,14373,0.6388,0.7842062022174624,0.09734296966458755
2102,8,101,0.6417777777777778,14440,0.6417777777777778,0.7815504226486912,0.09163125344878065
2103,8,102,0.6415111111111111,14434,0.6415111111111111,0.7844436441986411,0.09418035283301997
2104,8,103,0.6385777777777778,14368,0.6385777777777778,0.7786450774980572,0.09444896235239675
2105,8,104,0.6395555555555555,14390,0.6395555555555555,0.7853010476988883,0.09540791352526284
2106,8,105,0.6389777777777778,14377,0.6389777777777778,0.7814406258325008,0.0956632768384949
2107,8,106,0.6352,14292,0.6352,0.7803197117213191,0.09835024172388458
2108,8,107,0.6400888888888889,14402,0.6400888888888889,0.7756559274143401,0.08930731817602762
2109,8,108,0.6397777777777778,14395,0.6397777777777778,0.7827632516821232,0.09411903149331034
2110,8,109,0.6302666666666666,14181,0.6302666666666666,0.7757031110959065,0.0964841688622506
2111,8,110,0.6372444444444444,14338,0.6372444444444444,0.7801428814371166,0.09442000457569792
2112,8,111,0.6341777777777777,14269,0.6341777777777777,0.7765658206913211,0.09508376190642572
2113,8,112,0.6404888888888889,14411,0.6404888888888889,0.7800783047180154,0.09166703656532418
2114,8,113,0.6388888888888888,14375,0.6388888888888888,0.7835996757930068,0.10055555219190399
2115,8,114,0.6326666666666667,14235,0.6326666666666667,0.7729422070402454,0.09340233903459953
2116,8,115,0.6348,14283,0.6348,0.7795358250158227,0.09649640541079196
2117,8,116,0.6385777777777778,14368,0.6385777777777778,0.779278509541482,0.0925160695165914
2118,8,117,0.6387555555555555,14372,0.6387555555555555,0.7805762875939751,0.09516609531948132
2119,8,118,0.6400444444444444,14401,0.6400444444444444,0.7775923837126328,0.09305189832417825
2120,8,119,0.6373777777777778,14341,0.6373777777777778,0.7831033578494767,0.09560330046328201
2121,8,120,0.6367555555555555,14327,0.6367555555555555,0.7795036807138405,0.09239475341896397
2122,8,121,0.6345333333333333,14277,0.6345333333333333,0.7797424131808125,0.09612945526144265
2123,8,122,0.6344444444444445,14275,0.6344444444444445,0.7797804808235317,0.09528007295033733
2124,8,123,0.6353333333333333,14295,0.6353333333333333,0.781136622041469,0.0953085669446779
2125,8,124,0.6324888888888889,14231,0.6324888888888889,0.7760826001316384,0.09747981674099811
2126,8,125,0.6312888888888889,14204,0.6312888888888889,0.7743737242168458,0.09597365485272082
2127,8,126,0.6317333333333334,14214,0.6317333333333334,0.7777211945645216,0.09607315210502677
2128,8,127,0.6383555555555556,14363,0.6383555555555556,0.7797423803933252,0.09531290063320734
2129,8,128,0.6372888888888889,14339,0.6372888888888889,0.781312963518868,0.09479207736574521
2130,8,129,0.642,14445,0.642,0.781583671322682,0.09371914077387211
2131,8,130,0.6347555555555555,14282,0.6347555555555555,0.7786064108202303,0.09414900978227143
2132,8,131,0.6365777777777778,14323,0.6365777777777778,0.7821774228169723,0.09669173529381979
2133,8,132,0.6371555555555556,14336,0.6371555555555556,0.782580286826038,0.09559156827510952
2134,8,133,0.6427111111111111,14461,0.6427111111111111,0.782853083451943,0.09468867470999717
2135,8,134,0.6368888888888888,14330,0.6368888888888888,0.7802133078121352,0.09660858789012156
2136,8,135,0.6381777777777777,14359,0.6381777777777777,0.7825320839890153,0.09714886448078643
2137,8,136,0.6400888888888889,14402,0.6400888888888889,0.7803897373248746,0.09491762247275022
2138,8,137,0.6368888888888888,14330,0.6368888888888888,0.7833168027606999,0.09844835035892083
2139,8,138,0.6341333333333333,14268,0.6341333333333333,0.7766333985683864,0.09489318927687757
2140,8,139,0.6422666666666667,14451,0.6422666666666667,0.7823567807760491,0.09453023445421788
2141,8,140,0.6391555555555556,14381,0.6391555555555556,0.7764904113368385,0.09234532106480747
2142,8,141,0.6367111111111111,14326,0.6367111111111111,0.7839641265421591,0.09629012094034752
2143,8,142,0.6351555555555556,14291,0.6351555555555556,0.7815873884462669,0.09884447877011013
2144,8,143,0.6376,14346,0.6376,0.7784245023512922,0.09417428509227647
2145,8,144,0.6363555555555556,14318,0.6363555555555556,0.781025361931342,0.09690121295211022
2146,8,145,0.6342222222222222,14270,0.6342222222222222,0.7787678307742684,0.09632338672368179
2147,8,146,0.6341777777777777,14269,0.6341777777777777,0.7762149313692728,0.09519747445718184
2148,8,147,0.6370666666666667,14334,0.6370666666666667,0.7794242116553756,0.09507775007729545
2149,8,148,0.6423555555555556,14453,0.6423555555555556,0.7854353553597692,0.09363427095448967
2150,8,149,0.6372888888888889,14339,0.6372888888888889,0.7794748478015746,0.0940371591283159
2151,8,150,0.6324444444444445,14230,0.6324444444444445,0.7746684494135263,0.0939932060457504
2152,8,151,0.6368444444444444,14329,0.6368444444444444,0.7783068522860666,0.09453825612305487
2153,8,152,0.6344444444444445,14275,0.6344444444444445,0.7784031339321594,0.09632486939780184
2154,8,153,0.6407111111111111,14416,0.6407111111111111,0.7830074055184277,0.09467490490469621
2155,8,154,0.6366222222222222,14324,0.6366222222222222,0.7735907066967779,0.09178082270340118
2156,8,155,0.6383555555555556,14363,0.6383555555555556,0.7828469586986042,0.0972439756343934
2157,8,156,0.6372888888888889,14339,0.6372888888888889,0.7773710145666204,0.09174799428840698
2158,8,157,0.6318666666666667,14217,0.6318666666666667,0.7735482978514769,0.09750989714787872
2159,8,158,0.6378222222222222,14351,0.6378222222222222,0.7794521720806732,0.09434564275915602
2160,8,159,0.64,14400,0.64,0.7814021298033857,0.0961352780734383
2161,8,160,0.6336,14256,0.6336,0.7752457611591426,0.09319005084333597
2162,8,161,0.6328888888888888,14240,0.6328888888888888,0.7777900909738809,0.0939583082356769
2163,8,162,0.6357777777777778,14305,0.6357777777777778,0.7796902855593882,0.09738003489197858
2164,8,163,0.6379555555555556,14354,0.6379555555555556,0.7797386184646071,0.0954688341581767
2165,8,164,0.6393777777777778,14386,0.6393777777777778,0.7818440582252975,0.09349111277703356
2166,8,165,0.6376888888888889,14348,0.6376888888888889,0.7779155492647669,0.09520315000091618
2167,8,166,0.6426666666666667,14460,0.6426666666666667,0.7805935513677722,0.09415720383064796
2168,8,167,0.6383111111111112,14362,0.6383111111111112,0.7798840999841011,0.09528778774085352
2169,8,168,0.6401333333333333,14403,0.6401333333333333,0.7810479612945307,0.09368921015751164
2170,8,169,0.6354222222222222,14297,0.6354222222222222,0.7799220682492407,0.09841833141844782
2171,8,170,0.6375555555555555,14345,0.6375555555555555,0.7783563693375628,0.09524237540284687
2172,8,171,0.6346666666666667,14280,0.6346666666666667,0.7788053570731897,0.09312369609464004
2173,8,172,0.6371555555555556,14336,0.6371555555555556,0.7813185702282798,0.09510531510857782
2174,8,173,0.6331111111111111,14245,0.6331111111111111,0.7804373990789935,0.0986251376169778
2175,8,174,0.6338222222222222,14261,0.6338222222222222,0.778000172500873,0.09403761161753783
2176,8,175,0.6344,14274,0.6344,0.7731718690881354,0.09375501481890708
2177,8,176,0.6383111111111112,14362,0.6383111111111112,0.781230484384711,0.09528507537954622
2178,8,177,0.6365333333333333,14322,0.6365333333333333,0.781585213656954,0.09394908499538808
2179,8,178,0.6324444444444445,14230,0.6324444444444445,0.7723931794377231,0.09392616379660962
2180,8,179,0.6418222222222222,14441,0.6418222222222222,0.7853753981296844,0.09551102446997138
2181,8,180,0.6369333333333334,14331,0.6369333333333334,0.7810800529404689,0.0963018187429143
2182,8,181,0.6334222222222222,14252,0.6334222222222222,0.7759931186726875,0.0965224026647119
2183,8,182,0.6351111111111111,14290,0.6351111111111111,0.779751391330444,0.09529393618970809
2184,8,183,0.6370666666666667,14334,0.6370666666666667,0.7840222797377322,0.09774701595215056
2185,8,184,0.6336,14256,0.6336,0.7767913291294165,0.09461356005846613
2186,8,185,0.6334222222222222,14252,0.6334222222222222,0.7754403636739262,0.09400607463393118
2187,8,186,0.6404888888888889,14411,0.6404888888888889,0.7764014656134453,0.09192535716161497
2188,8,187,0.6364,14319,0.6364,0.78092926275837,0.09576486450233482
2189,8,188,0.6349777777777778,14287,0.6349777777777778,0.7779263898352136,0.09706203535407712
2190,8,189,0.6348444444444444,14284,0.6348444444444444,0.7792515568631307,0.09474560963916254
2191,8,190,0.6366666666666667,14325,0.6366666666666667,0.7826687384787184,0.0969588228656567
2192,8,191,0.6393777777777778,14386,0.6393777777777778,0.783421334240514,0.09479011414258932
2193,8,192,0.6392444444444444,14383,0.6392444444444444,0.7840987523619136,0.09618346635394923
2194,8,193,0.638,14355,0.638,0.779384758071854,0.09344049039306838
2195,8,194,0.6399111111111111,14398,0.6399111111111111,0.7826263800883598,0.0962268553302727
2196,8,195,0.6342666666666666,14271,0.6342666666666666,0.7736542475238014,0.09389930528262408
2197,8,196,0.6371111111111111,14335,0.6371111111111111,0.7784169381803406,0.09283243260348983
2198,8,197,0.6416444444444445,14437,0.6416444444444445,0.7833735436875376,0.09206904547909658
2199,8,198,0.6347111111111111,14281,0.6347111111111111,0.7719976733147488,0.09166327511676772
2200,8,199,0.6377777777777778,14350,0.6377777777777778,0.7786360236316615,0.09216511132697522
2201,8,200,0.6377777777777778,14350,0.6377777777777778,0.779433953141535,0.09777138065092061
2202,8,201,0.6346222222222222,14279,0.6346222222222222,0.7796748982799032,0.09591934903347109
2203,8,202,0.6373777777777778,14341,0.6373777777777778,0.776037420744528,0.09048788422295687
2204,8,203,0.6343555555555556,14273,0.6343555555555556,0.7814684573188807,0.09744511726939106
2205,8,204,0.6389777777777778,14377,0.6389777777777778,0.7821057083271493,0.09611002599072331
2206,8,205,0.6341333333333333,14268,0.6341333333333333,0.7786946522604423,0.09356336351951532
2207,8,206,0.6402666666666667,14406,0.6402666666666667,0.7784214600219431,0.09385043793934186
2208,8,207,0.6360444444444444,14311,0.6360444444444444,0.7808580367889543,0.09556855573366367
2209,8,208,0.6370222222222223,14333,0.6370222222222223,0.7805779861614109,0.0960154931440889
2210,8,209,0.6341777777777777,14269,0.6341777777777777,0.7764580570983092,0.09509168621413175
2211,8,210,0.6337333333333334,14259,0.6337333333333334,0.7730539483061574,0.09188899455839857
2212,8,211,0.6434666666666666,14478,0.6434666666666666,0.7827572748060185,0.09125378067066706
2213,8,212,0.6373333333333333,14340,0.6373333333333333,0.7810181068328123,0.09359394291405243
2214,8,213,0.6414222222222222,14432,0.6414222222222222,0.7755962372125832,0.08733911811894733
2215,8,214,0.6372444444444444,14338,0.6372444444444444,0.781323222309899,0.09799138435147121
2216,8,215,0.6384,14364,0.6384,0.7773194801976483,0.09314340982552156
2217,8,216,0.6349333333333333,14286,0.6349333333333333,0.7816044394505106,0.09792918540425183
2218,8,217,0.6393333333333333,14385,0.6393333333333333,0.7819493179565737,0.09617935269862574
2219,8,218,0.6331555555555556,14246,0.6331555555555556,0.7762718738771621,0.09804752064183475
2220,8,219,0.6401777777777777,14404,0.6401777777777777,0.7782962477009637,0.0910603923901779
2221,8,220,0.6374222222222222,14342,0.6374222222222222,0.7775985105393426,0.09498222019552839
2222,8,221,0.6371555555555556,14336,0.6371555555555556,0.7799377191975096,0.09299599696285793
2223,8,222,0.6385333333333333,14367,0.6385333333333333,0.7858428479099915,0.09844112783297702
2224,8,223,0.6368,14328,0.6368,0.7793878745470819,0.09465679689479502
2225,8,224,0.6385333333333333,14367,0.6385333333333333,0.7780366705823283,0.09303672412159375
2226,8,225,0.6380444444444444,14356,0.6380444444444444,0.7808097993452187,0.09488555498942534
2227,8,226,0.6391111111111111,14380,0.6391111111111111,0.7810983671130276,0.09540674524714211
2228,8,227,0.6342222222222222,14270,0.6342222222222222,0.7772039234986524,0.09532480963697831
2229,8,228,0.6356,14301,0.6356,0.783955674380475,0.09815654894626594
2230,8,229,0.6390666666666667,14379,0.6390666666666667,0.7806798154419012,0.09505275591100336
2231,8,230,0.6374222222222222,14342,0.6374222222222222,0.7805258967836753,0.09612220732188906
2232,8,231,0.6400888888888889,14402,0.6400888888888889,0.7803171345368272,0.0927490771011507
2233,8,232,0.6381333333333333,14358,0.6381333333333333,0.7778435430150556,0.09311145390214841
2234,8,233,0.6320888888888889,14222,0.6320888888888889,0.7713385984454898,0.09425303733565164
2235,8,234,0.6397333333333334,14394,0.6397333333333334,0.7799933958338481,0.09376918402406155
2236,8,235,0.6401777777777777,14404,0.6401777777777777,0.7831211832885223,0.09571850573504143
2237,8,236,0.6355555555555555,14300,0.6355555555555555,0.7814424179869751,0.09470138631519998
2238,8,237,0.6364444444444445,14320,0.6364444444444445,0.7755867652397308,0.09184871796201736
2239,8,238,0.6333777777777778,14251,0.6333777777777778,0.7773756510013727,0.09544742603022893
2240,8,239,0.6422222222222222,14450,0.6422222222222222,0.7818943837785093,0.08996034144059226
2241,8,240,0.6363111111111112,14317,0.6363111111111112,0.7796139026677705,0.0942859670038061
2242,8,241,0.6425777777777778,14458,0.6425777777777778,0.7843419320096672,0.09355816932710004
2243,8,242,0.6374666666666666,14343,0.6374666666666666,0.7770432523408988,0.09531460048252653
2244,8,243,0.6372888888888889,14339,0.6372888888888889,0.7800527528066147,0.09426066222450749
2245,8,244,0.6430222222222223,14468,0.6430222222222223,0.784757158652843,0.09367957103980779
2246,8,245,0.6309333333333333,14196,0.6309333333333333,0.7752072127533577,0.09887608522854441
2247,8,246,0.6373333333333333,14340,0.6373333333333333,0.7809550203194754,0.0959367889794665
2248,8,247,0.6383555555555556,14363,0.6383555555555556,0.7791066054621937,0.09458253130752647
2249,8,248,0.6392888888888889,14384,0.6392888888888889,0.7795770061012115,0.09525084552661074
2250,8,249,0.6353333333333333,14295,0.6353333333333333,0.7788843795733668,0.09499585271179109
2251,8,250,0.6348444444444444,14284,0.6348444444444444,0.7790617427124956,0.09613638313848859
2252,8,251,0.6426222222222222,14459,0.6426222222222222,0.7845493521782407,0.0946701083281958
2253,8,252,0.6363555555555556,14318,0.6363555555555556,0.7798731824043602,0.0957245093700962
2254,8,253,0.6376444444444445,14347,0.6376444444444445,0.7801806210512052,0.09642981048485552
2255,8,254,0.6368,14328,0.6368,0.7765879353006803,0.09480988076161499
2256,8,255,0.6379111111111111,14353,0.6379111111111111,0.780617825618768,0.09561050214200847
2257,8,256,0.6345777777777778,14278,0.6345777777777778,0.7797378645752541,0.09741208390217503
2258,8,257,0.6372888888888889,14339,0.6372888888888889,0.7803522997206809,0.09310138699984294
2259,8,258,0.6336444444444445,14257,0.6336444444444445,0.7752566657885872,0.09634264374236144
2260,8,259,0.6315555555555555,14210,0.6315555555555555,0.7720790357471026,0.09446018203214297
2261,8,260,0.6342666666666666,14271,0.6342666666666666,0.7755191473088382,0.0957590188185912
2262,8,261,0.6423111111111112,14452,0.6423111111111112,0.7809030291372362,0.09056735177476342
2263,8,262,0.6372,14337,0.6372,0.7817257736553889,0.0966614469708402
2264,8,263,0.6392,14382,0.6392,0.7798513925031518,0.0948422377553049
2265,8,264,0.6377777777777778,14350,0.6377777777777778,0.7812787456349976,0.09778470509770315
2266,8,265,0.6394222222222222,14387,0.6394222222222222,0.7810517192225118,0.09328663434539884
2267,8,266,0.6368,14328,0.6368,0.7790154219105992,0.09643663229419434
2268,8,267,0.6378222222222222,14351,0.6378222222222222,0.7815370848183993,0.09612779900871844
2269,8,268,0.6364444444444445,14320,0.6364444444444445,0.7773913427887504,0.0950575315088278
2270,8,269,0.6388,14373,0.6388,0.7761797717408996,0.09366481653379274
2271,8,270,0.6397777777777778,14395,0.6397777777777778,0.7814259221370539,0.09511580150316838
2272,8,271,0.6376888888888889,14348,0.6376888888888889,0.7826771341114356,0.09553927949283955
2273,8,272,0.6407111111111111,14416,0.6407111111111111,0.7774047893139634,0.08877854847080248
2274,8,273,0.6399555555555556,14399,0.6399555555555556,0.7777255085809278,0.09348942482539022
2275,8,274,0.6402222222222222,14405,0.6402222222222222,0.7844392697213373,0.09492949950120294
2276,8,275,0.6384,14364,0.6384,0.7810308807477003,0.09525099015729215
2277,8,276,0.6397333333333334,14394,0.6397333333333334,0.7776928976469503,0.08867509361665421
2278,8,277,0.6372444444444444,14338,0.6372444444444444,0.7844393119709273,0.096929748545621
2279,8,278,0.6422222222222222,14450,0.6422222222222222,0.7835831784133616,0.09266504725523424
2280,8,279,0.6414666666666666,14433,0.6414666666666666,0.7820705161647855,0.09410451210381421
2281,8,280,0.6364444444444445,14320,0.6364444444444445,0.7776356852769764,0.09333804488837645
2282,8,281,0.6417777777777778,14440,0.6417777777777778,0.7802593479614092,0.0910821619334436
2283,8,282,0.6430666666666667,14469,0.6430666666666667,0.7823240581126436,0.09622654409329832
2284,8,283,0.6355555555555555,14300,0.6355555555555555,0.7814344430626237,0.09597564427566053
2285,8,284,0.6352444444444444,14293,0.6352444444444444,0.7767346184769511,0.09313350528507705
2286,8,285,0.6384,14364,0.6384,0.7771974408201767,0.09033020986128876
2287,8,286,0.6334222222222222,14252,0.6334222222222222,0.7749076707575765,0.09533371967364283
2288,8,287,0.6359111111111111,14308,0.6359111111111111,0.7749663412725407,0.09265974275473238
2289,8,288,0.6364444444444445,14320,0.6364444444444445,0.7801689229765129,0.09545957775582639
2290,8,289,0.6372,14337,0.6372,0.7823057495120096,0.09574181806047413
2291,8,290,0.6397777777777778,14395,0.6397777777777778,0.7810971676292121,0.09547226169731128
2292,8,291,0.636,14310,0.636,0.7787259552239832,0.09441669129151191
2293,8,292,0.6414666666666666,14433,0.6414666666666666,0.782377565410304,0.092071436362508
2294,8,293,0.6369777777777778,14332,0.6369777777777778,0.7775915079618233,0.09244711990551066
2295,8,294,0.6412,14427,0.6412,0.7808780377172766,0.09612711088578242
2296,8,295,0.6325333333333333,14232,0.6325333333333333,0.7791430532832335,0.09650405350940522
2297,8,296,0.6360444444444444,14311,0.6360444444444444,0.780718241151364,0.09451195433874578
2298,8,297,0.6366666666666667,14325,0.6366666666666667,0.7784567682405392,0.09619545819304381
2299,8,298,0.638,14355,0.638,0.7807197650375021,0.09678575468983072
2300,8,299,0.6337777777777778,14260,0.6337777777777778,0.7728017903235717,0.0936903992553382
2301,8,300,0.6417333333333334,14439,0.6417333333333334,0.7820413141692661,0.09391998986257061
2302,8,301,0.6360444444444444,14311,0.6360444444444444,0.7743510268678475,0.09336842044192613
2303,8,302,0.6383555555555556,14363,0.6383555555555556,0.7805589330608975,0.09466819904523441
2304,8,303,0.6368444444444444,14329,0.6368444444444444,0.7783311634941269,0.09355640709667179
2305,8,304,0.6396888888888889,14393,0.6396888888888889,0.7794309300721829,0.09408284501418067
2306,8,305,0.6404888888888889,14411,0.6404888888888889,0.7819534347653905,0.09539187650502588
2307,8,306,0.6397777777777778,14395,0.6397777777777778,0.7774086192825879,0.09294752425546615
2308,8,307,0.6344444444444445,14275,0.6344444444444445,0.7726505325348347,0.09378085489361299
2309,8,308,0.6327555555555555,14237,0.6327555555555555,0.7795010692724428,0.09800835855775715
2310,8,309,0.6397333333333334,14394,0.6397333333333334,0.7818386669341059,0.09454634389007717
2311,8,310,0.6364444444444445,14320,0.6364444444444445,0.7784799490382291,0.09322961226153022
2312,8,311,0.6374222222222222,14342,0.6374222222222222,0.7801104883929522,0.0935455572094329
2313,8,312,0.6341333333333333,14268,0.6341333333333333,0.7767552240433114,0.09601578918811274
2314,8,313,0.6354222222222222,14297,0.6354222222222222,0.7761148182389771,0.09296508259094578
2315,8,314,0.6418222222222222,14441,0.6418222222222222,0.7838792941637348,0.09535857720017832
2316,8,315,0.6355111111111111,14299,0.6355111111111111,0.7792213418897883,0.09707368970463653
2317,8,316,0.6367555555555555,14327,0.6367555555555555,0.78197792572505,0.09496736967343401
2318,8,317,0.6381777777777777,14359,0.6381777777777777,0.7827958846411582,0.09368029676128152
2319,8,318,0.6408888888888888,14420,0.6408888888888888,0.7823116324421786,0.0944515618696764
2320,8,319,0.6375111111111111,14344,0.6375111111111111,0.7840225243490936,0.09719267102447414
2321,8,320,0.6441333333333333,14493,0.6441333333333333,0.7842425338301049,0.09404599090582949
2322,8,321,0.6348888888888888,14285,0.6348888888888888,0.7744642171305721,0.09118900931067897
2323,8,322,0.6360888888888889,14312,0.6360888888888889,0.781409847898262,0.09494796523101551
2324,8,323,0.6407555555555555,14417,0.6407555555555555,0.785144155818974,0.0939622263852812
2325,8,324,0.644,14490,0.644,0.7855999131951943,0.09340496637687543
2326,8,325,0.6364444444444445,14320,0.6364444444444445,0.782323243671752,0.09570166460054615
2327,8,326,0.6382666666666666,14361,0.6382666666666666,0.7818838234412511,0.09400393205648346
2328,8,327,0.6357333333333334,14304,0.6357333333333334,0.7788734795952572,0.09155015663745304
2329,8,328,0.6344,14274,0.6344,0.7783703977373048,0.09516211004598196
2330,8,329,0.6402666666666667,14406,0.6402666666666667,0.7853656379514921,0.09543764902074785
2331,8,330,0.6396888888888889,14393,0.6396888888888889,0.7843792620479115,0.09490770663695267
2332,8,331,0.6359555555555556,14309,0.6359555555555556,0.7782256067594524,0.09387136210641267
2333,8,332,0.6395555555555555,14390,0.6395555555555555,0.783185192249666,0.099163656632258
2334,8,333,0.6358222222222222,14306,0.6358222222222222,0.7757490112188022,0.09515275635377933
2335,8,334,0.6354666666666666,14298,0.6354666666666666,0.7810187164155709,0.09502544115306216
2336,8,335,0.6384888888888889,14366,0.6384888888888889,0.7785575148350499,0.09339365763534169
2337,8,336,0.6384,14364,0.6384,0.7825108303962397,0.09519674460993519
2338,8,337,0.6368444444444444,14329,0.6368444444444444,0.7751701297338969,0.09428346073025695
2339,8,338,0.6385333333333333,14367,0.6385333333333333,0.7785932729644877,0.09281719872149383
2340,8,339,0.6392,14382,0.6392,0.7827847858749787,0.09337738495036502
2341,8,340,0.6382222222222222,14360,0.6382222222222222,0.7824464239127131,0.09463547560116607
2342,8,341,0.6381777777777777,14359,0.6381777777777777,0.780028372216078,0.09523782311017927
2343,8,342,0.6412888888888889,14429,0.6412888888888889,0.7818063651295205,0.09269847147778494
2344,8,343,0.6378222222222222,14351,0.6378222222222222,0.7801932312849247,0.0964951394938515
2345,8,344,0.6344,14274,0.6344,0.7751500654951727,0.09254968629253697
2346,8,345,0.6368444444444444,14329,0.6368444444444444,0.7821453053562613,0.09511526182951235
2347,8,346,0.6426666666666667,14460,0.6426666666666667,0.7846663987537122,0.09439725206131414
2348,8,347,0.6375111111111111,14344,0.6375111111111111,0.7817040872591211,0.09537501899660422
2349,8,348,0.6401333333333333,14403,0.6401333333333333,0.7847570447914901,0.09470426705906106
2350,8,349,0.6414666666666666,14433,0.6414666666666666,0.7848951278101143,0.09624271035889688
2351,8,350,0.6388,14373,0.6388,0.7800530783258476,0.09415950932095875
2352,8,351,0.6386666666666667,14370,0.6386666666666667,0.7792994344595124,0.09498286372367135
2353,8,352,0.6383555555555556,14363,0.6383555555555556,0.7779047451322512,0.0946784563721987
2354,8,353,0.6377777777777778,14350,0.6377777777777778,0.7799653683393774,0.09675558135342226
2355,8,354,0.6434666666666666,14478,0.6434666666666666,0.7850100561652683,0.09575429326150982
2356,8,355,0.6445333333333333,14502,0.6445333333333333,0.7858780205637645,0.09445395850112322
2357,8,356,0.636,14310,0.636,0.7802137091596427,0.09594282396415642
2358,8,357,0.6379111111111111,14353,0.6379111111111111,0.7840674784741233,0.09692904332922954
2359,8,358,0.6408,14418,0.6408,0.7850043877866294,0.09796754205480196
2360,8,359,0.6374666666666666,14343,0.6374666666666666,0.781414114674076,0.09525499061621627
2361,8,360,0.6367111111111111,14326,0.6367111111111111,0.7824122138267741,0.09621593707825263
2362,8,361,0.6343555555555556,14273,0.6343555555555556,0.7773707938470747,0.09802945170139725
2363,8,362,0.6397777777777778,14395,0.6397777777777778,0.7839845332897912,0.09552673562495666
2364,8,363,0.6409333333333334,14421,0.6409333333333334,0.7844343723162458,0.09291707627973476
2365,8,364,0.6403111111111112,14407,0.6403111111111112,0.7835221561447564,0.093004316652194
2366,8,365,0.6389777777777778,14377,0.6389777777777778,0.7802345323411763,0.09527309961375369
2367,8,366,0.6406666666666667,14415,0.6406666666666667,0.7824562957314375,0.09314319236706807
2368,8,367,0.6397333333333334,14394,0.6397333333333334,0.7811256157262284,0.09491517479130793
2369,8,368,0.6368444444444444,14329,0.6368444444444444,0.7768655643179574,0.09348098849308689
2370,8,369,0.6440888888888889,14492,0.6440888888888889,0.78327107539209,0.09581198550619398
2371,8,370,0.6366666666666667,14325,0.6366666666666667,0.7796235270575914,0.09655911400307632
2372,8,371,0.6371555555555556,14336,0.6371555555555556,0.7816323910780996,0.09502415748577411
2373,8,372,0.6366222222222222,14324,0.6366222222222222,0.781786323334724,0.09814243000858223
2374,8,373,0.6372888888888889,14339,0.6372888888888889,0.7814502556359989,0.09573483467017012
2375,8,374,0.6369333333333334,14331,0.6369333333333334,0.7795453059553707,0.09361889038733187
2376,8,375,0.6389333333333334,14376,0.6389333333333334,0.7820611786826923,0.09570245945881087
2377,8,376,0.6383111111111112,14362,0.6383111111111112,0.7819041128140121,0.09562585469250579
2378,8,377,0.6351111111111111,14290,0.6351111111111111,0.7820151732213105,0.09717688170457517
2379,8,378,0.6370222222222223,14333,0.6370222222222223,0.7782945095752121,0.09418315815399923
2380,8,379,0.6382222222222222,14360,0.6382222222222222,0.7791640696011666,0.09668175105919934
2381,8,380,0.6403555555555556,14408,0.6403555555555556,0.779454305996881,0.09376559688046784
2382,8,381,0.6390666666666667,14379,0.6390666666666667,0.7823409493700179,0.09297019895847959
2383,8,382,0.6354222222222222,14297,0.6354222222222222,0.7763911685338047,0.0937232448688386
2384,8,383,0.6371111111111111,14335,0.6371111111111111,0.7777402800230527,0.09085989352981695
2385,8,384,0.6345333333333333,14277,0.6345333333333333,0.7781457419045409,0.09626072337944112
2386,8,385,0.6352888888888889,14294,0.6352888888888889,0.7789881428727514,0.09854510626876188
2387,8,386,0.6352,14292,0.6352,0.7844435135315826,0.098397582986965
2388,8,387,0.6393333333333333,14385,0.6393333333333333,0.7802962478393637,0.09570923198563853
2389,8,388,0.6348888888888888,14285,0.6348888888888888,0.7793081395714334,0.0960751168305312
2390,8,389,0.6353777777777778,14296,0.6353777777777778,0.7810769634384708,0.09663385006341557
2391,8,390,0.6326222222222222,14234,0.6326222222222222,0.7738207745148347,0.09501191014216698
2392,8,391,0.6411555555555556,14426,0.6411555555555556,0.7856403431280726,0.09635298492334883
2393,8,392,0.6352,14292,0.6352,0.7833320988738088,0.09583775196097398
2394,8,393,0.6363555555555556,14318,0.6363555555555556,0.7777477718198665,0.09484182679523193
2395,8,394,0.6387555555555555,14372,0.6387555555555555,0.7792191623537132,0.09478058892147513
2396,8,395,0.6309333333333333,14196,0.6309333333333333,0.7730312592392422,0.09610235580703821
2397,8,396,0.6368888888888888,14330,0.6368888888888888,0.7841745786709895,0.09719105659591908
2398,8,397,0.6380444444444444,14356,0.6380444444444444,0.7827290274664963,0.09649989989144833
2399,8,398,0.6386666666666667,14370,0.6386666666666667,0.781545797569982,0.09427444192295277
2400,8,399,0.6360888888888889,14312,0.6360888888888889,0.781307075241211,0.09867605232789461
2401,8,400,0.6362222222222222,14315,0.6362222222222222,0.7769473797144254,0.09250904696023075
2402,8,401,0.6348888888888888,14285,0.6348888888888888,0.7793450774576292,0.09582153290188568
2403,8,402,0.6319111111111111,14218,0.6319111111111111,0.7766110513587766,0.09626702166675266
2404,8,403,0.6347111111111111,14281,0.6347111111111111,0.7771198393878387,0.09853159703571192
2405,8,404,0.6400444444444444,14401,0.6400444444444444,0.7846776292544236,0.09564020371381865
2406,8,405,0.6376444444444445,14347,0.6376444444444445,0.778642535947284,0.09443945317937559
2407,8,406,0.6347555555555555,14282,0.6347555555555555,0.7744590622877964,0.09547366672799724
2408,8,407,0.6402222222222222,14405,0.6402222222222222,0.7869941888327227,0.09662838992941454
2409,8,408,0.6398666666666667,14397,0.6398666666666667,0.7834635210756729,0.09778101604107103
2410,8,409,0.64,14400,0.64,0.7802684511302211,0.09490084212164561
2411,8,410,0.6389333333333334,14376,0.6389333333333334,0.7868289465689721,0.09555522587073688
2412,8,411,0.6396444444444445,14392,0.6396444444444445,0.7841967965463317,0.09592928471849822
2413,8,412,0.6347555555555555,14282,0.6347555555555555,0.7762623431196081,0.09112023210952289
2414,8,413,0.6406666666666667,14415,0.6406666666666667,0.7885529881351026,0.09852274439763295
2415,8,414,0.6372,14337,0.6372,0.7788414484915283,0.09370066522166272
2416,8,415,0.6386222222222222,14369,0.6386222222222222,0.7809465544432028,0.09397303180549069
2417,8,416,0.6376444444444445,14347,0.6376444444444445,0.7808028471365859,0.09484466331887542
2418,8,417,0.6357777777777778,14305,0.6357777777777778,0.7781698258109071,0.09470484009124328
2419,8,418,0.6389333333333334,14376,0.6389333333333334,0.7819041477102925,0.09732743438745632
2420,8,419,0.6348888888888888,14285,0.6348888888888888,0.7786939162261124,0.09269009881149447
2421,8,420,0.6325777777777778,14233,0.6325777777777778,0.7749928935788283,0.09573896925361881
2422,8,421,0.6364888888888889,14321,0.6364888888888889,0.7817906438450105,0.09506737557750275
2423,8,422,0.6346222222222222,14279,0.6346222222222222,0.7747199102851655,0.09425158593285309
2424,8,423,0.6362666666666666,14316,0.6362666666666666,0.7825451401381959,0.09732793291219587
2425,8,424,0.6389777777777778,14377,0.6389777777777778,0.7812162361409555,0.09493701048631117
2426,8,425,0.6364888888888889,14321,0.6364888888888889,0.7779398706534557,0.09613012568811778
2427,8,426,0.6341333333333333,14268,0.6341333333333333,0.7720372588280159,0.09377486423080864
2428,8,427,0.6414666666666666,14433,0.6414666666666666,0.7870150445170009,0.09506615401101215
2429,8,428,0.638,14355,0.638,0.7813199239230193,0.09568293370662453
2430,8,429,0.6400444444444444,14401,0.6400444444444444,0.7801475498755667,0.09433766253084432
2431,8,430,0.6318222222222222,14216,0.6318222222222222,0.7790329778374655,0.09983132921727748
2432,8,431,0.6369333333333334,14331,0.6369333333333334,0.7800323011064495,0.09500113294275395
2433,8,432,0.6349333333333333,14286,0.6349333333333333,0.7797070767034933,0.09678056478768245
2434,8,433,0.6358666666666667,14307,0.6358666666666667,0.7784658975403557,0.09397974935997506
2435,8,434,0.6411111111111111,14425,0.6411111111111111,0.7822750904253214,0.09621486397256691
2436,8,435,0.6335111111111111,14254,0.6335111111111111,0.7744170565041141,0.0948469936855961
2437,8,436,0.6350666666666667,14289,0.6350666666666667,0.7806757761714909,0.09639644859354293
2438,8,437,0.6389333333333334,14376,0.6389333333333334,0.7796395394056488,0.09550021306548655
2439,8,438,0.6370222222222223,14333,0.6370222222222223,0.7801289309293477,0.09629132435601886
2440,8,439,0.6341777777777777,14269,0.6341777777777777,0.7761682181908547,0.09741309956077407
2441,8,440,0.6390666666666667,14379,0.6390666666666667,0.7786849859171581,0.09389828132702495
2442,8,441,0.6378666666666667,14352,0.6378666666666667,0.776603743330506,0.0922617826396159
2443,8,442,0.6371555555555556,14336,0.6371555555555556,0.7781797776150906,0.0937171670034122
2444,8,443,0.6377333333333334,14349,0.6377333333333334,0.7789243603016333,0.09370019555555455
2445,8,444,0.6370222222222223,14333,0.6370222222222223,0.7757620582633358,0.09164906612629817
2446,8,445,0.6336888888888889,14258,0.6336888888888889,0.7789174560694057,0.09497519074536487
2447,8,446,0.64,14400,0.64,0.7801230235907008,0.09366240997075932
2448,8,447,0.6352888888888889,14294,0.6352888888888889,0.7798983206222581,0.0974556683178951
2449,8,448,0.6390666666666667,14379,0.6390666666666667,0.7811620935804949,0.0921687533549331
2450,8,449,0.6368888888888888,14330,0.6368888888888888,0.7816519956427834,0.09843244898244659
2451,8,450,0.6372888888888889,14339,0.6372888888888889,0.7814265958488824,0.09715046419522916
2452,8,451,0.6416444444444445,14437,0.6416444444444445,0.785082468282072,0.09547434544943088
2453,8,452,0.6352444444444444,14293,0.6352444444444444,0.7763421665480875,0.09285415407140918
2454,8,453,0.6344,14274,0.6344,0.7790970667264582,0.09655171685162744
2455,8,454,0.6332888888888889,14249,0.6332888888888889,0.777375748524775,0.09644458383558184
2456,8,455,0.6384,14364,0.6384,0.7834796492486091,0.0959490641758321
2457,8,456,0.6311111111111111,14200,0.6311111111111111,0.7729161733283094,0.09479004185534076
2458,8,457,0.6368444444444444,14329,0.6368444444444444,0.7765561047848873,0.09421754656055577
2459,8,458,0.6381333333333333,14358,0.6381333333333333,0.7829135016738931,0.09612844415199782
2460,8,459,0.6363111111111112,14317,0.6363111111111112,0.7801200276722463,0.09603939162405291
2461,8,460,0.6353777777777778,14296,0.6353777777777778,0.7770091316724941,0.09383474851628056
2462,8,461,0.6364,14319,0.6364,0.7774181396442308,0.094202597645472
2463,8,462,0.6395555555555555,14390,0.6395555555555555,0.777199807094279,0.09117997406390294
2464,8,463,0.6363111111111112,14317,0.6363111111111112,0.7814460040195678,0.09728453546821801
2465,8,464,0.6317333333333334,14214,0.6317333333333334,0.7786016704546941,0.09980352443026326
2466,8,465,0.6348888888888888,14285,0.6348888888888888,0.7819940213469406,0.09805445899677669
2467,8,466,0.6388444444444444,14374,0.6388444444444444,0.7833618733102155,0.0964183906119829
2468,8,467,0.6329333333333333,14241,0.6329333333333333,0.7760098535031127,0.09531986629417309
2469,8,468,0.6304,14184,0.6304,0.7772096710911882,0.09775631872446888
2470,8,469,0.6345777777777778,14278,0.6345777777777778,0.7751455024003858,0.09334209307797241
2471,8,470,0.6409777777777778,14422,0.6409777777777778,0.7813189703627127,0.09457784794913113
2472,8,471,0.6372444444444444,14338,0.6372444444444444,0.7753333183650047,0.09190103268043114
2473,8,472,0.6352,14292,0.6352,0.7819082274550434,0.09947350776516481
2474,8,473,0.6344888888888889,14276,0.6344888888888889,0.7800186406860833,0.09572582113151659
2475,8,474,0.6345777777777778,14278,0.6345777777777778,0.7792243934144681,0.09268591738201154
2476,8,475,0.6354222222222222,14297,0.6354222222222222,0.7778019545564977,0.09473245625537982
2477,8,476,0.6360444444444444,14311,0.6360444444444444,0.7817822745194165,0.09812077156673897
2478,8,477,0.6371111111111111,14335,0.6371111111111111,0.780570966206299,0.09236982352858948
2479,8,478,0.6408888888888888,14420,0.6408888888888888,0.7792213323440705,0.09126699513325714
2480,8,479,0.6372888888888889,14339,0.6372888888888889,0.7764004722584934,0.09180386226934975
2481,8,480,0.6358666666666667,14307,0.6358666666666667,0.7791845030347796,0.0930961321489783
2482,8,481,0.6348444444444444,14284,0.6348444444444444,0.7794854048827555,0.09515009805410421
2483,8,482,0.6348888888888888,14285,0.6348888888888888,0.7771338216434451,0.09515013729726364
2484,8,483,0.6366222222222222,14324,0.6366222222222222,0.7804326386718559,0.09519799863117163
2485,8,484,0.6396444444444445,14392,0.6396444444444445,0.7849525897321157,0.0954627574585772
2486,8,485,0.6367555555555555,14327,0.6367555555555555,0.7796881580657389,0.0969139685401736
2487,8,486,0.6370222222222223,14333,0.6370222222222223,0.7805555550819673,0.09525036245576368
2488,8,487,0.6422666666666667,14451,0.6422666666666667,0.7848643634436435,0.09521341219470737
2489,8,488,0.6437777777777778,14485,0.6437777777777778,0.787968908973359,0.09586836778820122
2490,8,489,0.6369333333333334,14331,0.6369333333333334,0.7784368745590131,0.09296281331486637
2491,8,490,0.6363555555555556,14318,0.6363555555555556,0.776855455508217,0.09398849255698757
2492,8,491,0.6422222222222222,14450,0.6422222222222222,0.784859096374878,0.09404044267148588
2493,8,492,0.6377777777777778,14350,0.6377777777777778,0.7786738470269374,0.09310125599802266
2494,8,493,0.6315555555555555,14210,0.6315555555555555,0.7783739754426987,0.09581342081431894
2495,8,494,0.6388444444444444,14374,0.6388444444444444,0.7781374933570236,0.09349309309521975
2496,8,495,0.6316444444444445,14212,0.6316444444444445,0.7760329082136906,0.09464012186221034
2497,8,496,0.6370666666666667,14334,0.6370666666666667,0.7831813544254511,0.09531646916990044
2498,8,497,0.6368444444444444,14329,0.6368444444444444,0.7806028157463637,0.09623563173297674
2499,8,498,0.638,14355,0.638,0.7807284041080803,0.09734329953382163
2500,8,499,0.6385333333333333,14367,0.6385333333333333,0.7831206210213189,0.09698424653923879
